{"v":"5.7.8","fr":60,"ip":0,"op":192,"w":500,"h":500,"nm":"Comp 1","ddd":0,"assets":[{"id":"comp_0","layers":[{"ddd":0,"ind":1,"ty":3,"nm":"Shape Layer 1: Path 1 [1.1.0]","cl":"1 0","sr":1,"ks":{"o":{"a":0,"k":0,"ix":11},"r":{"a":1,"k":[{"i":{"x":[0.833],"y":[1]},"o":{"x":[0.333],"y":[0]},"t":-60,"s":[5]},{"i":{"x":[0.833],"y":[1]},"o":{"x":[0.167],"y":[0]},"t":-12.028,"s":[-5]},{"t":35.94140625,"s":[5]}],"ix":10,"x":"var $bm_rt;\n$bm_rt = loopOut();"},"p":{"a":0,"k":[540,268,0],"ix":2,"l":2},"a":{"a":0,"k":[0,0,0],"ix":1,"l":2},"s":{"a":0,"k":[100,100,100],"ix":6,"l":2}},"ao":0,"ip":0,"op":96,"st":-57.6,"bm":0},{"ddd":0,"ind":2,"ty":3,"nm":"Shape Layer 1: Path 1 [1.1.1]","cl":"1 1","parent":1,"sr":1,"ks":{"o":{"a":0,"k":0,"ix":11},"r":{"a":1,"k":[{"i":{"x":[0.833],"y":[1]},"o":{"x":[0.333],"y":[0]},"t":-48,"s":[40]},{"i":{"x":[0.833],"y":[1]},"o":{"x":[0.167],"y":[0]},"t":-0.028,"s":[-40]},{"t":47.94140625,"s":[40]}],"ix":10,"x":"var $bm_rt;\n$bm_rt = loopOut();"},"p":{"a":0,"k":[0.998,92.071,0],"ix":2,"l":2},"a":{"a":0,"k":[0,0,0],"ix":1,"l":2},"s":{"a":0,"k":[100,100,100],"ix":6,"l":2}},"ao":0,"ip":0,"op":96,"st":-60,"bm":0},{"ddd":0,"ind":3,"ty":3,"nm":"Shape Layer 1: Path 1 [1.1.2]","cl":"1 2","parent":2,"sr":1,"ks":{"o":{"a":0,"k":0,"ix":11},"r":{"a":1,"k":[{"i":{"x":[0.833],"y":[1]},"o":{"x":[0.333],"y":[0]},"t":-36,"s":[40]},{"i":{"x":[0.833],"y":[1]},"o":{"x":[0.167],"y":[0]},"t":11.972,"s":[-40]},{"t":59.94375,"s":[40]}],"ix":10,"x":"var $bm_rt;\n$bm_rt = loopOut();"},"p":{"a":0,"k":[0,96,0],"ix":2,"l":2},"a":{"a":0,"k":[0,0,0],"ix":1,"l":2},"s":{"a":0,"k":[100,100,100],"ix":6,"l":2}},"ao":0,"ip":0,"op":96,"st":-60,"bm":0},{"ddd":0,"ind":4,"ty":3,"nm":"Shape Layer 1: Path 1 [1.1.3]","cl":"1 3","parent":3,"sr":1,"ks":{"o":{"a":0,"k":0,"ix":11},"r":{"a":1,"k":[{"i":{"x":[0.833],"y":[1]},"o":{"x":[0.333],"y":[0]},"t":-24,"s":[40]},{"i":{"x":[0.833],"y":[1]},"o":{"x":[0.167],"y":[0]},"t":23.972,"s":[-40]},{"t":71.94140625,"s":[40]}],"ix":10,"x":"var $bm_rt;\n$bm_rt = loopOut();"},"p":{"a":0,"k":[0,100,0],"ix":2,"l":2},"a":{"a":0,"k":[0,0,0],"ix":1,"l":2},"s":{"a":0,"k":[100,100,100],"ix":6,"l":2}},"ao":0,"ip":0,"op":96,"st":-60,"bm":0},{"ddd":0,"ind":5,"ty":3,"nm":"Shape Layer 1: Path 1 [1.1.4]","cl":"1 4","parent":4,"sr":1,"ks":{"o":{"a":0,"k":0,"ix":11},"r":{"a":1,"k":[{"i":{"x":[0.833],"y":[1]},"o":{"x":[0.333],"y":[0]},"t":-14.4,"s":[40]},{"i":{"x":[0.833],"y":[1]},"o":{"x":[0.167],"y":[0]},"t":33.57,"s":[-40]},{"t":81.54140625,"s":[40]}],"ix":10,"x":"var $bm_rt;\n$bm_rt = loopOut();"},"p":{"a":0,"k":[0,96,0],"ix":2,"l":2},"a":{"a":0,"k":[0,0,0],"ix":1,"l":2},"s":{"a":0,"k":[100,100,100],"ix":6,"l":2}},"ao":0,"ip":0,"op":96,"st":-60,"bm":0},{"ddd":0,"ind":6,"ty":3,"nm":"Shape Layer 1: Path 1 [1.1.5]","cl":"1 5","parent":5,"sr":1,"ks":{"o":{"a":0,"k":0,"ix":11},"r":{"a":1,"k":[{"i":{"x":[0.833],"y":[1]},"o":{"x":[0.333],"y":[0]},"t":0,"s":[40]},{"i":{"x":[0.833],"y":[1]},"o":{"x":[0.167],"y":[0]},"t":47.972,"s":[-40]},{"t":95.94140625,"s":[40]}],"ix":10,"x":"var $bm_rt;\n$bm_rt = loopOut();"},"p":{"a":0,"k":[0,108,0],"ix":2,"l":2},"a":{"a":0,"k":[0,0,0],"ix":1,"l":2},"s":{"a":0,"k":[100,100,100],"ix":6,"l":2}},"ao":0,"ip":0,"op":96,"st":-60,"bm":0},{"ddd":0,"ind":7,"ty":3,"nm":"Shape Layer 1: Path 1 [1.1.6]","cl":"1 6","parent":6,"sr":1,"ks":{"o":{"a":0,"k":0,"ix":11},"r":{"a":1,"k":[{"i":{"x":[0.833],"y":[1]},"o":{"x":[0.333],"y":[0]},"t":12,"s":[40]},{"i":{"x":[0.833],"y":[1]},"o":{"x":[0.167],"y":[0]},"t":59.97,"s":[-40]},{"t":107.94140625,"s":[40]}],"ix":10,"x":"var $bm_rt;\n$bm_rt = loopOut();"},"p":{"a":0,"k":[0,88,0],"ix":2,"l":2},"a":{"a":0,"k":[0,0,0],"ix":1,"l":2},"s":{"a":0,"k":[100,100,100],"ix":6,"l":2}},"ao":0,"ip":0,"op":96,"st":-60,"bm":0},{"ddd":0,"ind":8,"ty":4,"nm":"tail","sr":1,"ks":{"o":{"a":0,"k":100,"ix":11},"r":{"a":0,"k":0,"ix":10},"p":{"a":0,"k":[580,420,0],"ix":2,"l":2},"a":{"a":0,"k":[0,0,0],"ix":1,"l":2},"s":{"a":0,"k":[100,100,100],"ix":6,"l":2}},"ao":0,"ef":[{"ty":5,"nm":"Shape Layer 1: Path 1 [1.1.0]","np":3,"mn":"ADBE Layer Control","ix":1,"en":1,"ef":[{"ty":10,"nm":"Layer","mn":"ADBE Layer Control-0001","ix":1,"v":{"a":0,"k":1,"ix":1}}]},{"ty":5,"nm":"Shape Layer 1: Path 1 [1.1.1]","np":3,"mn":"ADBE Layer Control","ix":2,"en":1,"ef":[{"ty":10,"nm":"Layer","mn":"ADBE Layer Control-0001","ix":1,"v":{"a":0,"k":2,"ix":1}}]},{"ty":5,"nm":"Shape Layer 1: Path 1 [1.1.2]","np":3,"mn":"ADBE Layer Control","ix":3,"en":1,"ef":[{"ty":10,"nm":"Layer","mn":"ADBE Layer Control-0001","ix":1,"v":{"a":0,"k":3,"ix":1}}]},{"ty":5,"nm":"Shape Layer 1: Path 1 [1.1.3]","np":3,"mn":"ADBE Layer Control","ix":4,"en":1,"ef":[{"ty":10,"nm":"Layer","mn":"ADBE Layer Control-0001","ix":1,"v":{"a":0,"k":4,"ix":1}}]},{"ty":5,"nm":"Shape Layer 1: Path 1 [1.1.4]","np":3,"mn":"ADBE Layer Control","ix":5,"en":1,"ef":[{"ty":10,"nm":"Layer","mn":"ADBE Layer Control-0001","ix":1,"v":{"a":0,"k":5,"ix":1}}]},{"ty":5,"nm":"Shape Layer 1: Path 1 [1.1.5]","np":3,"mn":"ADBE Layer Control","ix":6,"en":1,"ef":[{"ty":10,"nm":"Layer","mn":"ADBE Layer Control-0001","ix":1,"v":{"a":0,"k":6,"ix":1}}]},{"ty":5,"nm":"Shape Layer 1: Path 1 [1.1.6]","np":3,"mn":"ADBE Layer Control","ix":7,"en":1,"ef":[{"ty":10,"nm":"Layer","mn":"ADBE Layer Control-0001","ix":1,"v":{"a":0,"k":7,"ix":1}}]}],"shapes":[{"ty":"gr","it":[{"ind":0,"ty":"sh","ix":1,"ks":{"a":0,"k":{"i":[[0,0],[0,0],[0,0],[0,0],[0,0],[0,0],[0,0]],"o":[[0,0],[0,0],[0,0],[0,0],[0,0],[0,0],[0,0]],"v":[[-40,-152],[-40,-60],[-40,36],[-40,136],[-40,232],[-40,340],[-40,428]],"c":false},"ix":2,"x":"var $bm_rt;\nvar nullLayerNames = [\n    'Shape Layer 1: Path 1 [1.1.0]',\n    'Shape Layer 1: Path 1 [1.1.1]',\n    'Shape Layer 1: Path 1 [1.1.2]',\n    'Shape Layer 1: Path 1 [1.1.3]',\n    'Shape Layer 1: Path 1 [1.1.4]',\n    'Shape Layer 1: Path 1 [1.1.5]',\n    'Shape Layer 1: Path 1 [1.1.6]'\n];\nvar origPath = thisProperty;\nvar origPoints = origPath.points();\nvar origInTang = origPath.inTangents();\nvar origOutTang = origPath.outTangents();\nvar getNullLayers = [];\nfor (var i = 0, il = nullLayerNames.length; i < il; i++) {\n    try {\n        getNullLayers.push(effect(nullLayerNames[i])('ADBE Layer Control-0001'));\n    } catch (err) {\n        getNullLayers.push(null);\n    }\n}\nfor (var i = 0, il = getNullLayers.length; i < il; i++) {\n    if (getNullLayers[i] != null && getNullLayers[i].index != thisLayer.index) {\n        origPoints[i] = fromCompToSurface(getNullLayers[i].toComp(getNullLayers[i].anchorPoint));\n    }\n}\n$bm_rt = createPath(origPoints, origInTang, origOutTang, origPath.isClosed());"},"nm":"Path 1","mn":"ADBE Vector Shape - Group","hd":false},{"ty":"st","c":{"a":0,"k":[0.863679534314,0.546605487898,0.173450320375,1],"ix":3},"o":{"a":0,"k":100,"ix":4},"w":{"a":0,"k":105,"ix":5},"lc":2,"lj":1,"ml":4,"bm":0,"nm":"Stroke 1","mn":"ADBE Vector Graphic - Stroke","hd":false},{"ty":"tr","p":{"a":0,"k":[0,0],"ix":2},"a":{"a":0,"k":[0,0],"ix":1},"s":{"a":0,"k":[100,100],"ix":3},"r":{"a":0,"k":0,"ix":6},"o":{"a":0,"k":100,"ix":7},"sk":{"a":0,"k":0,"ix":4},"sa":{"a":0,"k":0,"ix":5},"nm":"Transform"}],"nm":"TAIL","np":2,"cix":2,"bm":0,"ix":2,"mn":"ADBE Vector Group","hd":false},{"ty":"rd","nm":"Round Corners 1","r":{"a":0,"k":1000,"ix":1},"ix":3,"mn":"ADBE Vector Filter - RC","hd":false}],"ip":0,"op":96,"st":-60,"bm":0}]}],"layers":[{"ddd":0,"ind":1,"ty":4,"nm":"flat design cat Outlines","sr":1,"ks":{"o":{"a":0,"k":100,"ix":11},"r":{"a":0,"k":0,"ix":10},"p":{"a":0,"k":[289,260,0],"ix":2,"l":2},"a":{"a":0,"k":[960,540,0],"ix":1,"l":2},"s":{"a":0,"k":[39.387,39.387,100],"ix":6,"l":2}},"ao":0,"ef":[{"ty":34,"nm":"Puppet","np":6,"mn":"ADBE FreePin3","ix":1,"en":1,"ef":[{"ty":7,"nm":"Puppet Engine","mn":"ADBE FreePin3 Puppet Engine","ix":1,"v":{"a":0,"k":2,"ix":1}},{"ty":0,"nm":"Mesh Rotation Refinement","mn":"ADBE FreePin3 Auto Rotate Pins","ix":2,"v":{"a":0,"k":20,"ix":2}},{"ty":7,"nm":"On Transparent","mn":"ADBE FreePin3 On Transparent","ix":3,"v":{"a":0,"k":0,"ix":3}},{"ty":60,"nm":"arap","np":3,"mn":"ADBE FreePin3 ARAP Group","ix":4,"en":1,"ef":[{"ty":6,"nm":"Auto-traced Shapes","mn":"ADBE FreePin3 Outlines","ix":1,"v":0},{"ty":1,"nm":"Mesh","np":2,"mn":"ADBE FreePin3 Mesh Group","ix":2,"en":1,"ef":[{"nm":"Mesh 1","np":8,"mn":"ADBE FreePin3 Mesh Atom","ix":1,"en":1,"ef":[{"ty":6,"nm":"Mesh","mn":"ADBE FreePin3 Mesh","ix":1,"v":0},{"ty":0,"nm":"Triangles","mn":"ADBE FreePin3 Mesh Tri Count","ix":2,"v":{"a":0,"k":50,"ix":2}},{"ty":0,"nm":"Density","mn":"ADBE FreePin3 Mesh Tri Density","ix":3,"v":{"a":0,"k":10,"ix":3}},{"ty":0,"nm":"Expansion","mn":"ADBE FreePin3 Mesh Expansion","ix":4,"v":{"a":0,"k":3,"ix":4}},{"nm":"Deform","np":4,"mn":"ADBE FreePin3 PosPins","ix":5,"en":1,"ef":[{"nm":"Puppet Pin 3","np":7,"mn":"ADBE FreePin3 PosPin Atom","ix":1,"en":1,"ef":[{"ty":3,"nm":"Vertex Offset","mn":"ADBE FreePin3 PosPin Vtx Offset","ix":1,"v":{"a":0,"k":[0,0],"ix":1}},{"ty":0,"nm":"Vertex Index","mn":"ADBE FreePin3 PosPin Vtx Index","ix":2,"v":{"a":0,"k":29,"ix":2}},{"ty":7,"nm":"Pin Type","mn":"ADBE FreePin3 PosPin Type","ix":3,"v":{"a":0,"k":4,"ix":3}},{"ty":3,"nm":"Position","mn":"ADBE FreePin3 PosPin Position","ix":4,"v":{"a":0,"k":[92,399],"ix":4}},{"ty":0,"nm":"Scale","mn":"ADBE FreePin3 PosPin Scale","ix":5,"v":{"a":0,"k":100,"ix":5}},{"ty":0,"nm":"Rotation","mn":"ADBE FreePin3 PosPin Rotation","ix":6,"v":{"a":0,"k":0,"ix":6}}]},{"nm":"Puppet Pin 2","np":7,"mn":"ADBE FreePin3 PosPin Atom","ix":2,"en":1,"ef":[{"ty":3,"nm":"Vertex Offset","mn":"ADBE FreePin3 PosPin Vtx Offset","ix":1,"v":{"a":0,"k":[0,0],"ix":1}},{"ty":0,"nm":"Vertex Index","mn":"ADBE FreePin3 PosPin Vtx Index","ix":2,"v":{"a":0,"k":30,"ix":2}},{"ty":7,"nm":"Pin Type","mn":"ADBE FreePin3 PosPin Type","ix":3,"v":{"a":0,"k":4,"ix":3}},{"ty":3,"nm":"Position","mn":"ADBE FreePin3 PosPin Position","ix":4,"v":{"a":0,"k":[139,422.5],"ix":4}},{"ty":0,"nm":"Scale","mn":"ADBE FreePin3 PosPin Scale","ix":5,"v":{"a":0,"k":100,"ix":5}},{"ty":0,"nm":"Rotation","mn":"ADBE FreePin3 PosPin Rotation","ix":6,"v":{"a":0,"k":0,"ix":6}}]},{"nm":"Puppet Pin 1","np":7,"mn":"ADBE FreePin3 PosPin Atom","ix":3,"en":1,"ef":[{"ty":3,"nm":"Vertex Offset","mn":"ADBE FreePin3 PosPin Vtx Offset","ix":1,"v":{"a":0,"k":[0,0],"ix":1}},{"ty":0,"nm":"Vertex Index","mn":"ADBE FreePin3 PosPin Vtx Index","ix":2,"v":{"a":0,"k":31,"ix":2}},{"ty":7,"nm":"Pin Type","mn":"ADBE FreePin3 PosPin Type","ix":3,"v":{"a":0,"k":4,"ix":3}},{"ty":3,"nm":"Position","mn":"ADBE FreePin3 PosPin Position","ix":4,"v":{"a":0,"k":[141,367],"ix":4}},{"ty":0,"nm":"Scale","mn":"ADBE FreePin3 PosPin Scale","ix":5,"v":{"a":0,"k":100,"ix":5}},{"ty":0,"nm":"Rotation","mn":"ADBE FreePin3 PosPin Rotation","ix":6,"v":{"a":0,"k":0,"ix":6}}]}]},{"nm":"Overlap","np":1,"mn":"ADBE FreePin3 HghtPins","ix":6,"en":1,"ef":[]},{"nm":"Stiffness","np":1,"mn":"ADBE FreePin3 StarchPins","ix":7,"en":1,"ef":[]}]}]}]}]}],"shapes":[{"ty":"gr","it":[{"ind":0,"ty":"sh","ix":1,"ks":{"a":0,"k":{"i":[[-1.934,0],[1.934,0]],"o":[[1.93,0],[-1.93,0]],"v":[[0,1.5],[0,-1.5]],"c":true},"ix":2},"nm":"Path 1","mn":"ADBE Vector Shape - Group","hd":false},{"ty":"fl","c":{"a":0,"k":[0,0,0,1],"ix":4},"o":{"a":0,"k":100,"ix":5},"r":1,"bm":0,"nm":"Fill 1","mn":"ADBE Vector Graphic - Fill","hd":false},{"ty":"tr","p":{"a":0,"k":[593.454,789.953],"ix":2},"a":{"a":0,"k":[0,0],"ix":1},"s":{"a":0,"k":[100,100],"ix":3},"r":{"a":0,"k":0,"ix":6},"o":{"a":0,"k":100,"ix":7},"sk":{"a":0,"k":0,"ix":4},"sa":{"a":0,"k":0,"ix":5},"nm":"Transform"}],"nm":"Group 1","np":2,"cix":2,"bm":0,"ix":1,"mn":"ADBE Vector Group","hd":false},{"ty":"gr","it":[{"ind":0,"ty":"sh","ix":1,"ks":{"a":0,"k":{"i":[[6.875,0],[0,0],[0,6.875],[0,0],[-6.875,0],[0,-6.875],[0,0]],"o":[[0,0],[-6.875,0],[0,0],[0,-6.875],[6.875,0],[0,0],[0,6.875]],"v":[[0,22],[0,22],[-12.5,9.5],[-12.5,-9.5],[0,-22],[12.5,-9.5],[12.5,9.5]],"c":true},"ix":2},"nm":"Path 1","mn":"ADBE Vector Shape - Group","hd":false},{"ty":"fl","c":{"a":0,"k":[0.976000019148,0.616000007181,0.156999999402,1],"ix":4},"o":{"a":0,"k":100,"ix":5},"r":1,"bm":0,"nm":"Fill 1","mn":"ADBE Vector Graphic - Fill","hd":false},{"ty":"tr","p":{"a":0,"k":[853.5,861],"ix":2},"a":{"a":0,"k":[0,0],"ix":1},"s":{"a":0,"k":[100,100],"ix":3},"r":{"a":0,"k":0,"ix":6},"o":{"a":0,"k":100,"ix":7},"sk":{"a":0,"k":0,"ix":4},"sa":{"a":0,"k":0,"ix":5},"nm":"Transform"}],"nm":"Group 2","np":2,"cix":2,"bm":0,"ix":2,"mn":"ADBE Vector Group","hd":false},{"ty":"gr","it":[{"ind":0,"ty":"sh","ix":1,"ks":{"a":0,"k":{"i":[[8.25,0],[0,0],[0,8.25],[0,0],[-8.25,0],[0,-8.25],[0,0]],"o":[[0,0],[-8.25,0],[0,0],[0,-8.25],[8.25,0],[0,0],[0,8.25]],"v":[[0,41],[0,41],[-15,26],[-15,-26],[0,-41],[15,-26],[15,26]],"c":true},"ix":2},"nm":"Path 1","mn":"ADBE Vector Shape - Group","hd":false},{"ty":"fl","c":{"a":0,"k":[0.976000019148,0.616000007181,0.156999999402,1],"ix":4},"o":{"a":0,"k":100,"ix":5},"r":1,"bm":0,"nm":"Fill 1","mn":"ADBE Vector Graphic - Fill","hd":false},{"ty":"tr","p":{"a":0,"k":[1011,770],"ix":2},"a":{"a":0,"k":[0,0],"ix":1},"s":{"a":0,"k":[100,100],"ix":3},"r":{"a":0,"k":0,"ix":6},"o":{"a":0,"k":100,"ix":7},"sk":{"a":0,"k":0,"ix":4},"sa":{"a":0,"k":0,"ix":5},"nm":"Transform"}],"nm":"Group 3","np":2,"cix":2,"bm":0,"ix":3,"mn":"ADBE Vector Group","hd":false},{"ty":"gr","it":[{"ind":0,"ty":"sh","ix":1,"ks":{"a":0,"k":{"i":[[9.625,0],[0,0],[0,9.625],[0,0],[-9.625,0],[0,-9.625],[0,0]],"o":[[0,0],[-9.625,0],[0,0],[0,-9.625],[9.625,0],[0,0],[0,9.625]],"v":[[0,55],[0,55],[-17.5,37.5],[-17.5,-37.5],[0,-55],[17.5,-37.5],[17.5,37.5]],"c":true},"ix":2},"nm":"Path 1","mn":"ADBE Vector Shape - Group","hd":false},{"ty":"fl","c":{"a":0,"k":[0.976000019148,0.616000007181,0.156999999402,1],"ix":4},"o":{"a":0,"k":100,"ix":5},"r":1,"bm":0,"nm":"Fill 1","mn":"ADBE Vector Graphic - Fill","hd":false},{"ty":"tr","p":{"a":0,"k":[930.5,811],"ix":2},"a":{"a":0,"k":[0,0],"ix":1},"s":{"a":0,"k":[100,100],"ix":3},"r":{"a":0,"k":0,"ix":6},"o":{"a":0,"k":100,"ix":7},"sk":{"a":0,"k":0,"ix":4},"sa":{"a":0,"k":0,"ix":5},"nm":"Transform"}],"nm":"Group 4","np":2,"cix":2,"bm":0,"ix":4,"mn":"ADBE Vector Group","hd":false},{"ty":"gr","it":[{"ind":0,"ty":"sh","ix":1,"ks":{"a":0,"k":{"i":[[6.325,0],[0,0],[0,6.325],[0,0],[-6.325,0],[0,-6.325],[0,0]],"o":[[0,0],[-6.325,0],[0,0],[0,-6.325],[6.325,0],[0,0],[0,6.325]],"v":[[0,36],[0,36],[-11.5,24.5],[-11.5,-24.5],[0,-36],[11.5,-24.5],[11.5,24.5]],"c":true},"ix":2},"nm":"Path 1","mn":"ADBE Vector Shape - Group","hd":false},{"ty":"fl","c":{"a":0,"k":[0.976000019148,0.616000007181,0.156999999402,1],"ix":4},"o":{"a":0,"k":100,"ix":5},"r":1,"bm":0,"nm":"Fill 1","mn":"ADBE Vector Graphic - Fill","hd":false},{"ty":"tr","p":{"a":0,"k":[841.5,765],"ix":2},"a":{"a":0,"k":[0,0],"ix":1},"s":{"a":0,"k":[100,100],"ix":3},"r":{"a":0,"k":0,"ix":6},"o":{"a":0,"k":100,"ix":7},"sk":{"a":0,"k":0,"ix":4},"sa":{"a":0,"k":0,"ix":5},"nm":"Transform"}],"nm":"Group 5","np":2,"cix":2,"bm":0,"ix":5,"mn":"ADBE Vector Group","hd":false},{"ty":"gr","it":[{"ind":0,"ty":"sh","ix":1,"ks":{"a":0,"k":{"i":[[4.675,0],[0,0],[0,4.675],[-4.675,0],[0,0],[0,-4.675]],"o":[[0,0],[-4.675,0],[0,-4.675],[0,0],[4.675,0],[0,4.675]],"v":[[14,8.5],[-14,8.5],[-22.5,0],[-14,-8.5],[14,-8.5],[22.5,0]],"c":true},"ix":2},"nm":"Path 1","mn":"ADBE Vector Shape - Group","hd":false},{"ty":"fl","c":{"a":0,"k":[0.976000019148,0.616000007181,0.156999999402,1],"ix":4},"o":{"a":0,"k":100,"ix":5},"r":1,"bm":0,"nm":"Fill 1","mn":"ADBE Vector Graphic - Fill","hd":false},{"ty":"tr","p":{"a":0,"k":[917.5,219.5],"ix":2},"a":{"a":0,"k":[0,0],"ix":1},"s":{"a":0,"k":[100,100],"ix":3},"r":{"a":0,"k":0,"ix":6},"o":{"a":0,"k":100,"ix":7},"sk":{"a":0,"k":0,"ix":4},"sa":{"a":0,"k":0,"ix":5},"nm":"Transform"}],"nm":"Group 6","np":2,"cix":2,"bm":0,"ix":6,"mn":"ADBE Vector Group","hd":false},{"ty":"gr","it":[{"ind":0,"ty":"sh","ix":1,"ks":{"a":0,"k":{"i":[[6.6,0],[0,0],[0,6.6],[-6.6,0],[0,0],[0,-6.6]],"o":[[0,0],[-6.6,0],[0,-6.6],[0,0],[6.6,0],[0,6.6]],"v":[[11.5,12],[-11.5,12],[-23.5,0],[-11.5,-12],[11.5,-12],[23.5,0]],"c":true},"ix":2},"nm":"Path 1","mn":"ADBE Vector Shape - Group","hd":false},{"ty":"fl","c":{"a":0,"k":[0.976000019148,0.616000007181,0.156999999402,1],"ix":4},"o":{"a":0,"k":100,"ix":5},"r":1,"bm":0,"nm":"Fill 1","mn":"ADBE Vector Graphic - Fill","hd":false},{"ty":"tr","p":{"a":0,"k":[1111.5,291],"ix":2},"a":{"a":0,"k":[0,0],"ix":1},"s":{"a":0,"k":[100,100],"ix":3},"r":{"a":0,"k":0,"ix":6},"o":{"a":0,"k":100,"ix":7},"sk":{"a":0,"k":0,"ix":4},"sa":{"a":0,"k":0,"ix":5},"nm":"Transform"}],"nm":"Group 7","np":2,"cix":2,"bm":0,"ix":7,"mn":"ADBE Vector Group","hd":false},{"ty":"gr","it":[{"ind":0,"ty":"sh","ix":1,"ks":{"a":0,"k":{"i":[[7.15,0],[0,0],[0,7.15],[-7.15,0],[0,0],[0,-7.15]],"o":[[0,0],[-7.15,0],[0,-7.15],[0,0],[7.15,0],[0,7.15]],"v":[[14,13],[-14,13],[-27,0],[-14,-13],[14,-13],[27,0]],"c":true},"ix":2},"nm":"Path 1","mn":"ADBE Vector Shape - Group","hd":false},{"ty":"fl","c":{"a":0,"k":[0.976000019148,0.616000007181,0.156999999402,1],"ix":4},"o":{"a":0,"k":100,"ix":5},"r":1,"bm":0,"nm":"Fill 1","mn":"ADBE Vector Graphic - Fill","hd":false},{"ty":"tr","p":{"a":0,"k":[1139,376],"ix":2},"a":{"a":0,"k":[0,0],"ix":1},"s":{"a":0,"k":[100,100],"ix":3},"r":{"a":0,"k":0,"ix":6},"o":{"a":0,"k":100,"ix":7},"sk":{"a":0,"k":0,"ix":4},"sa":{"a":0,"k":0,"ix":5},"nm":"Transform"}],"nm":"Group 8","np":2,"cix":2,"bm":0,"ix":8,"mn":"ADBE Vector Group","hd":false},{"ty":"gr","it":[{"ind":0,"ty":"sh","ix":1,"ks":{"a":0,"k":{"i":[[6.875,0],[0,0],[0,6.875],[-6.875,0],[0,0],[0,-6.875]],"o":[[0,0],[-6.875,0],[0,-6.875],[0,0],[6.875,0],[0,6.875]],"v":[[15,12.5],[-15,12.5],[-27.5,0],[-15,-12.5],[15,-12.5],[27.5,0]],"c":true},"ix":2},"nm":"Path 1","mn":"ADBE Vector Shape - Group","hd":false},{"ty":"fl","c":{"a":0,"k":[0.976000019148,0.616000007181,0.156999999402,1],"ix":4},"o":{"a":0,"k":100,"ix":5},"r":1,"bm":0,"nm":"Fill 1","mn":"ADBE Vector Graphic - Fill","hd":false},{"ty":"tr","p":{"a":0,"k":[713.5,389.5],"ix":2},"a":{"a":0,"k":[0,0],"ix":1},"s":{"a":0,"k":[100,100],"ix":3},"r":{"a":0,"k":0,"ix":6},"o":{"a":0,"k":100,"ix":7},"sk":{"a":0,"k":0,"ix":4},"sa":{"a":0,"k":0,"ix":5},"nm":"Transform"}],"nm":"Group 9","np":2,"cix":2,"bm":0,"ix":9,"mn":"ADBE Vector Group","hd":false},{"ty":"gr","it":[{"ind":0,"ty":"sh","ix":1,"ks":{"a":0,"k":{"i":[[6.875,0],[0,0],[0,6.875],[-6.875,0],[0,0],[0,-6.875]],"o":[[0,0],[-6.875,0],[0,-6.875],[0,0],[6.875,0],[0,6.875]],"v":[[16.5,12.5],[-16.5,12.5],[-29,0],[-16.5,-12.5],[16.5,-12.5],[29,0]],"c":true},"ix":2},"nm":"Path 1","mn":"ADBE Vector Shape - Group","hd":false},{"ty":"fl","c":{"a":0,"k":[0.976000019148,0.616000007181,0.156999999402,1],"ix":4},"o":{"a":0,"k":100,"ix":5},"r":1,"bm":0,"nm":"Fill 1","mn":"ADBE Vector Graphic - Fill","hd":false},{"ty":"tr","p":{"a":0,"k":[668,321.5],"ix":2},"a":{"a":0,"k":[0,0],"ix":1},"s":{"a":0,"k":[100,100],"ix":3},"r":{"a":0,"k":0,"ix":6},"o":{"a":0,"k":100,"ix":7},"sk":{"a":0,"k":0,"ix":4},"sa":{"a":0,"k":0,"ix":5},"nm":"Transform"}],"nm":"Group 10","np":2,"cix":2,"bm":0,"ix":10,"mn":"ADBE Vector Group","hd":false},{"ty":"gr","it":[{"ind":0,"ty":"sh","ix":1,"ks":{"a":0,"k":{"i":[[30.1,0],[0,-30.1],[0,0]],"o":[[-30.1,0],[0,0],[0,-30.1]],"v":[[0,-27.25],[-54.5,27.25],[54.5,27.25]],"c":true},"ix":2},"nm":"Path 1","mn":"ADBE Vector Shape - Group","hd":false},{"ty":"fl","c":{"a":0,"k":[1,1,1,1],"ix":4},"o":{"a":0,"k":100,"ix":5},"r":1,"bm":0,"nm":"Fill 1","mn":"ADBE Vector Graphic - Fill","hd":false},{"ty":"tr","p":{"a":0,"k":[1019.5,949.75],"ix":2},"a":{"a":0,"k":[0,0],"ix":1},"s":{"a":0,"k":[100,100],"ix":3},"r":{"a":0,"k":0,"ix":6},"o":{"a":0,"k":100,"ix":7},"sk":{"a":0,"k":0,"ix":4},"sa":{"a":0,"k":0,"ix":5},"nm":"Transform"}],"nm":"Group 11","np":2,"cix":2,"bm":0,"ix":11,"mn":"ADBE Vector Group","hd":false},{"ty":"gr","it":[{"ind":0,"ty":"sh","ix":1,"ks":{"a":0,"k":{"i":[[30.1,0],[0,-30.1],[0,0]],"o":[[-30.1,0],[0,0],[0,-30.1]],"v":[[0,-27.25],[-54.5,27.25],[54.5,27.25]],"c":true},"ix":2},"nm":"Path 1","mn":"ADBE Vector Shape - Group","hd":false},{"ty":"fl","c":{"a":0,"k":[1,1,1,1],"ix":4},"o":{"a":0,"k":100,"ix":5},"r":1,"bm":0,"nm":"Fill 1","mn":"ADBE Vector Graphic - Fill","hd":false},{"ty":"tr","p":{"a":0,"k":[884.5,949.75],"ix":2},"a":{"a":0,"k":[0,0],"ix":1},"s":{"a":0,"k":[100,100],"ix":3},"r":{"a":0,"k":0,"ix":6},"o":{"a":0,"k":100,"ix":7},"sk":{"a":0,"k":0,"ix":4},"sa":{"a":0,"k":0,"ix":5},"nm":"Transform"}],"nm":"Group 12","np":2,"cix":2,"bm":0,"ix":12,"mn":"ADBE Vector Group","hd":false},{"ty":"gr","it":[{"ind":0,"ty":"sh","ix":1,"ks":{"a":0,"k":{"i":[[-5.247,0],[0,0],[0,5.247],[5.247,0],[0,0],[0,-5.247]],"o":[[0,0],[5.247,0],[0,-5.247],[0,0],[-5.247,0],[0,5.247]],"v":[[-29.5,9.5],[29.5,9.5],[39,0],[29.5,-9.5],[-29.5,-9.5],[-39,0]],"c":true},"ix":2},"nm":"Path 1","mn":"ADBE Vector Shape - Group","hd":false},{"ty":"fl","c":{"a":0,"k":[0.957000014361,0.490000017952,0.211999990426,1],"ix":4},"o":{"a":0,"k":100,"ix":5},"r":1,"bm":0,"nm":"Fill 1","mn":"ADBE Vector Graphic - Fill","hd":false},{"ty":"tr","p":{"a":0,"k":[789,442.5],"ix":2},"a":{"a":0,"k":[0,0],"ix":1},"s":{"a":0,"k":[100,100],"ix":3},"r":{"a":0,"k":0,"ix":6},"o":{"a":0,"k":100,"ix":7},"sk":{"a":0,"k":0,"ix":4},"sa":{"a":0,"k":0,"ix":5},"nm":"Transform"}],"nm":"Group 13","np":2,"cix":2,"bm":0,"ix":13,"mn":"ADBE Vector Group","hd":false},{"ty":"gr","it":[{"ind":0,"ty":"sh","ix":1,"ks":{"a":0,"k":{"i":[[-3.749,3.748],[0,0],[3.749,3.748],[3.748,-3.748],[0,0],[-3.749,-3.749]],"o":[[0,0],[3.749,-3.749],[-3.748,-3.748],[0,0],[-3.749,3.749],[3.748,3.748]],"v":[[-14.289,27.863],[27.863,-14.289],[27.863,-27.864],[14.289,-27.864],[-27.863,14.289],[-27.863,27.863]],"c":true},"ix":2},"nm":"Path 1","mn":"ADBE Vector Shape - Group","hd":false},{"ty":"fl","c":{"a":0,"k":[0.957000014361,0.490000017952,0.211999990426,1],"ix":4},"o":{"a":0,"k":100,"ix":5},"r":1,"bm":0,"nm":"Fill 1","mn":"ADBE Vector Graphic - Fill","hd":false},{"ty":"tr","p":{"a":0,"k":[816.685,484.629],"ix":2},"a":{"a":0,"k":[0,0],"ix":1},"s":{"a":0,"k":[100,100],"ix":3},"r":{"a":0,"k":0,"ix":6},"o":{"a":0,"k":100,"ix":7},"sk":{"a":0,"k":0,"ix":4},"sa":{"a":0,"k":0,"ix":5},"nm":"Transform"}],"nm":"Group 14","np":2,"cix":2,"bm":0,"ix":14,"mn":"ADBE Vector Group","hd":false},{"ty":"gr","it":[{"ind":0,"ty":"sh","ix":1,"ks":{"a":0,"k":{"i":[[5.247,0],[0,0],[0,5.247],[-5.247,0],[0,0],[0,-5.247]],"o":[[0,0],[-5.247,0],[0,-5.247],[0,0],[5.247,0],[0,5.247]],"v":[[29.5,9.5],[-29.5,9.5],[-39,0],[-29.5,-9.5],[29.5,-9.5],[39,0]],"c":true},"ix":2},"nm":"Path 1","mn":"ADBE Vector Shape - Group","hd":false},{"ty":"fl","c":{"a":0,"k":[0.957000014361,0.490000017952,0.211999990426,1],"ix":4},"o":{"a":0,"k":100,"ix":5},"r":1,"bm":0,"nm":"Fill 1","mn":"ADBE Vector Graphic - Fill","hd":false},{"ty":"tr","p":{"a":0,"k":[1040,442.5],"ix":2},"a":{"a":0,"k":[0,0],"ix":1},"s":{"a":0,"k":[100,100],"ix":3},"r":{"a":0,"k":0,"ix":6},"o":{"a":0,"k":100,"ix":7},"sk":{"a":0,"k":0,"ix":4},"sa":{"a":0,"k":0,"ix":5},"nm":"Transform"}],"nm":"Group 15","np":2,"cix":2,"bm":0,"ix":15,"mn":"ADBE Vector Group","hd":false},{"ty":"gr","it":[{"ind":0,"ty":"sh","ix":1,"ks":{"a":0,"k":{"i":[[3.749,3.748],[0,0],[-3.749,3.748],[-3.749,-3.748],[0,0],[3.748,-3.749]],"o":[[0,0],[-3.749,-3.749],[3.748,-3.748],[0,0],[3.748,3.749],[-3.749,3.748]],"v":[[14.289,27.863],[-27.862,-14.289],[-27.862,-27.864],[-14.289,-27.864],[27.863,14.289],[27.863,27.863]],"c":true},"ix":2},"nm":"Path 1","mn":"ADBE Vector Shape - Group","hd":false},{"ty":"fl","c":{"a":0,"k":[0.957000014361,0.490000017952,0.211999990426,1],"ix":4},"o":{"a":0,"k":100,"ix":5},"r":1,"bm":0,"nm":"Fill 1","mn":"ADBE Vector Graphic - Fill","hd":false},{"ty":"tr","p":{"a":0,"k":[1012.315,484.629],"ix":2},"a":{"a":0,"k":[0,0],"ix":1},"s":{"a":0,"k":[100,100],"ix":3},"r":{"a":0,"k":0,"ix":6},"o":{"a":0,"k":100,"ix":7},"sk":{"a":0,"k":0,"ix":4},"sa":{"a":0,"k":0,"ix":5},"nm":"Transform"}],"nm":"Group 16","np":2,"cix":2,"bm":0,"ix":16,"mn":"ADBE Vector Group","hd":false},{"ty":"gr","it":[{"ind":0,"ty":"sh","ix":1,"ks":{"a":0,"k":{"i":[[-17.921,0],[0,17.92],[0,0],[5.556,0],[0,-5.555],[0,0],[6.827,0],[0,6.827],[5.555,0],[0,-5.556]],"o":[[17.92,0],[0,0],[0,-5.555],[-5.555,0],[0,0],[0,6.827],[-6.827,0],[0,-5.556],[-5.556,0],[0,17.92]],"v":[[0,42.172],[32.5,9.672],[32.5,-32.113],[22.44,-42.172],[12.381,-32.113],[12.381,9.672],[0,22.054],[-12.381,9.672],[-22.44,-0.388],[-32.5,9.672]],"c":true},"ix":2},"nm":"Path 1","mn":"ADBE Vector Shape - Group","hd":false},{"ty":"fl","c":{"a":0,"k":[0.898000021542,0.263000009574,0.144999994016,1],"ix":4},"o":{"a":0,"k":100,"ix":5},"r":1,"bm":0,"nm":"Fill 1","mn":"ADBE Vector Graphic - Fill","hd":false},{"ty":"tr","p":{"a":0,"k":[892.5,461.173],"ix":2},"a":{"a":0,"k":[0,0],"ix":1},"s":{"a":0,"k":[100,100],"ix":3},"r":{"a":0,"k":0,"ix":6},"o":{"a":0,"k":100,"ix":7},"sk":{"a":0,"k":0,"ix":4},"sa":{"a":0,"k":0,"ix":5},"nm":"Transform"}],"nm":"Group 17","np":2,"cix":2,"bm":0,"ix":17,"mn":"ADBE Vector Group","hd":false},{"ty":"gr","it":[{"ind":0,"ty":"sh","ix":1,"ks":{"a":0,"k":{"i":[[17.921,0],[0,17.92],[0,0],[-5.556,0],[0,-5.555],[0,0],[-6.827,0],[0,6.827],[-5.555,0],[0,-5.556]],"o":[[-17.92,0],[0,0],[0,-5.555],[5.555,0],[0,0],[0,6.827],[6.827,0],[0,-5.556],[5.556,0],[0,17.92]],"v":[[0,42.172],[-32.5,9.672],[-32.5,-32.113],[-22.44,-42.172],[-12.381,-32.113],[-12.381,9.672],[0,22.054],[12.381,9.672],[22.44,-0.388],[32.5,9.672]],"c":true},"ix":2},"nm":"Path 1","mn":"ADBE Vector Shape - Group","hd":false},{"ty":"fl","c":{"a":0,"k":[0.898000021542,0.263000009574,0.144999994016,1],"ix":4},"o":{"a":0,"k":100,"ix":5},"r":1,"bm":0,"nm":"Fill 1","mn":"ADBE Vector Graphic - Fill","hd":false},{"ty":"tr","p":{"a":0,"k":[937.5,461.173],"ix":2},"a":{"a":0,"k":[0,0],"ix":1},"s":{"a":0,"k":[100,100],"ix":3},"r":{"a":0,"k":0,"ix":6},"o":{"a":0,"k":100,"ix":7},"sk":{"a":0,"k":0,"ix":4},"sa":{"a":0,"k":0,"ix":5},"nm":"Transform"}],"nm":"Group 18","np":2,"cix":2,"bm":0,"ix":18,"mn":"ADBE Vector Group","hd":false},{"ty":"gr","it":[{"ind":0,"ty":"sh","ix":1,"ks":{"a":0,"k":{"i":[[3.59,0],[0,0],[0,3.59],[-3.59,0],[0,0],[0,-3.59]],"o":[[0,0],[-3.59,0],[0,-3.59],[0,0],[3.59,0],[0,3.59]],"v":[[14,6.5],[-14,6.5],[-20.5,0],[-14,-6.5],[14,-6.5],[20.5,0]],"c":true},"ix":2},"nm":"Path 1","mn":"ADBE Vector Shape - Group","hd":false},{"ty":"fl","c":{"a":0,"k":[0.969000004787,0.560999971278,0.118000000598,1],"ix":4},"o":{"a":0,"k":100,"ix":5},"r":1,"bm":0,"nm":"Fill 1","mn":"ADBE Vector Graphic - Fill","hd":false},{"ty":"tr","p":{"a":0,"k":[919.5,377.5],"ix":2},"a":{"a":0,"k":[0,0],"ix":1},"s":{"a":0,"k":[100,100],"ix":3},"r":{"a":0,"k":0,"ix":6},"o":{"a":0,"k":100,"ix":7},"sk":{"a":0,"k":0,"ix":4},"sa":{"a":0,"k":0,"ix":5},"nm":"Transform"}],"nm":"Group 19","np":2,"cix":2,"bm":0,"ix":19,"mn":"ADBE Vector Group","hd":false},{"ty":"gr","it":[{"ind":0,"ty":"sh","ix":1,"ks":{"a":0,"k":{"i":[[16.036,0],[0,0],[4.141,14.711],[0,-3.294],[-19.33,0],[0,0],[0,19.33],[0.85,3.022]],"o":[[0,0],[-16.036,0],[-0.851,3.022],[0,19.33],[0,0],[19.33,0],[0,-3.294],[-4.142,14.711]],"v":[[22,3.25],[-22,3.25],[-55.684,-22.25],[-57,-12.75],[-22,22.25],[22,22.25],[57,-12.75],[55.685,-22.25]],"c":true},"ix":2},"nm":"Path 1","mn":"ADBE Vector Shape - Group","hd":false},{"ty":"fl","c":{"a":0,"k":[0.898000021542,0.263000009574,0.144999994016,1],"ix":4},"o":{"a":0,"k":100,"ix":5},"r":1,"bm":0,"nm":"Fill 1","mn":"ADBE Vector Graphic - Fill","hd":false},{"ty":"tr","p":{"a":0,"k":[913,410.75],"ix":2},"a":{"a":0,"k":[0,0],"ix":1},"s":{"a":0,"k":[100,100],"ix":3},"r":{"a":0,"k":0,"ix":6},"o":{"a":0,"k":100,"ix":7},"sk":{"a":0,"k":0,"ix":4},"sa":{"a":0,"k":0,"ix":5},"nm":"Transform"}],"nm":"Group 20","np":2,"cix":2,"bm":0,"ix":20,"mn":"ADBE Vector Group","hd":false},{"ty":"gr","it":[{"ind":0,"ty":"sh","ix":1,"ks":{"a":0,"k":{"i":[[19.33,0],[0,0],[0,19.33],[-19.33,0],[0,0],[0,-19.33]],"o":[[0,0],[-19.33,0],[0,-19.33],[0,0],[19.33,0],[0,19.33]],"v":[[22,35],[-22,35],[-57,0],[-22,-35],[22,-35],[57,0]],"c":true},"ix":2},"nm":"Path 1","mn":"ADBE Vector Shape - Group","hd":false},{"ty":"fl","c":{"a":0,"k":[0.948999980852,0.404000016755,0.226999993418,1],"ix":4},"o":{"a":0,"k":100,"ix":5},"r":1,"bm":0,"nm":"Fill 1","mn":"ADBE Vector Graphic - Fill","hd":false},{"ty":"tr","p":{"a":0,"k":[913,398],"ix":2},"a":{"a":0,"k":[0,0],"ix":1},"s":{"a":0,"k":[100,100],"ix":3},"r":{"a":0,"k":0,"ix":6},"o":{"a":0,"k":100,"ix":7},"sk":{"a":0,"k":0,"ix":4},"sa":{"a":0,"k":0,"ix":5},"nm":"Transform"}],"nm":"Group 21","np":2,"cix":2,"bm":0,"ix":21,"mn":"ADBE Vector Group","hd":false},{"ty":"gr","it":[{"ind":0,"ty":"sh","ix":1,"ks":{"a":0,"k":{"i":[[0,-9.423],[9.423,0],[0,9.423],[-9.424,0]],"o":[[0,9.423],[-9.424,0],[0,-9.423],[9.423,0]],"v":[[17.063,0],[0,17.062],[-17.063,0],[0,-17.062]],"c":true},"ix":2},"nm":"Path 1","mn":"ADBE Vector Shape - Group","hd":false},{"ty":"fl","c":{"a":0,"k":[0.043000000598,0.204000001795,0.258999992819,1],"ix":4},"o":{"a":0,"k":100,"ix":5},"r":1,"bm":0,"nm":"Fill 1","mn":"ADBE Vector Graphic - Fill","hd":false},{"ty":"tr","p":{"a":0,"k":[987.188,326.5],"ix":2},"a":{"a":0,"k":[0,0],"ix":1},"s":{"a":1,"k":[{"i":{"x":[0.833,0.833],"y":[0.833,0.833]},"o":{"x":[0.167,0.167],"y":[0.167,0.167]},"t":182,"s":[100,100]},{"i":{"x":[0.833,0.833],"y":[0.833,0.833]},"o":{"x":[0.167,0.167],"y":[0.167,0.167]},"t":184,"s":[100,0]},{"t":186,"s":[100,100]}],"ix":3},"r":{"a":0,"k":0,"ix":6},"o":{"a":0,"k":100,"ix":7},"sk":{"a":0,"k":0,"ix":4},"sa":{"a":0,"k":0,"ix":5},"nm":"Transform"}],"nm":"right-eye-ball","np":2,"cix":2,"bm":0,"ix":22,"mn":"ADBE Vector Group","hd":false},{"ty":"gr","it":[{"ind":0,"ty":"sh","ix":1,"ks":{"a":0,"k":{"i":[[0,-50.707],[50.708,0],[0,50.707],[-50.706,0]],"o":[[0,50.707],[-50.706,0],[0,-50.707],[50.708,0]],"v":[[91.813,0],[-0.001,91.813],[-91.813,0],[-0.001,-91.813]],"c":true},"ix":2},"nm":"Path 1","mn":"ADBE Vector Shape - Group","hd":false},{"ty":"fl","c":{"a":0,"k":[1,1,1,1],"ix":4},"o":{"a":0,"k":100,"ix":5},"r":1,"bm":0,"nm":"Fill 1","mn":"ADBE Vector Graphic - Fill","hd":false},{"ty":"tr","p":{"a":0,"k":[987.188,326.5],"ix":2},"a":{"a":0,"k":[0,0],"ix":1},"s":{"a":1,"k":[{"i":{"x":[0.667,0.667],"y":[1,1]},"o":{"x":[0.333,0.333],"y":[0,0]},"t":176,"s":[100,100]},{"i":{"x":[0.667,0.667],"y":[1,1]},"o":{"x":[0.333,0.333],"y":[0,0]},"t":184,"s":[100,0]},{"t":192,"s":[100,100]}],"ix":3},"r":{"a":0,"k":0,"ix":6},"o":{"a":0,"k":100,"ix":7},"sk":{"a":0,"k":0,"ix":4},"sa":{"a":0,"k":0,"ix":5},"nm":"Transform"}],"nm":"right-eye","np":2,"cix":2,"bm":0,"ix":23,"mn":"ADBE Vector Group","hd":false},{"ty":"gr","it":[{"ind":0,"ty":"sh","ix":1,"ks":{"a":0,"k":{"i":[[0,-9.423],[9.423,0],[0,9.423],[-9.424,0]],"o":[[0,9.423],[-9.424,0],[0,-9.423],[9.423,0]],"v":[[17.063,0],[0,17.062],[-17.063,0],[0,-17.062]],"c":true},"ix":2},"nm":"Path 1","mn":"ADBE Vector Shape - Group","hd":false},{"ty":"fl","c":{"a":0,"k":[0.043000000598,0.204000001795,0.258999992819,1],"ix":4},"o":{"a":0,"k":100,"ix":5},"r":1,"bm":0,"nm":"Fill 1","mn":"ADBE Vector Graphic - Fill","hd":false},{"ty":"tr","p":{"a":0,"k":[832.813,326.5],"ix":2},"a":{"a":0,"k":[0,0],"ix":1},"s":{"a":1,"k":[{"i":{"x":[0.833,0.833],"y":[0.833,0.833]},"o":{"x":[0.167,0.167],"y":[0.167,0.167]},"t":182,"s":[100,100]},{"i":{"x":[0.833,0.833],"y":[0.833,0.833]},"o":{"x":[0.167,0.167],"y":[0.167,0.167]},"t":184,"s":[100,0]},{"t":186,"s":[100,100]}],"ix":3},"r":{"a":0,"k":0,"ix":6},"o":{"a":0,"k":100,"ix":7},"sk":{"a":0,"k":0,"ix":4},"sa":{"a":0,"k":0,"ix":5},"nm":"Transform"}],"nm":"left-eye-ball","np":2,"cix":2,"bm":0,"ix":24,"mn":"ADBE Vector Group","hd":false},{"ty":"gr","it":[{"ind":0,"ty":"sh","ix":1,"ks":{"a":0,"k":{"i":[[0,-50.707],[50.707,0],[0,50.707],[-50.706,0]],"o":[[0,50.707],[-50.706,0],[0,-50.707],[50.707,0]],"v":[[91.813,0],[-0.001,91.813],[-91.813,0],[-0.001,-91.813]],"c":true},"ix":2},"nm":"Path 1","mn":"ADBE Vector Shape - Group","hd":false},{"ty":"fl","c":{"a":0,"k":[1,1,1,1],"ix":4},"o":{"a":0,"k":100,"ix":5},"r":1,"bm":0,"nm":"Fill 1","mn":"ADBE Vector Graphic - Fill","hd":false},{"ty":"tr","p":{"a":0,"k":[832.813,326.5],"ix":2},"a":{"a":0,"k":[0,0],"ix":1},"s":{"a":1,"k":[{"i":{"x":[0.667,0.667],"y":[1,1]},"o":{"x":[0.333,0.333],"y":[0,0]},"t":176,"s":[100,100]},{"i":{"x":[0.667,0.667],"y":[1,1]},"o":{"x":[0.333,0.333],"y":[0,0]},"t":184,"s":[100,0]},{"t":192,"s":[100,100]}],"ix":3},"r":{"a":0,"k":0,"ix":6},"o":{"a":0,"k":100,"ix":7},"sk":{"a":0,"k":0,"ix":4},"sa":{"a":0,"k":0,"ix":5},"nm":"Transform"}],"nm":"left-eye","np":2,"cix":2,"bm":0,"ix":25,"mn":"ADBE Vector Group","hd":false},{"ty":"gr","it":[{"ind":0,"ty":"sh","ix":1,"ks":{"a":0,"k":{"i":[[88.873,0],[0,0],[20.19,82.653],[0,-15.509],[-104.382,0],[0,0],[0,104.382],[3.523,14.424]],"o":[[0,0],[-88.873,0],[-3.523,14.424],[0,104.382],[0,0],[104.382,0],[0,-15.509],[-20.19,82.653]],"v":[[137,27],[-137,27],[-320.595,-117],[-326,-72],[-137,117],[137,117],[326,-72],[320.595,-117]],"c":true},"ix":2},"nm":"Path 1","mn":"ADBE Vector Shape - Group","hd":false},{"ty":"fl","c":{"a":0,"k":[0.976000019148,0.616000007181,0.156999999402,1],"ix":4},"o":{"a":0,"k":100,"ix":5},"r":1,"bm":0,"nm":"Fill 1","mn":"ADBE Vector Graphic - Fill","hd":false},{"ty":"tr","p":{"a":0,"k":[913,456],"ix":2},"a":{"a":0,"k":[0,0],"ix":1},"s":{"a":0,"k":[100,100],"ix":3},"r":{"a":0,"k":0,"ix":6},"o":{"a":0,"k":100,"ix":7},"sk":{"a":0,"k":0,"ix":4},"sa":{"a":0,"k":0,"ix":5},"nm":"Transform"}],"nm":"Group 26","np":2,"cix":2,"bm":0,"ix":26,"mn":"ADBE Vector Group","hd":false},{"ty":"gr","it":[{"ind":0,"ty":"sh","ix":1,"ks":{"a":0,"k":{"i":[[104.382,0],[0,0],[0,104.382],[-104.382,0],[0,0],[0,-104.382]],"o":[[0,0],[-104.382,0],[0,-104.382],[0,0],[104.382,0],[0,104.382]],"v":[[137,189],[-137,189],[-326,0],[-137,-189],[137,-189],[326,0]],"c":true},"ix":2},"nm":"Path 1","mn":"ADBE Vector Shape - Group","hd":false},{"ty":"fl","c":{"a":0,"k":[0.987999949736,0.698000021542,0.086000001197,1],"ix":4},"o":{"a":0,"k":100,"ix":5},"r":1,"bm":0,"nm":"Fill 1","mn":"ADBE Vector Graphic - Fill","hd":false},{"ty":"tr","p":{"a":0,"k":[913,384],"ix":2},"a":{"a":0,"k":[0,0],"ix":1},"s":{"a":0,"k":[100,100],"ix":3},"r":{"a":0,"k":0,"ix":6},"o":{"a":0,"k":100,"ix":7},"sk":{"a":0,"k":0,"ix":4},"sa":{"a":0,"k":0,"ix":5},"nm":"Transform"}],"nm":"Group 27","np":2,"cix":2,"bm":0,"ix":27,"mn":"ADBE Vector Group","hd":false},{"ty":"gr","it":[{"ind":0,"ty":"sh","ix":1,"ks":{"a":0,"k":{"i":[[0,0],[0,0],[0,0],[0,-14.786]],"o":[[0,0],[0,0],[-10.456,-10.456],[0,0]],"v":[[-83.5,74.562],[83.5,74.562],[-55.168,-64.106],[-83.5,-52.371]],"c":true},"ix":2},"nm":"Path 1","mn":"ADBE Vector Shape - Group","hd":false},{"ty":"fl","c":{"a":0,"k":[0.976000019148,0.616000007181,0.156999999402,1],"ix":4},"o":{"a":0,"k":100,"ix":5},"r":1,"bm":0,"nm":"Fill 1","mn":"ADBE Vector Graphic - Fill","hd":false},{"ty":"tr","p":{"a":0,"k":[769.5,168.438],"ix":2},"a":{"a":0,"k":[0,0],"ix":1},"s":{"a":0,"k":[100,100],"ix":3},"r":{"a":0,"k":0,"ix":6},"o":{"a":0,"k":100,"ix":7},"sk":{"a":0,"k":0,"ix":4},"sa":{"a":0,"k":0,"ix":5},"nm":"Transform"}],"nm":"Group 28","np":2,"cix":2,"bm":0,"ix":28,"mn":"ADBE Vector Group","hd":false},{"ty":"gr","it":[{"ind":0,"ty":"sh","ix":1,"ks":{"a":0,"k":{"i":[[0,0],[0,0],[0,0],[0,-14.786]],"o":[[0,0],[0,0],[10.454,-10.456],[0,0]],"v":[[83.5,74.562],[-83.5,74.562],[55.169,-64.106],[83.5,-52.371]],"c":true},"ix":2},"nm":"Path 1","mn":"ADBE Vector Shape - Group","hd":false},{"ty":"fl","c":{"a":0,"k":[0.976000019148,0.616000007181,0.156999999402,1],"ix":4},"o":{"a":0,"k":100,"ix":5},"r":1,"bm":0,"nm":"Fill 1","mn":"ADBE Vector Graphic - Fill","hd":false},{"ty":"tr","p":{"a":0,"k":[1051.5,168.438],"ix":2},"a":{"a":0,"k":[0,0],"ix":1},"s":{"a":0,"k":[100,100],"ix":3},"r":{"a":0,"k":0,"ix":6},"o":{"a":0,"k":100,"ix":7},"sk":{"a":0,"k":0,"ix":4},"sa":{"a":0,"k":0,"ix":5},"nm":"Transform"}],"nm":"Group 29","np":2,"cix":2,"bm":0,"ix":29,"mn":"ADBE Vector Group","hd":false},{"ty":"gr","it":[{"ind":0,"ty":"sh","ix":1,"ks":{"a":0,"k":{"i":[[-56.61,0],[0,0],[-20.121,49.948],[56.611,0],[20.122,-49.948]],"o":[[0,0],[57.15,0],[-20.468,-49.199],[-57.15,0],[20.469,49.199]],"v":[[-0.289,84.5],[-0.289,84.5],[125.892,-0.706],[0.288,-84.5],[-125.893,0.706]],"c":true},"ix":2},"nm":"Path 1","mn":"ADBE Vector Shape - Group","hd":false},{"ty":"fl","c":{"a":0,"k":[0.969000004787,0.560999971278,0.118000000598,1],"ix":4},"o":{"a":0,"k":100,"ix":5},"r":1,"bm":0,"nm":"Fill 1","mn":"ADBE Vector Graphic - Fill","hd":false},{"ty":"tr","p":{"a":0,"k":[917.211,601.5],"ix":2},"a":{"a":0,"k":[0,0],"ix":1},"s":{"a":0,"k":[100,100],"ix":3},"r":{"a":0,"k":0,"ix":6},"o":{"a":0,"k":100,"ix":7},"sk":{"a":0,"k":0,"ix":4},"sa":{"a":0,"k":0,"ix":5},"nm":"Transform"}],"nm":"Group 30","np":2,"cix":2,"bm":0,"ix":30,"mn":"ADBE Vector Group","hd":false},{"ty":"gr","it":[{"ind":0,"ty":"sh","ix":1,"ks":{"a":0,"k":{"i":[[6.687,16.072],[57.15,0],[0,0],[20.468,49.199],[0,-17.954],[0,0],[0,0],[0,0]],"o":[[-20.121,49.948],[0,0],[-56.61,0],[-6.321,15.692],[0,0],[0,0],[0,0],[0,-18.493]],"v":[[125.604,-188.103],[-0.576,-102.897],[-0.577,-102.897],[-126.18,-186.691],[-135.988,-135.909],[-135.988,188.103],[135.988,188.103],[135.988,-135.909]],"c":true},"ix":2},"nm":"Path 1","mn":"ADBE Vector Shape - Group","hd":false},{"ty":"fl","c":{"a":0,"k":[0.987999949736,0.698000021542,0.086000001197,1],"ix":4},"o":{"a":0,"k":100,"ix":5},"r":1,"bm":0,"nm":"Fill 1","mn":"ADBE Vector Graphic - Fill","hd":false},{"ty":"tr","p":{"a":0,"k":[917.5,788.897],"ix":2},"a":{"a":0,"k":[0,0],"ix":1},"s":{"a":0,"k":[100,100],"ix":3},"r":{"a":0,"k":0,"ix":6},"o":{"a":0,"k":100,"ix":7},"sk":{"a":0,"k":0,"ix":4},"sa":{"a":0,"k":0,"ix":5},"nm":"Transform"}],"nm":"Group 31","np":2,"cix":2,"bm":0,"ix":31,"mn":"ADBE Vector Group","hd":false},{"ty":"gr","it":[{"ind":0,"ty":"sh","ix":1,"ks":{"a":0,"k":{"i":[[0,0],[0,0],[0,0],[57.433,0],[0,0],[0,-57.433]],"o":[[0,0],[0,0],[0,-57.433],[0,0],[-57.434,0],[0,0]],"v":[[-251,94],[251,94],[251,9.993],[147.007,-94],[-147.007,-94],[-251,9.993]],"c":true},"ix":2},"nm":"Path 1","mn":"ADBE Vector Shape - Group","hd":false},{"ty":"fl","c":{"a":0,"k":[0.969000004787,0.560999971278,0.118000000598,1],"ix":4},"o":{"a":0,"k":100,"ix":5},"r":1,"bm":0,"nm":"Fill 1","mn":"ADBE Vector Graphic - Fill","hd":false},{"ty":"tr","p":{"a":0,"k":[890,883],"ix":2},"a":{"a":0,"k":[0,0],"ix":1},"s":{"a":0,"k":[100,100],"ix":3},"r":{"a":0,"k":0,"ix":6},"o":{"a":0,"k":100,"ix":7},"sk":{"a":0,"k":0,"ix":4},"sa":{"a":0,"k":0,"ix":5},"nm":"Transform"}],"nm":"Group 32","np":2,"cix":2,"bm":0,"ix":32,"mn":"ADBE Vector Group","hd":false}],"ip":0,"op":1800,"st":0,"bm":0},{"ddd":0,"ind":2,"ty":0,"nm":"02_cat tail edit","refId":"comp_0","sr":2,"ks":{"o":{"a":0,"k":100,"ix":11},"r":{"a":0,"k":94.543,"ix":10},"p":{"a":0,"k":[133,367,0],"ix":2,"l":2},"a":{"a":0,"k":[540,540,0],"ix":1,"l":2},"s":{"a":0,"k":[21.481,21.481,100],"ix":6,"l":2}},"ao":0,"w":1080,"h":1080,"ip":0,"op":192,"st":0,"bm":0}],"markers":[]}