{"tgs":1,"v":"5.5.2","fr":60,"ip":0,"op":180,"w":512,"h":512,"nm":"pokerface 😐","ddd":0,"assets":[],"layers":[{"ddd":0,"ind":1,"ty":3,"nm":"resize","sr":1,"ks":{"o":{"a":0,"k":0},"p":{"a":0,"k":[256,262,0]},"s":{"a":0,"k":[115,115,100]}},"ao":0,"ip":0,"op":180,"st":0,"bm":0},{"ddd":0,"ind":2,"ty":3,"nm":"body","parent":1,"sr":1,"ks":{"o":{"a":0,"k":0},"p":{"a":1,"k":[{"i":{"x":0.667,"y":1},"o":{"x":0.333,"y":0},"t":0,"s":[0,0,0],"to":[0,0,0],"ti":[0,0,0]},{"i":{"x":0.57,"y":1},"o":{"x":0.333,"y":0},"t":39.42,"s":[0,-4,0],"to":[0,0,0],"ti":[0,0,0]},{"i":{"x":0.667,"y":1},"o":{"x":0.33,"y":0},"t":63.695,"s":[-20,-4,0],"to":[0,0,0],"ti":[0,0,0]},{"i":{"x":0.57,"y":1},"o":{"x":0.333,"y":0},"t":97,"s":[-14,-2,0],"to":[0,0,0],"ti":[0,0,0]},{"i":{"x":0.667,"y":1},"o":{"x":0.33,"y":0},"t":124,"s":[20,-4,0],"to":[0,0,0],"ti":[0,0,0]},{"i":{"x":0.34,"y":1},"o":{"x":0.333,"y":0},"t":156,"s":[16,-2,0],"to":[0,0,0],"ti":[0,0,0]},{"t":180,"s":[0,0,0]}]}},"ao":0,"ip":0,"op":180,"st":0,"bm":0},{"ddd":0,"ind":3,"ty":3,"nm":"face","parent":7,"sr":1,"ks":{"o":{"a":0,"k":0},"p":{"a":1,"k":[{"i":{"x":0.667,"y":1},"o":{"x":0.333,"y":0},"t":0,"s":[0,0,0],"to":[0,0,0],"ti":[0,0,0]},{"i":{"x":0.57,"y":1},"o":{"x":0.333,"y":0},"t":32,"s":[0,-4,0],"to":[0,0,0],"ti":[0,0,0]},{"i":{"x":0.667,"y":0.667},"o":{"x":0.33,"y":0.33},"t":57,"s":[-20,-4,0],"to":[0,0,0],"ti":[0,0,0]},{"i":{"x":0.57,"y":1},"o":{"x":0.333,"y":0},"t":91,"s":[-20,-4,0],"to":[0,0,0],"ti":[0,0,0]},{"i":{"x":0.667,"y":0.667},"o":{"x":0.33,"y":0.33},"t":117,"s":[20,-4,0],"to":[0,0,0],"ti":[0,0,0]},{"i":{"x":0.57,"y":1},"o":{"x":0.333,"y":0},"t":152,"s":[20,-4,0],"to":[0,0,0],"ti":[0,0,0]},{"t":176,"s":[0,0,0]}]}},"ao":0,"ip":0,"op":180,"st":0,"bm":0},{"ddd":0,"ind":4,"ty":4,"nm":"mouth","parent":3,"sr":1,"ks":{"p":{"a":0,"k":[-1.896,50.984,0]},"a":{"a":0,"k":[-1.896,50.984,0]}},"ao":0,"shapes":[{"ty":"gr","it":[{"ind":0,"ty":"sh","ks":{"a":1,"k":[{"i":{"x":0.833,"y":1},"o":{"x":0.333,"y":0},"t":0,"s":[{"i":[[0,-5.7],[0.36,-1.04],[4.53,0],[0,0],[1.87,-1.88],[0.51,-1.53],[0,1.16],[-1.88,1.88],[-2.85,0],[0,0]],"o":[[0,1.16],[-1.39,-4.09],[0,0],[-2.85,0],[-1.12,1.12],[-0.36,-1.04],[0,-2.85],[1.87,-1.87],[0,0],[5.69,0]],"v":[[96.14,50.646],[95.59,53.966],[85.79,46.916],[-89.581,46.916],[-96.891,49.956],[-99.381,53.966],[-99.931,50.646],[-96.891,43.326],[-89.581,40.286],[85.79,40.286]],"c":true}]},{"i":{"x":0.667,"y":1},"o":{"x":0.333,"y":0},"t":34,"s":[{"i":[[0,-5.7],[0.36,-1.04],[4.53,0],[0,0],[1.87,-1.88],[0.51,-1.53],[0,1.16],[-1.88,1.88],[-2.85,0],[0,0]],"o":[[0,1.16],[-1.39,-4.09],[0,0],[-2.85,0],[-1.12,1.12],[-0.36,-1.04],[0,-2.85],[1.87,-1.87],[0,0],[5.69,0]],"v":[[96.14,50.646],[95.59,53.966],[85.79,46.916],[-89.581,46.916],[-96.891,49.956],[-99.381,53.966],[-99.931,50.646],[-96.891,43.326],[-89.581,40.286],[85.79,40.286]],"c":true}]},{"i":{"x":0.667,"y":1},"o":{"x":0.333,"y":0},"t":61,"s":[{"i":[[0,-5.7],[0.36,-1.04],[4.53,0],[0,0],[1.87,-1.88],[0.51,-1.53],[0,1.16],[-1.88,1.88],[-2.85,0],[0,0]],"o":[[0,1.16],[-1.39,-4.09],[0,0],[-2.85,0],[-1.12,1.12],[-0.36,-1.04],[0,-2.85],[1.87,-1.87],[0,0],[5.69,0]],"v":[[68.77,50.646],[68.22,53.966],[58.42,46.916],[-62.211,46.916],[-69.521,49.956],[-72.011,53.966],[-72.561,50.646],[-69.521,43.326],[-62.211,40.286],[58.42,40.286]],"c":true}]},{"i":{"x":0.667,"y":1},"o":{"x":0.333,"y":0},"t":150,"s":[{"i":[[0,-5.7],[0.36,-1.04],[4.53,0],[0,0],[1.87,-1.88],[0.51,-1.53],[0,1.16],[-1.88,1.88],[-2.85,0],[0,0]],"o":[[0,1.16],[-1.39,-4.09],[0,0],[-2.85,0],[-1.12,1.12],[-0.36,-1.04],[0,-2.85],[1.87,-1.87],[0,0],[5.69,0]],"v":[[68.77,50.646],[68.22,53.966],[58.42,46.916],[-62.211,46.916],[-69.521,49.956],[-72.011,53.966],[-72.561,50.646],[-69.521,43.326],[-62.211,40.286],[58.42,40.286]],"c":true}]},{"t":180,"s":[{"i":[[0,-5.7],[0.36,-1.04],[4.53,0],[0,0],[1.87,-1.88],[0.51,-1.53],[0,1.16],[-1.88,1.88],[-2.85,0],[0,0]],"o":[[0,1.16],[-1.39,-4.09],[0,0],[-2.85,0],[-1.12,1.12],[-0.36,-1.04],[0,-2.85],[1.87,-1.87],[0,0],[5.69,0]],"v":[[96.14,50.646],[95.59,53.966],[85.79,46.916],[-89.581,46.916],[-96.891,49.956],[-99.381,53.966],[-99.931,50.646],[-96.891,43.326],[-89.581,40.286],[85.79,40.286]],"c":true}]}]},"nm":"Path 1","hd":false},{"ty":"fl","c":{"a":0,"k":[0.419607847929,0.1254902035,0,1]},"o":{"a":0,"k":100},"r":1,"bm":0,"nm":"Fill 1","hd":false},{"ty":"tr","p":{"a":0,"k":[0,0]},"a":{"a":0,"k":[0,0]},"s":{"a":0,"k":[100,100]},"r":{"a":0,"k":0},"o":{"a":0,"k":100},"sk":{"a":0,"k":0},"sa":{"a":0,"k":0},"nm":"Transform"}],"nm":"Group 1","bm":0,"hd":false},{"ty":"gr","it":[{"ind":0,"ty":"sh","ks":{"a":1,"k":[{"i":{"x":0.833,"y":1},"o":{"x":0.333,"y":0},"t":0,"s":[{"i":[[5.695,0],[0,0],[0,5.695],[0,0],[-5.695,0],[0,0],[0,-5.695],[0,0]],"o":[[0,0],[-5.695,0],[0,0],[0,-5.695],[0,0],[5.695,0],[0,0],[0,5.695]],"v":[[85.788,60.997],[-89.581,60.997],[-99.936,50.643],[-99.936,50.643],[-89.581,40.289],[85.788,40.289],[96.143,50.643],[96.143,50.643]],"c":true}]},{"i":{"x":0.667,"y":1},"o":{"x":0.333,"y":0},"t":34,"s":[{"i":[[5.695,0],[0,0],[0,5.695],[0,0],[-5.695,0],[0,0],[0,-5.695],[0,0]],"o":[[0,0],[-5.695,0],[0,0],[0,-5.695],[0,0],[5.695,0],[0,0],[0,5.695]],"v":[[85.788,60.997],[-89.581,60.997],[-99.936,50.643],[-99.936,50.643],[-89.581,40.289],[85.788,40.289],[96.143,50.643],[96.143,50.643]],"c":true}]},{"i":{"x":0.667,"y":1},"o":{"x":0.333,"y":0},"t":61,"s":[{"i":[[5.695,0],[0,0],[0,5.695],[0,0],[-5.695,0],[0,0],[0,-5.695],[0,0]],"o":[[0,0],[-5.695,0],[0,0],[0,-5.695],[0,0],[5.695,0],[0,0],[0,5.695]],"v":[[58.418,60.997],[-62.211,60.997],[-72.566,50.643],[-72.566,50.643],[-62.211,40.289],[58.418,40.289],[68.773,50.643],[68.773,50.643]],"c":true}]},{"i":{"x":0.667,"y":1},"o":{"x":0.333,"y":0},"t":150,"s":[{"i":[[5.695,0],[0,0],[0,5.695],[0,0],[-5.695,0],[0,0],[0,-5.695],[0,0]],"o":[[0,0],[-5.695,0],[0,0],[0,-5.695],[0,0],[5.695,0],[0,0],[0,5.695]],"v":[[58.418,60.997],[-62.211,60.997],[-72.566,50.643],[-72.566,50.643],[-62.211,40.289],[58.418,40.289],[68.773,50.643],[68.773,50.643]],"c":true}]},{"t":180,"s":[{"i":[[5.695,0],[0,0],[0,5.695],[0,0],[-5.695,0],[0,0],[0,-5.695],[0,0]],"o":[[0,0],[-5.695,0],[0,0],[0,-5.695],[0,0],[5.695,0],[0,0],[0,5.695]],"v":[[85.788,60.997],[-89.581,60.997],[-99.936,50.643],[-99.936,50.643],[-89.581,40.289],[85.788,40.289],[96.143,50.643],[96.143,50.643]],"c":true}]}]},"nm":"Path 1","hd":false},{"ty":"fl","c":{"a":0,"k":[0.525490224361,0.247058823705,0.078431375325,1]},"o":{"a":0,"k":100},"r":1,"bm":0,"nm":"Fill 1","hd":false},{"ty":"tr","p":{"a":0,"k":[0,0]},"a":{"a":0,"k":[0,0]},"s":{"a":0,"k":[100,100]},"r":{"a":0,"k":0},"o":{"a":0,"k":100},"sk":{"a":0,"k":0},"sa":{"a":0,"k":0},"nm":"Transform"}],"nm":"Group 2","bm":0,"hd":false},{"ty":"gr","it":[{"ind":0,"ty":"sh","ks":{"a":1,"k":[{"i":{"x":0.833,"y":1},"o":{"x":0.333,"y":0},"t":0,"s":[{"i":[[5.695,0],[0,0],[0,5.695],[0,0],[-5.695,0],[0,0],[0,-5.695],[0,0]],"o":[[0,0],[-5.695,0],[0,0],[0,-5.695],[0,0],[5.695,0],[0,0],[0,5.695]],"v":[[87.154,66.835],[-90.947,66.835],[-101.302,56.48],[-101.302,52.325],[-90.947,41.97],[87.154,41.97],[97.509,52.325],[97.509,56.48]],"c":true}]},{"i":{"x":0.667,"y":1},"o":{"x":0.333,"y":0},"t":34,"s":[{"i":[[5.695,0],[0,0],[0,5.695],[0,0],[-5.695,0],[0,0],[0,-5.695],[0,0]],"o":[[0,0],[-5.695,0],[0,0],[0,-5.695],[0,0],[5.695,0],[0,0],[0,5.695]],"v":[[87.154,66.835],[-90.947,66.835],[-101.302,56.48],[-101.302,52.325],[-90.947,41.97],[87.154,41.97],[97.509,52.325],[97.509,56.48]],"c":true}]},{"i":{"x":0.667,"y":1},"o":{"x":0.333,"y":0},"t":61,"s":[{"i":[[5.695,0],[0,0],[0,5.695],[0,0],[-5.695,0],[0,0],[0,-5.695],[0,0]],"o":[[0,0],[-5.695,0],[0,0],[0,-5.695],[0,0],[5.695,0],[0,0],[0,5.695]],"v":[[59.784,66.835],[-63.577,66.835],[-73.932,56.48],[-73.932,52.325],[-63.577,41.97],[59.784,41.97],[70.139,52.325],[70.139,56.48]],"c":true}]},{"i":{"x":0.667,"y":1},"o":{"x":0.333,"y":0},"t":150,"s":[{"i":[[5.695,0],[0,0],[0,5.695],[0,0],[-5.695,0],[0,0],[0,-5.695],[0,0]],"o":[[0,0],[-5.695,0],[0,0],[0,-5.695],[0,0],[5.695,0],[0,0],[0,5.695]],"v":[[59.784,66.835],[-63.577,66.835],[-73.932,56.48],[-73.932,52.325],[-63.577,41.97],[59.784,41.97],[70.139,52.325],[70.139,56.48]],"c":true}]},{"t":180,"s":[{"i":[[5.695,0],[0,0],[0,5.695],[0,0],[-5.695,0],[0,0],[0,-5.695],[0,0]],"o":[[0,0],[-5.695,0],[0,0],[0,-5.695],[0,0],[5.695,0],[0,0],[0,5.695]],"v":[[87.154,66.835],[-90.947,66.835],[-101.302,56.48],[-101.302,52.325],[-90.947,41.97],[87.154,41.97],[97.509,52.325],[97.509,56.48]],"c":true}]}]},"nm":"Path 1","hd":false},{"ty":"fl","c":{"a":0,"k":[1,0.886274516582,0.65098041296,1]},"o":{"a":0,"k":100},"r":1,"bm":0,"nm":"Fill 1","hd":false},{"ty":"tr","p":{"a":0,"k":[0,0]},"a":{"a":0,"k":[0,0]},"s":{"a":0,"k":[100,100]},"r":{"a":0,"k":0},"o":{"a":0,"k":100},"sk":{"a":0,"k":0},"sa":{"a":0,"k":0},"nm":"Transform"}],"nm":"Group 3","bm":0,"hd":false},{"ty":"gr","it":[{"ind":0,"ty":"sh","ks":{"a":1,"k":[{"i":{"x":0.833,"y":1},"o":{"x":0.333,"y":0},"t":0,"s":[{"i":[[5.695,0],[0,0],[0,5.695],[0,0],[-5.695,0],[0,0],[0,-5.695],[0,0]],"o":[[0,0],[-5.695,0],[0,0],[0,-5.695],[0,0],[5.695,0],[0,0],[0,5.695]],"v":[[87.154,59.997],[-90.947,59.997],[-101.302,49.643],[-101.302,45.487],[-90.947,35.133],[87.154,35.133],[97.509,45.487],[97.509,49.643]],"c":true}]},{"i":{"x":0.667,"y":1},"o":{"x":0.333,"y":0},"t":34,"s":[{"i":[[5.695,0],[0,0],[0,5.695],[0,0],[-5.695,0],[0,0],[0,-5.695],[0,0]],"o":[[0,0],[-5.695,0],[0,0],[0,-5.695],[0,0],[5.695,0],[0,0],[0,5.695]],"v":[[87.154,59.997],[-90.947,59.997],[-101.302,49.643],[-101.302,45.487],[-90.947,35.133],[87.154,35.133],[97.509,45.487],[97.509,49.643]],"c":true}]},{"i":{"x":0.667,"y":1},"o":{"x":0.333,"y":0},"t":61,"s":[{"i":[[5.695,0],[0,0],[0,5.695],[0,0],[-5.695,0],[0,0],[0,-5.695],[0,0]],"o":[[0,0],[-5.695,0],[0,0],[0,-5.695],[0,0],[5.695,0],[0,0],[0,5.695]],"v":[[59.784,59.997],[-63.577,59.997],[-73.932,49.643],[-73.932,45.487],[-63.577,35.133],[59.784,35.133],[70.139,45.487],[70.139,49.643]],"c":true}]},{"i":{"x":0.667,"y":1},"o":{"x":0.333,"y":0},"t":150,"s":[{"i":[[5.695,0],[0,0],[0,5.695],[0,0],[-5.695,0],[0,0],[0,-5.695],[0,0]],"o":[[0,0],[-5.695,0],[0,0],[0,-5.695],[0,0],[5.695,0],[0,0],[0,5.695]],"v":[[59.784,59.997],[-63.577,59.997],[-73.932,49.643],[-73.932,45.487],[-63.577,35.133],[59.784,35.133],[70.139,45.487],[70.139,49.643]],"c":true}]},{"t":180,"s":[{"i":[[5.695,0],[0,0],[0,5.695],[0,0],[-5.695,0],[0,0],[0,-5.695],[0,0]],"o":[[0,0],[-5.695,0],[0,0],[0,-5.695],[0,0],[5.695,0],[0,0],[0,5.695]],"v":[[87.154,59.997],[-90.947,59.997],[-101.302,49.643],[-101.302,45.487],[-90.947,35.133],[87.154,35.133],[97.509,45.487],[97.509,49.643]],"c":true}]}]},"nm":"Path 1","hd":false},{"ty":"fl","c":{"a":0,"k":[1,0.694117665291,0.223529413342,1]},"o":{"a":0,"k":100},"r":1,"bm":0,"nm":"Fill 1","hd":false},{"ty":"tr","p":{"a":0,"k":[0,0]},"a":{"a":0,"k":[0,0]},"s":{"a":0,"k":[100,100]},"r":{"a":0,"k":0},"o":{"a":0,"k":100},"sk":{"a":0,"k":0},"sa":{"a":0,"k":0},"nm":"Transform"}],"nm":"Group 4","bm":0,"hd":false}],"ip":0,"op":180,"st":0,"bm":0},{"ddd":0,"ind":5,"ty":4,"nm":"eye_L","parent":3,"sr":1,"ks":{"p":{"a":0,"k":[-63.159,-48.676,0]},"a":{"a":0,"k":[-63.159,-48.676,0]}},"ao":0,"shapes":[{"ty":"gr","it":[{"ind":0,"ty":"sh","ks":{"a":1,"k":[{"i":{"x":0.21,"y":1},"o":{"x":0.333,"y":0},"t":0,"s":[{"i":[[0,-18.441],[0.128,-1.413],[11.195,0],[1.381,-16.408],[0,1.466],[-12.159,0]],"o":[[0,1.466],[-1.381,-16.408],[-11.195,0],[-0.128,-1.413],[0,-18.441],[12.159,0]],"v":[[-41.141,-49.094],[-41.333,-44.77],[-63.157,-73.839],[-84.981,-44.77],[-85.173,-49.094],[-63.157,-82.477]],"c":true}]},{"i":{"x":0.667,"y":1},"o":{"x":0.6,"y":0},"t":7,"s":[{"i":[[0,0],[0,0],[11.195,0],[0,0],[0,0],[-12.159,0]],"o":[[0,0],[0,0],[-11.195,0],[0,0],[0,0],[12.159,0]],"v":[[-41.126,-39.438],[-41.052,-39.27],[-62.407,-27.527],[-84.993,-39.176],[-85.162,-39.469],[-62.47,-29.664]],"c":true}]},{"i":{"x":0.21,"y":1},"o":{"x":0.333,"y":0},"t":14,"s":[{"i":[[0,-18.441],[0.128,-1.413],[12.639,0],[1.381,-16.408],[0,1.466],[-13.726,0]],"o":[[0,1.466],[-1.381,-16.408],[-12.639,0],[-0.128,-1.413],[0,-18.441],[13.726,0]],"v":[[-41.141,-49.094],[-41.333,-44.77],[-63.11,-76.839],[-84.981,-44.77],[-85.173,-49.094],[-63.11,-85.477]],"c":true}]},{"i":{"x":0.667,"y":1},"o":{"x":0.167,"y":0},"t":21,"s":[{"i":[[0,-18.441],[0.128,-1.413],[11.195,0],[1.381,-16.408],[0,1.466],[-12.159,0]],"o":[[0,1.466],[-1.381,-16.408],[-11.195,0],[-0.128,-1.413],[0,-18.441],[12.159,0]],"v":[[-41.141,-49.094],[-41.333,-44.77],[-63.157,-73.839],[-84.981,-44.77],[-85.173,-49.094],[-63.157,-82.477]],"c":true}]},{"i":{"x":0.21,"y":1},"o":{"x":0.333,"y":0},"t":147,"s":[{"i":[[0,-18.441],[0.128,-1.413],[11.195,0],[1.381,-16.408],[0,1.466],[-12.159,0]],"o":[[0,1.466],[-1.381,-16.408],[-11.195,0],[-0.128,-1.413],[0,-18.441],[12.159,0]],"v":[[-41.141,-49.094],[-41.333,-44.77],[-63.157,-73.839],[-84.981,-44.77],[-85.173,-49.094],[-63.157,-82.477]],"c":true}]},{"i":{"x":0.667,"y":1},"o":{"x":0.6,"y":0},"t":154,"s":[{"i":[[0,0],[0,0],[11.195,0],[0,0],[0,0],[-12.159,0]],"o":[[0,0],[0,0],[-11.195,0],[0,0],[0,0],[12.159,0]],"v":[[-41.126,-39.438],[-41.052,-39.27],[-62.407,-27.527],[-84.993,-39.176],[-85.162,-39.469],[-62.47,-29.664]],"c":true}]},{"t":161,"s":[{"i":[[0,-18.441],[0.128,-1.413],[12.639,0],[1.381,-16.408],[0,1.466],[-13.726,0]],"o":[[0,1.466],[-1.381,-16.408],[-12.639,0],[-0.128,-1.413],[0,-18.441],[13.726,0]],"v":[[-41.141,-49.094],[-41.333,-44.77],[-63.11,-76.839],[-84.981,-44.77],[-85.173,-49.094],[-63.11,-85.477]],"c":true}]}]},"nm":"Path 1","hd":false},{"ty":"fl","c":{"a":0,"k":[0.419607847929,0.1254902035,0,1]},"o":{"a":0,"k":100},"r":1,"bm":0,"nm":"Fill 1","hd":false},{"ty":"tr","p":{"a":0,"k":[0,0]},"a":{"a":0,"k":[0,0]},"s":{"a":0,"k":[100,100]},"r":{"a":0,"k":0},"o":{"a":0,"k":100},"sk":{"a":0,"k":0},"sa":{"a":0,"k":0},"nm":"Transform"}],"nm":"Group 1","bm":0,"hd":false},{"ty":"gr","it":[{"ind":0,"ty":"sh","ks":{"a":1,"k":[{"i":{"x":0.21,"y":1},"o":{"x":0.333,"y":0},"t":0,"s":[{"i":[[0,-18.437],[12.16,0],[0,18.437],[-12.16,0]],"o":[[0,18.437],[-12.16,0],[0,-18.437],[12.16,0]],"v":[[-41.141,-49.098],[-63.159,-15.715],[-85.176,-49.098],[-63.159,-82.48]],"c":true}]},{"i":{"x":0.667,"y":1},"o":{"x":0.6,"y":0},"t":7,"s":[{"i":[[0,0],[12.16,0],[0,0],[-12.16,0]],"o":[[0,0],[-12.16,0],[0,0],[12.16,0]],"v":[[-41.125,-39.348],[-62.721,-24.403],[-85.165,-39.473],[-62.346,-28.605]],"c":true}]},{"i":{"x":0.21,"y":1},"o":{"x":0.333,"y":0},"t":14,"s":[{"i":[[0,-18.437],[12.16,0],[0,18.437],[-13.728,0]],"o":[[0,18.437],[-12.16,0],[0,-18.437],[13.728,0]],"v":[[-41.141,-49.098],[-63.159,-15.715],[-85.176,-49.098],[-63.112,-85.48]],"c":true}]},{"i":{"x":0.667,"y":1},"o":{"x":0.167,"y":0},"t":21,"s":[{"i":[[0,-18.437],[12.16,0],[0,18.437],[-12.16,0]],"o":[[0,18.437],[-12.16,0],[0,-18.437],[12.16,0]],"v":[[-41.141,-49.098],[-63.159,-15.715],[-85.176,-49.098],[-63.159,-82.48]],"c":true}]},{"i":{"x":0.21,"y":1},"o":{"x":0.333,"y":0},"t":147,"s":[{"i":[[0,-18.437],[12.16,0],[0,18.437],[-12.16,0]],"o":[[0,18.437],[-12.16,0],[0,-18.437],[12.16,0]],"v":[[-41.141,-49.098],[-63.159,-15.715],[-85.176,-49.098],[-63.159,-82.48]],"c":true}]},{"i":{"x":0.667,"y":1},"o":{"x":0.6,"y":0},"t":154,"s":[{"i":[[0,0],[12.16,0],[0,0],[-12.16,0]],"o":[[0,0],[-12.16,0],[0,0],[12.16,0]],"v":[[-41.125,-39.348],[-62.721,-24.403],[-85.165,-39.473],[-62.346,-28.605]],"c":true}]},{"t":161,"s":[{"i":[[0,-18.437],[12.16,0],[0,18.437],[-13.728,0]],"o":[[0,18.437],[-12.16,0],[0,-18.437],[13.728,0]],"v":[[-41.141,-49.098],[-63.159,-15.715],[-85.176,-49.098],[-63.112,-85.48]],"c":true}]}]},"nm":"Path 1","hd":false},{"ty":"fl","c":{"a":0,"k":[0.525490224361,0.247058823705,0.078431375325,1]},"o":{"a":0,"k":100},"r":1,"bm":0,"nm":"Fill 1","hd":false},{"ty":"tr","p":{"a":0,"k":[0,0]},"a":{"a":0,"k":[0,0]},"s":{"a":0,"k":[100,100]},"r":{"a":0,"k":0},"o":{"a":0,"k":100},"sk":{"a":0,"k":0},"sa":{"a":0,"k":0},"nm":"Transform"}],"nm":"Group 2","bm":0,"hd":false},{"ty":"gr","it":[{"ind":0,"ty":"sh","ks":{"a":1,"k":[{"i":{"x":0.21,"y":1},"o":{"x":0.333,"y":0},"t":0,"s":[{"i":[[0,-18.437],[12.971,0],[0,18.437],[-12.971,0]],"o":[[0,18.437],[-12.971,0],[0,-18.437],[12.971,0]],"v":[[-39.673,-42.676],[-63.159,-9.293],[-86.644,-42.676],[-63.159,-76.058]],"c":true}]},{"i":{"x":0.667,"y":1},"o":{"x":0.6,"y":0},"t":7,"s":[{"i":[[0.213,-0.862],[12.971,0],[0.243,1.913],[-12.971,0]],"o":[[-1.452,5.863],[-12.971,0],[-0.168,-1.324],[12.971,0]],"v":[[-40.923,-38.988],[-62.721,-20.231],[-85.082,-38.676],[-62.596,-26.246]],"c":true}]},{"i":{"x":0.21,"y":1},"o":{"x":0.333,"y":0},"t":14,"s":[{"i":[[0,-18.437],[12.971,0],[0,18.437],[-14.643,0]],"o":[[0,18.437],[-12.971,0],[0,-18.437],[14.643,0]],"v":[[-39.673,-42.676],[-63.159,-9.293],[-86.644,-42.676],[-63.112,-79.058]],"c":true}]},{"i":{"x":0.667,"y":1},"o":{"x":0.167,"y":0},"t":21,"s":[{"i":[[0,-18.437],[12.971,0],[0,18.437],[-12.971,0]],"o":[[0,18.437],[-12.971,0],[0,-18.437],[12.971,0]],"v":[[-39.673,-42.676],[-63.159,-9.293],[-86.644,-42.676],[-63.159,-76.058]],"c":true}]},{"i":{"x":0.21,"y":1},"o":{"x":0.333,"y":0},"t":147,"s":[{"i":[[0,-18.437],[12.971,0],[0,18.437],[-12.971,0]],"o":[[0,18.437],[-12.971,0],[0,-18.437],[12.971,0]],"v":[[-39.673,-42.676],[-63.159,-9.293],[-86.644,-42.676],[-63.159,-76.058]],"c":true}]},{"i":{"x":0.667,"y":1},"o":{"x":0.6,"y":0},"t":154,"s":[{"i":[[0.213,-0.862],[12.971,0],[0.243,1.913],[-12.971,0]],"o":[[-1.452,5.863],[-12.971,0],[-0.168,-1.324],[12.971,0]],"v":[[-40.923,-38.988],[-62.721,-20.231],[-85.082,-38.676],[-62.596,-26.246]],"c":true}]},{"t":161,"s":[{"i":[[0,-18.437],[12.971,0],[0,18.437],[-14.643,0]],"o":[[0,18.437],[-12.971,0],[0,-18.437],[14.643,0]],"v":[[-39.673,-42.676],[-63.159,-9.293],[-86.644,-42.676],[-63.112,-79.058]],"c":true}]}]},"nm":"Path 1","hd":false},{"ty":"fl","c":{"a":0,"k":[1,0.886274516582,0.65098041296,1]},"o":{"a":0,"k":100},"r":1,"bm":0,"nm":"Fill 1","hd":false},{"ty":"tr","p":{"a":0,"k":[0,0]},"a":{"a":0,"k":[0,0]},"s":{"a":0,"k":[100,100]},"r":{"a":0,"k":0},"o":{"a":0,"k":100},"sk":{"a":0,"k":0},"sa":{"a":0,"k":0},"nm":"Transform"}],"nm":"Group 3","bm":0,"hd":false},{"ty":"gr","it":[{"ind":0,"ty":"sh","ks":{"a":1,"k":[{"i":{"x":0.21,"y":1},"o":{"x":0.333,"y":0},"t":0,"s":[{"i":[[0,-18.437],[12.971,0],[0,18.437],[-12.971,0]],"o":[[0,18.437],[-12.971,0],[0,-18.437],[12.971,0]],"v":[[-39.673,-54.676],[-63.159,-21.293],[-86.644,-54.676],[-63.159,-88.058]],"c":true}]},{"i":{"x":0.667,"y":1},"o":{"x":0.6,"y":0},"t":7,"s":[{"i":[[1.298,-6.324],[12.971,0],[0.144,0.426],[-12.971,0]],"o":[[-0.876,4.269],[-12.971,0],[-2.606,-7.887],[12.971,0]],"v":[[-41.173,-39.676],[-62.846,-24.481],[-85.144,-38.988],[-62.534,-31.871]],"c":true}]},{"i":{"x":0.21,"y":1},"o":{"x":0.333,"y":0},"t":14,"s":[{"i":[[0,-18.437],[12.971,0],[0,18.437],[-14.643,0]],"o":[[0,18.437],[-12.971,0],[0,-18.437],[14.643,0]],"v":[[-39.673,-54.676],[-63.159,-21.293],[-86.644,-54.676],[-63.112,-91.058]],"c":true}]},{"i":{"x":0.667,"y":1},"o":{"x":0.167,"y":0},"t":21,"s":[{"i":[[0,-18.437],[12.971,0],[0,18.437],[-12.971,0]],"o":[[0,18.437],[-12.971,0],[0,-18.437],[12.971,0]],"v":[[-39.673,-54.676],[-63.159,-21.293],[-86.644,-54.676],[-63.159,-88.058]],"c":true}]},{"i":{"x":0.21,"y":1},"o":{"x":0.333,"y":0},"t":147,"s":[{"i":[[0,-18.437],[12.971,0],[0,18.437],[-12.971,0]],"o":[[0,18.437],[-12.971,0],[0,-18.437],[12.971,0]],"v":[[-39.673,-54.676],[-63.159,-21.293],[-86.644,-54.676],[-63.159,-88.058]],"c":true}]},{"i":{"x":0.667,"y":1},"o":{"x":0.6,"y":0},"t":154,"s":[{"i":[[1.298,-6.324],[12.971,0],[0.144,0.426],[-12.971,0]],"o":[[-0.876,4.269],[-12.971,0],[-2.606,-7.887],[12.971,0]],"v":[[-41.173,-39.676],[-62.846,-24.481],[-85.144,-38.988],[-62.534,-31.871]],"c":true}]},{"t":161,"s":[{"i":[[0,-18.437],[12.971,0],[0,18.437],[-14.643,0]],"o":[[0,18.437],[-12.971,0],[0,-18.437],[14.643,0]],"v":[[-39.673,-54.676],[-63.159,-21.293],[-86.644,-54.676],[-63.112,-91.058]],"c":true}]}]},"nm":"Path 1","hd":false},{"ty":"fl","c":{"a":0,"k":[1,0.694117665291,0.223529413342,1]},"o":{"a":0,"k":100},"r":1,"bm":0,"nm":"Fill 1","hd":false},{"ty":"tr","p":{"a":0,"k":[0,0]},"a":{"a":0,"k":[0,0]},"s":{"a":0,"k":[100,100]},"r":{"a":0,"k":0},"o":{"a":0,"k":100},"sk":{"a":0,"k":0},"sa":{"a":0,"k":0},"nm":"Transform"}],"nm":"Group 4","bm":0,"hd":false}],"ip":0,"op":180,"st":0,"bm":0},{"ddd":0,"ind":6,"ty":4,"nm":"eye_R 2","parent":3,"sr":1,"ks":{"p":{"a":0,"k":[59.241,-48.676,0]},"a":{"a":0,"k":[59.241,-48.676,0]}},"ao":0,"shapes":[{"ty":"gr","it":[{"ty":"gr","it":[{"ty":"gr","it":[{"ind":0,"ty":"sh","ks":{"a":1,"k":[{"i":{"x":0.21,"y":1},"o":{"x":0.333,"y":0},"t":0,"s":[{"i":[[0,-18.441],[0.128,-1.413],[11.195,0],[1.381,-16.408],[0,1.466],[-12.159,0]],"o":[[0,1.466],[-1.381,-16.408],[-11.195,0],[-0.128,-1.413],[0,-18.441],[12.159,0]],"v":[[-41.141,-49.094],[-41.333,-44.77],[-63.157,-73.839],[-84.981,-44.77],[-85.173,-49.094],[-63.157,-82.477]],"c":true}]},{"i":{"x":0.667,"y":1},"o":{"x":0.6,"y":0},"t":7,"s":[{"i":[[0,0],[0,0],[11.195,0],[0,0],[0,0],[-12.159,0]],"o":[[0,0],[0,0],[-11.195,0],[0,0],[0,0],[12.159,0]],"v":[[-41.126,-39.438],[-41.052,-39.27],[-62.407,-27.527],[-84.993,-39.176],[-85.162,-39.469],[-62.47,-29.664]],"c":true}]},{"i":{"x":0.21,"y":1},"o":{"x":0.333,"y":0},"t":14,"s":[{"i":[[0,-18.441],[0.128,-1.413],[12.639,0],[1.381,-16.408],[0,1.466],[-13.726,0]],"o":[[0,1.466],[-1.381,-16.408],[-12.639,0],[-0.128,-1.413],[0,-18.441],[13.726,0]],"v":[[-41.141,-49.094],[-41.333,-44.77],[-63.11,-76.839],[-84.981,-44.77],[-85.173,-49.094],[-63.11,-85.477]],"c":true}]},{"i":{"x":0.667,"y":1},"o":{"x":0.167,"y":0},"t":21,"s":[{"i":[[0,-18.441],[0.128,-1.413],[11.195,0],[1.381,-16.408],[0,1.466],[-12.159,0]],"o":[[0,1.466],[-1.381,-16.408],[-11.195,0],[-0.128,-1.413],[0,-18.441],[12.159,0]],"v":[[-41.141,-49.094],[-41.333,-44.77],[-63.157,-73.839],[-84.981,-44.77],[-85.173,-49.094],[-63.157,-82.477]],"c":true}]},{"i":{"x":0.21,"y":1},"o":{"x":0.333,"y":0},"t":147,"s":[{"i":[[0,-18.441],[0.128,-1.413],[11.195,0],[1.381,-16.408],[0,1.466],[-12.159,0]],"o":[[0,1.466],[-1.381,-16.408],[-11.195,0],[-0.128,-1.413],[0,-18.441],[12.159,0]],"v":[[-41.141,-49.094],[-41.333,-44.77],[-63.157,-73.839],[-84.981,-44.77],[-85.173,-49.094],[-63.157,-82.477]],"c":true}]},{"i":{"x":0.667,"y":1},"o":{"x":0.6,"y":0},"t":154,"s":[{"i":[[0,0],[0,0],[11.195,0],[0,0],[0,0],[-12.159,0]],"o":[[0,0],[0,0],[-11.195,0],[0,0],[0,0],[12.159,0]],"v":[[-41.126,-39.438],[-41.052,-39.27],[-62.407,-27.527],[-84.993,-39.176],[-85.162,-39.469],[-62.47,-29.664]],"c":true}]},{"t":161,"s":[{"i":[[0,-18.441],[0.128,-1.413],[12.639,0],[1.381,-16.408],[0,1.466],[-13.726,0]],"o":[[0,1.466],[-1.381,-16.408],[-12.639,0],[-0.128,-1.413],[0,-18.441],[13.726,0]],"v":[[-41.141,-49.094],[-41.333,-44.77],[-63.11,-76.839],[-84.981,-44.77],[-85.173,-49.094],[-63.11,-85.477]],"c":true}]}]},"nm":"Path 1","hd":false},{"ty":"fl","c":{"a":0,"k":[0.419607847929,0.1254902035,0,1]},"o":{"a":0,"k":100},"r":1,"bm":0,"nm":"Fill 1","hd":false},{"ty":"tr","p":{"a":0,"k":[0,0]},"a":{"a":0,"k":[0,0]},"s":{"a":0,"k":[100,100]},"r":{"a":0,"k":0},"o":{"a":0,"k":100},"sk":{"a":0,"k":0},"sa":{"a":0,"k":0},"nm":"Transform"}],"nm":"Group 1","bm":0,"hd":false},{"ty":"gr","it":[{"ind":0,"ty":"sh","ks":{"a":1,"k":[{"i":{"x":0.21,"y":1},"o":{"x":0.333,"y":0},"t":0,"s":[{"i":[[0,-18.437],[12.16,0],[0,18.437],[-12.16,0]],"o":[[0,18.437],[-12.16,0],[0,-18.437],[12.16,0]],"v":[[-41.141,-49.098],[-63.159,-15.715],[-85.176,-49.098],[-63.159,-82.48]],"c":true}]},{"i":{"x":0.667,"y":1},"o":{"x":0.6,"y":0},"t":7,"s":[{"i":[[0,0],[12.16,0],[0,0],[-12.16,0]],"o":[[0,0],[-12.16,0],[0,0],[12.16,0]],"v":[[-41.125,-39.348],[-62.721,-24.403],[-85.165,-39.473],[-62.346,-28.605]],"c":true}]},{"i":{"x":0.21,"y":1},"o":{"x":0.333,"y":0},"t":14,"s":[{"i":[[0,-18.437],[12.16,0],[0,18.437],[-13.728,0]],"o":[[0,18.437],[-12.16,0],[0,-18.437],[13.728,0]],"v":[[-41.141,-49.098],[-63.159,-15.715],[-85.176,-49.098],[-63.112,-85.48]],"c":true}]},{"i":{"x":0.667,"y":1},"o":{"x":0.167,"y":0},"t":21,"s":[{"i":[[0,-18.437],[12.16,0],[0,18.437],[-12.16,0]],"o":[[0,18.437],[-12.16,0],[0,-18.437],[12.16,0]],"v":[[-41.141,-49.098],[-63.159,-15.715],[-85.176,-49.098],[-63.159,-82.48]],"c":true}]},{"i":{"x":0.21,"y":1},"o":{"x":0.333,"y":0},"t":147,"s":[{"i":[[0,-18.437],[12.16,0],[0,18.437],[-12.16,0]],"o":[[0,18.437],[-12.16,0],[0,-18.437],[12.16,0]],"v":[[-41.141,-49.098],[-63.159,-15.715],[-85.176,-49.098],[-63.159,-82.48]],"c":true}]},{"i":{"x":0.667,"y":1},"o":{"x":0.6,"y":0},"t":154,"s":[{"i":[[0,0],[12.16,0],[0,0],[-12.16,0]],"o":[[0,0],[-12.16,0],[0,0],[12.16,0]],"v":[[-41.125,-39.348],[-62.721,-24.403],[-85.165,-39.473],[-62.346,-28.605]],"c":true}]},{"t":161,"s":[{"i":[[0,-18.437],[12.16,0],[0,18.437],[-13.728,0]],"o":[[0,18.437],[-12.16,0],[0,-18.437],[13.728,0]],"v":[[-41.141,-49.098],[-63.159,-15.715],[-85.176,-49.098],[-63.112,-85.48]],"c":true}]}]},"nm":"Path 1","hd":false},{"ty":"fl","c":{"a":0,"k":[0.525490224361,0.247058823705,0.078431375325,1]},"o":{"a":0,"k":100},"r":1,"bm":0,"nm":"Fill 1","hd":false},{"ty":"tr","p":{"a":0,"k":[0,0]},"a":{"a":0,"k":[0,0]},"s":{"a":0,"k":[100,100]},"r":{"a":0,"k":0},"o":{"a":0,"k":100},"sk":{"a":0,"k":0},"sa":{"a":0,"k":0},"nm":"Transform"}],"nm":"Group 2","bm":0,"hd":false},{"ty":"gr","it":[{"ind":0,"ty":"sh","ks":{"a":1,"k":[{"i":{"x":0.21,"y":1},"o":{"x":0.333,"y":0},"t":0,"s":[{"i":[[0,-18.437],[12.971,0],[0,18.437],[-12.971,0]],"o":[[0,18.437],[-12.971,0],[0,-18.437],[12.971,0]],"v":[[-39.673,-42.676],[-63.159,-9.293],[-86.644,-42.676],[-63.159,-76.058]],"c":true}]},{"i":{"x":0.667,"y":1},"o":{"x":0.6,"y":0},"t":7,"s":[{"i":[[0.213,-0.862],[12.971,0],[0.243,1.913],[-12.971,0]],"o":[[-1.452,5.863],[-12.971,0],[-0.168,-1.324],[12.971,0]],"v":[[-40.923,-38.988],[-62.721,-20.231],[-85.082,-38.676],[-62.596,-26.246]],"c":true}]},{"i":{"x":0.21,"y":1},"o":{"x":0.333,"y":0},"t":14,"s":[{"i":[[0,-18.437],[12.971,0],[0,18.437],[-14.643,0]],"o":[[0,18.437],[-12.971,0],[0,-18.437],[14.643,0]],"v":[[-39.673,-42.676],[-63.159,-9.293],[-86.644,-42.676],[-63.112,-79.058]],"c":true}]},{"i":{"x":0.667,"y":1},"o":{"x":0.167,"y":0},"t":21,"s":[{"i":[[0,-18.437],[12.971,0],[0,18.437],[-12.971,0]],"o":[[0,18.437],[-12.971,0],[0,-18.437],[12.971,0]],"v":[[-39.673,-42.676],[-63.159,-9.293],[-86.644,-42.676],[-63.159,-76.058]],"c":true}]},{"i":{"x":0.21,"y":1},"o":{"x":0.333,"y":0},"t":147,"s":[{"i":[[0,-18.437],[12.971,0],[0,18.437],[-12.971,0]],"o":[[0,18.437],[-12.971,0],[0,-18.437],[12.971,0]],"v":[[-39.673,-42.676],[-63.159,-9.293],[-86.644,-42.676],[-63.159,-76.058]],"c":true}]},{"i":{"x":0.667,"y":1},"o":{"x":0.6,"y":0},"t":154,"s":[{"i":[[0.213,-0.862],[12.971,0],[0.243,1.913],[-12.971,0]],"o":[[-1.452,5.863],[-12.971,0],[-0.168,-1.324],[12.971,0]],"v":[[-40.923,-38.988],[-62.721,-20.231],[-85.082,-38.676],[-62.596,-26.246]],"c":true}]},{"t":161,"s":[{"i":[[0,-18.437],[12.971,0],[0,18.437],[-14.643,0]],"o":[[0,18.437],[-12.971,0],[0,-18.437],[14.643,0]],"v":[[-39.673,-42.676],[-63.159,-9.293],[-86.644,-42.676],[-63.112,-79.058]],"c":true}]}]},"nm":"Path 1","hd":false},{"ty":"fl","c":{"a":0,"k":[1,0.886274516582,0.65098041296,1]},"o":{"a":0,"k":100},"r":1,"bm":0,"nm":"Fill 1","hd":false},{"ty":"tr","p":{"a":0,"k":[0,0]},"a":{"a":0,"k":[0,0]},"s":{"a":0,"k":[100,100]},"r":{"a":0,"k":0},"o":{"a":0,"k":100},"sk":{"a":0,"k":0},"sa":{"a":0,"k":0},"nm":"Transform"}],"nm":"Group 3","bm":0,"hd":false},{"ty":"tr","p":{"a":0,"k":[0,0]},"a":{"a":0,"k":[0,0]},"s":{"a":0,"k":[100,100]},"r":{"a":0,"k":0},"o":{"a":0,"k":100},"sk":{"a":0,"k":0},"sa":{"a":0,"k":0},"nm":"Transform"}],"nm":"Group 1","bm":0,"hd":false},{"ty":"gr","it":[{"ind":0,"ty":"sh","ks":{"a":1,"k":[{"i":{"x":0.21,"y":1},"o":{"x":0.333,"y":0},"t":0,"s":[{"i":[[0,-18.437],[12.971,0],[0,18.437],[-12.971,0]],"o":[[0,18.437],[-12.971,0],[0,-18.437],[12.971,0]],"v":[[-39.673,-54.676],[-63.159,-21.293],[-86.644,-54.676],[-63.159,-88.058]],"c":true}]},{"i":{"x":0.667,"y":1},"o":{"x":0.6,"y":0},"t":7,"s":[{"i":[[1.298,-6.324],[12.971,0],[0.144,0.426],[-12.971,0]],"o":[[-0.876,4.269],[-12.971,0],[-2.606,-7.887],[12.971,0]],"v":[[-41.173,-39.676],[-62.846,-24.481],[-85.144,-38.988],[-62.534,-31.871]],"c":true}]},{"i":{"x":0.21,"y":1},"o":{"x":0.333,"y":0},"t":14,"s":[{"i":[[0,-18.437],[12.971,0],[0,18.437],[-14.643,0]],"o":[[0,18.437],[-12.971,0],[0,-18.437],[14.643,0]],"v":[[-39.673,-54.676],[-63.159,-21.293],[-86.644,-54.676],[-63.112,-91.058]],"c":true}]},{"i":{"x":0.667,"y":1},"o":{"x":0.167,"y":0},"t":21,"s":[{"i":[[0,-18.437],[12.971,0],[0,18.437],[-12.971,0]],"o":[[0,18.437],[-12.971,0],[0,-18.437],[12.971,0]],"v":[[-39.673,-54.676],[-63.159,-21.293],[-86.644,-54.676],[-63.159,-88.058]],"c":true}]},{"i":{"x":0.21,"y":1},"o":{"x":0.333,"y":0},"t":147,"s":[{"i":[[0,-18.437],[12.971,0],[0,18.437],[-12.971,0]],"o":[[0,18.437],[-12.971,0],[0,-18.437],[12.971,0]],"v":[[-39.673,-54.676],[-63.159,-21.293],[-86.644,-54.676],[-63.159,-88.058]],"c":true}]},{"i":{"x":0.667,"y":1},"o":{"x":0.6,"y":0},"t":154,"s":[{"i":[[1.298,-6.324],[12.971,0],[0.144,0.426],[-12.971,0]],"o":[[-0.876,4.269],[-12.971,0],[-2.606,-7.887],[12.971,0]],"v":[[-41.173,-39.676],[-62.846,-24.481],[-85.144,-38.988],[-62.534,-31.871]],"c":true}]},{"t":161,"s":[{"i":[[0,-18.437],[12.971,0],[0,18.437],[-14.643,0]],"o":[[0,18.437],[-12.971,0],[0,-18.437],[14.643,0]],"v":[[-39.673,-54.676],[-63.159,-21.293],[-86.644,-54.676],[-63.112,-91.058]],"c":true}]}]},"nm":"Path 1","hd":false},{"ty":"fl","c":{"a":0,"k":[1,0.694117665291,0.223529413342,1]},"o":{"a":0,"k":100},"r":1,"bm":0,"nm":"Fill 1","hd":false},{"ty":"tr","p":{"a":0,"k":[0,0]},"a":{"a":0,"k":[0,0]},"s":{"a":0,"k":[100,100]},"r":{"a":0,"k":0},"o":{"a":0,"k":100},"sk":{"a":0,"k":0},"sa":{"a":0,"k":0},"nm":"Transform"}],"nm":"Group 2","bm":0,"hd":false},{"ty":"tr","p":{"a":0,"k":[59.841,-48.676]},"a":{"a":0,"k":[-62.159,-48.676]},"s":{"a":0,"k":[100,100]},"r":{"a":0,"k":0},"o":{"a":0,"k":100},"sk":{"a":0,"k":0},"sa":{"a":0,"k":0},"nm":"Transform"}],"nm":"Group 1","bm":0,"hd":false}],"ip":0,"op":180,"st":0,"bm":0},{"ddd":0,"ind":7,"ty":4,"nm":"base","parent":2,"sr":1,"ks":{"p":{"a":0,"k":[-1.959,178.657,0]},"a":{"a":0,"k":[-1.959,178.657,0]},"s":{"a":1,"k":[{"i":{"x":[0.667,0.667,0.667],"y":[1,1,1]},"o":{"x":[0.333,0.333,0.333],"y":[0,0,0]},"t":0,"s":[100,100,100]},{"i":{"x":[0.667,0.667,0.667],"y":[1,1,1]},"o":{"x":[0.333,0.333,0.333],"y":[0,0,0]},"t":31,"s":[100,100,100]},{"i":{"x":[0.01,0.01,0.01],"y":[1,1,1]},"o":{"x":[0.333,0.333,0.333],"y":[0,0,0]},"t":47,"s":[105,95,100]},{"i":{"x":[0.667,0.667,0.667],"y":[1,1,1]},"o":{"x":[0.167,0.167,0.167],"y":[0,0,0]},"t":75,"s":[100,100,100]},{"i":{"x":[0.667,0.667,0.667],"y":[1,1,1]},"o":{"x":[0.333,0.333,0.333],"y":[0,0,0]},"t":90,"s":[100,100,100]},{"i":{"x":[0.01,0.01,0.01],"y":[1,1,1]},"o":{"x":[0.333,0.333,0.333],"y":[0,0,0]},"t":106,"s":[105,95,100]},{"t":141,"s":[100,100,100]}]}},"ao":0,"shapes":[{"ty":"gr","it":[{"ty":"gr","it":[{"ind":0,"ty":"sh","ks":{"a":0,"k":{"i":[[0,0],[-7.723,-1.278]],"o":[[0,0],[0,0]],"v":[[13.06,-183.179],[25.65,-181.641]],"c":false}},"nm":"Path 1","hd":false},{"ty":"st","c":{"a":0,"k":[1,1,1,1]},"o":{"a":0,"k":100},"w":{"a":0,"k":6},"lc":2,"lj":2,"bm":0,"nm":"Stroke 1","hd":false},{"ty":"tr","p":{"a":0,"k":[0,0]},"a":{"a":0,"k":[0,0]},"s":{"a":0,"k":[100,100]},"r":{"a":0,"k":0},"o":{"a":0,"k":100},"sk":{"a":0,"k":0},"sa":{"a":0,"k":0},"nm":"Transform"}],"nm":"Group 1","bm":0,"hd":false},{"ty":"gr","it":[{"ind":0,"ty":"sh","ks":{"a":0,"k":{"i":[[0,0],[-1.644,-0.406]],"o":[[1.538,0.335],[0,0]],"v":[[34.414,-179.96],[39.192,-178.849]],"c":false}},"nm":"Path 1","hd":false},{"ty":"st","c":{"a":0,"k":[1,1,1,1]},"o":{"a":0,"k":100},"w":{"a":0,"k":6},"lc":2,"lj":2,"bm":0,"nm":"Stroke 1","hd":false},{"ty":"tr","p":{"a":0,"k":[0,0]},"a":{"a":0,"k":[0,0]},"s":{"a":0,"k":[100,100]},"r":{"a":0,"k":0},"o":{"a":0,"k":100},"sk":{"a":0,"k":0},"sa":{"a":0,"k":0},"nm":"Transform"}],"nm":"Group 2","bm":0,"hd":false},{"ty":"tr","p":{"a":0,"k":[0,0]},"a":{"a":0,"k":[0,0]},"s":{"a":0,"k":[100,100]},"r":{"a":0,"k":0},"o":{"a":0,"k":100},"sk":{"a":0,"k":0},"sa":{"a":0,"k":0},"nm":"Transform"}],"nm":"Group 1","bm":0,"hd":false},{"ty":"gr","it":[{"ind":0,"ty":"sh","ks":{"a":0,"k":{"i":[[0,-72.643],[82.438,0],[0,72.643],[-82.438,0]],"o":[[0,72.643],[-82.438,0],[0,-72.643],[82.438,0]],"v":[[147.309,-52.647],[-1.959,-37.468],[-151.226,-52.647],[-1.959,-184.179]],"c":true}},"nm":"Path 1","hd":false},{"ty":"fl","c":{"a":0,"k":[1,0.874509811401,0.474509805441,1]},"o":{"a":0,"k":100},"r":1,"bm":0,"nm":"Fill 1","hd":false},{"ty":"tr","p":{"a":0,"k":[0,0]},"a":{"a":0,"k":[0,0]},"s":{"a":0,"k":[100,100]},"r":{"a":0,"k":0},"o":{"a":0,"k":90},"sk":{"a":0,"k":0},"sa":{"a":0,"k":0},"nm":"Transform"}],"nm":"Group 2","bm":0,"hd":false},{"ty":"gr","it":[{"ind":0,"ty":"sh","ks":{"a":0,"k":{"i":[[1.457,-95.029],[92.978,1.425],[-1.457,95.028],[-92.978,-1.425]],"o":[[-1.457,95.029],[-92.978,-1.425],[1.457,-95.029],[92.978,1.425]],"v":[[166.448,-9.506],[-4.54,159.978],[-170.254,-14.666],[0.734,-184.15]],"c":true}},"nm":"Path 1","hd":false},{"ty":"fl","c":{"a":0,"k":[1,0.819607853889,0.250980407,1]},"o":{"a":0,"k":100},"r":1,"bm":0,"nm":"Fill 1","hd":false},{"ty":"tr","p":{"a":0,"k":[0,0]},"a":{"a":0,"k":[0,0]},"s":{"a":0,"k":[100,100]},"r":{"a":0,"k":0},"o":{"a":0,"k":100},"sk":{"a":0,"k":0},"sa":{"a":0,"k":0},"nm":"Transform"}],"nm":"Group 3","bm":0,"hd":false},{"ty":"gr","it":[{"ind":0,"ty":"sh","ks":{"a":0,"k":{"i":[[0,-104.313],[104.313,0],[0,104.313],[-104.313,0]],"o":[[0,104.313],[-104.313,0],[0,-104.313],[104.313,0]],"v":[[186.917,-10.218],[-1.959,178.657],[-190.834,-10.218],[-1.959,-199.094]],"c":true}},"nm":"Path 1","hd":false},{"ty":"st","c":{"a":0,"k":[0.96862745285,0.494117647409,0.254901975393,1]},"o":{"a":0,"k":100},"w":{"a":0,"k":8},"lc":1,"lj":1,"ml":10,"bm":0,"nm":"Stroke 1","hd":false},{"ty":"fl","c":{"a":0,"k":[1,0.694117665291,0.223529413342,1]},"o":{"a":0,"k":100},"r":1,"bm":0,"nm":"Fill 1","hd":false},{"ty":"tr","p":{"a":0,"k":[0,0]},"a":{"a":0,"k":[0,0]},"s":{"a":0,"k":[100,100]},"r":{"a":0,"k":0},"o":{"a":0,"k":100},"sk":{"a":0,"k":0},"sa":{"a":0,"k":0},"nm":"Transform"}],"nm":"Group 4","bm":0,"hd":false},{"ty":"gr","it":[{"ind":0,"ty":"sh","ks":{"a":0,"k":{"i":[[0,-108.261],[108.261,0],[0,108.261],[-108.261,0]],"o":[[0,108.261],[-108.261,0],[0,-108.261],[108.261,0]],"v":[[194.066,4.782],[-1.959,200.806],[-197.983,4.782],[-1.959,-191.243]],"c":true}},"nm":"Path 1","hd":false},{"ty":"fl","c":{"a":0,"k":[0,0,0,1]},"o":{"a":0,"k":100},"r":1,"bm":0,"nm":"Fill 1","hd":false},{"ty":"tr","p":{"a":0,"k":[0,0]},"a":{"a":0,"k":[0,0]},"s":{"a":0,"k":[100,100]},"r":{"a":0,"k":0},"o":{"a":0,"k":10},"sk":{"a":0,"k":0},"sa":{"a":0,"k":0},"nm":"Transform"}],"nm":"Group 5","bm":0,"hd":false}],"ip":0,"op":180,"st":0,"bm":0}]}