{"v":"5.5.7","meta":{"g":"LottieFiles AE 0.1.20","a":"","k":"","d":"","tc":""},"fr":60,"ip":0,"op":90,"w":400,"h":400,"nm":"handClick","ddd":0,"assets":[],"layers":[{"ddd":0,"ind":1,"ty":4,"nm":"Shape Layer 3","sr":1,"ks":{"o":{"a":0,"k":100,"ix":11},"r":{"a":0,"k":0,"ix":10},"p":{"a":0,"k":[214,228,0],"ix":2},"a":{"a":0,"k":[0,0,0],"ix":1},"s":{"a":0,"k":[100,100,100],"ix":6}},"ao":0,"shapes":[{"ty":"gr","it":[{"d":1,"ty":"el","s":{"a":1,"k":[{"i":{"x":[0,0],"y":[1,1]},"o":{"x":[0.046,0.046],"y":[0.651,0.651]},"t":31,"s":[0,0]},{"t":60,"s":[50,50]}],"ix":2},"p":{"a":0,"k":[0,0],"ix":3},"nm":"Ellipse Path 1","mn":"ADBE Vector Shape - Ellipse","hd":false},{"ty":"st","c":{"a":0,"k":[0.176470588235,0.207843152214,0.250980392157,1],"ix":3},"o":{"a":1,"k":[{"i":{"x":[0.397],"y":[1]},"o":{"x":[0.104],"y":[0.506]},"t":31,"s":[0]},{"i":{"x":[0.966],"y":[0.666]},"o":{"x":[0.671],"y":[0]},"t":46,"s":[100]},{"t":60,"s":[0]}],"ix":4},"w":{"a":0,"k":9,"ix":5},"lc":1,"lj":1,"ml":4,"bm":0,"nm":"Stroke 1","mn":"ADBE Vector Graphic - Stroke","hd":false},{"ty":"tr","p":{"a":0,"k":[-20.5,-74.5],"ix":2},"a":{"a":0,"k":[0,0],"ix":1},"s":{"a":0,"k":[100,100],"ix":3},"r":{"a":0,"k":0,"ix":6},"o":{"a":0,"k":100,"ix":7},"sk":{"a":0,"k":0,"ix":4},"sa":{"a":0,"k":0,"ix":5},"nm":"Transform"}],"nm":"Ellipse 2","np":2,"cix":2,"bm":0,"ix":1,"mn":"ADBE Vector Group","hd":false},{"ty":"gr","it":[{"d":1,"ty":"el","s":{"a":1,"k":[{"i":{"x":[0,0],"y":[1,1]},"o":{"x":[0.046,0.046],"y":[0.359,0.359]},"t":24,"s":[0,0]},{"t":56,"s":[100,100]}],"ix":2},"p":{"a":0,"k":[0,0],"ix":3},"nm":"Ellipse Path 1","mn":"ADBE Vector Shape - Ellipse","hd":false},{"ty":"st","c":{"a":0,"k":[0.176470588235,0.207843152214,0.250980392157,1],"ix":3},"o":{"a":1,"k":[{"i":{"x":[0.397],"y":[1]},"o":{"x":[0.104],"y":[0.633]},"t":24,"s":[0]},{"i":{"x":[0.966],"y":[0.492]},"o":{"x":[0.671],"y":[0]},"t":39,"s":[80]},{"t":56,"s":[0]}],"ix":4},"w":{"a":0,"k":9,"ix":5},"lc":1,"lj":1,"ml":4,"bm":0,"nm":"Stroke 1","mn":"ADBE Vector Graphic - Stroke","hd":false},{"ty":"tr","p":{"a":0,"k":[-20.5,-74.5],"ix":2},"a":{"a":0,"k":[0,0],"ix":1},"s":{"a":0,"k":[100,100],"ix":3},"r":{"a":0,"k":0,"ix":6},"o":{"a":0,"k":100,"ix":7},"sk":{"a":0,"k":0,"ix":4},"sa":{"a":0,"k":0,"ix":5},"nm":"Transform"}],"nm":"Ellipse 1","np":2,"cix":2,"bm":0,"ix":2,"mn":"ADBE Vector Group","hd":false},{"ty":"gr","it":[{"d":1,"ty":"el","s":{"a":1,"k":[{"i":{"x":[0,0],"y":[1,1]},"o":{"x":[0.046,0.046],"y":[0.262,0.262]},"t":15,"s":[0,0]},{"t":50,"s":[150,150]}],"ix":2},"p":{"a":0,"k":[0,0],"ix":3},"nm":"Ellipse Path 1","mn":"ADBE Vector Shape - Ellipse","hd":false},{"ty":"st","c":{"a":0,"k":[0.176470588235,0.207843152214,0.250980392157,1],"ix":3},"o":{"a":1,"k":[{"i":{"x":[0.397],"y":[1]},"o":{"x":[0.104],"y":[50.644]},"t":15,"s":[60]},{"i":{"x":[0.966],"y":[0.204]},"o":{"x":[0.671],"y":[0]},"t":30,"s":[60]},{"t":50,"s":[0]}],"ix":4},"w":{"a":0,"k":9,"ix":5},"lc":1,"lj":1,"ml":4,"bm":0,"nm":"Stroke 1","mn":"ADBE Vector Graphic - Stroke","hd":false},{"ty":"tr","p":{"a":0,"k":[-20.5,-74.5],"ix":2},"a":{"a":0,"k":[0,0],"ix":1},"s":{"a":0,"k":[100,100],"ix":3},"r":{"a":0,"k":0,"ix":6},"o":{"a":0,"k":100,"ix":7},"sk":{"a":0,"k":0,"ix":4},"sa":{"a":0,"k":0,"ix":5},"nm":"Transform"}],"nm":"Ellipse 3","np":2,"cix":2,"bm":0,"ix":3,"mn":"ADBE Vector Group","hd":false}],"ip":15,"op":90,"st":15,"bm":0},{"ddd":0,"ind":2,"ty":4,"nm":"Shape Layer 2","sr":1,"ks":{"o":{"a":0,"k":100,"ix":11},"r":{"a":0,"k":0,"ix":10},"p":{"a":0,"k":[214,228,0],"ix":2},"a":{"a":0,"k":[0,0,0],"ix":1},"s":{"a":0,"k":[100,100,100],"ix":6}},"ao":0,"shapes":[{"ty":"gr","it":[{"ind":0,"ty":"sh","ix":1,"ks":{"a":0,"k":{"i":[[12.257,0],[0,-5.029],[0,0],[13.608,-11.116],[-7.472,-4.054],[-57.065,-2.375],[-5.317,12.484],[0,14.929],[10.686,0],[0,0],[13.227,0.174],[0,0],[14.732,0.037],[0,0],[0,0]],"o":[[-14.457,0],[0,5.029],[0,0],[-13.382,10.931],[12.08,6.555],[27.712,1.153],[5.422,-12.729],[0,-9.429],[-11.393,0],[0,0],[-13.147,-0.173],[0,0],[-14.143,-0.036],[0,0],[0,0]],"v":[[-18.214,-116],[-31.915,-97.133],[-32.036,-3.612],[-72.108,-24.384],[-67.08,5.945],[18.565,64.875],[64.766,34.703],[71.68,-22.812],[60.752,-48.709],[49.601,-30.041],[36.523,-64.424],[23.515,-40.256],[8.143,-69.912],[-5.928,-41.17],[-6.113,-97.633]],"c":true},"ix":2},"nm":"Path 1","mn":"ADBE Vector Shape - Group","hd":false},{"ty":"fl","c":{"a":0,"k":[0.176470588235,0.207843152214,0.250980392157,1],"ix":4},"o":{"a":0,"k":100,"ix":5},"r":1,"bm":0,"nm":"Fill 1","mn":"ADBE Vector Graphic - Fill","hd":false},{"ty":"tr","p":{"a":0,"k":[0,30],"ix":2},"a":{"a":0,"k":[0,0],"ix":1},"s":{"a":1,"k":[{"i":{"x":[0.908,0.908],"y":[1,1]},"o":{"x":[1,1],"y":[0,0]},"t":0,"s":[100,100]},{"i":{"x":[0,0],"y":[1,1]},"o":{"x":[0.464,0.464],"y":[0,0]},"t":15,"s":[90,90]},{"t":30,"s":[100,100]}],"ix":3},"r":{"a":0,"k":0,"ix":6},"o":{"a":0,"k":100,"ix":7},"sk":{"a":0,"k":0,"ix":4},"sa":{"a":0,"k":0,"ix":5},"nm":"Transform"}],"nm":"Shape 1","np":2,"cix":2,"bm":0,"ix":1,"mn":"ADBE Vector Group","hd":false}],"ip":0,"op":90,"st":0,"bm":0}],"markers":[]}