{"v":"5.7.4","fr":24,"ip":0,"op":168,"w":1630,"h":1000,"nm":"Plug in","ddd":0,"assets":[],"layers":[{"ddd":0,"ind":1,"ty":4,"nm":"Shape Layer 12","sr":1,"ks":{"o":{"a":1,"k":[{"i":{"x":[0.833],"y":[0.833]},"o":{"x":[0.167],"y":[0.167]},"t":46,"s":[45]},{"i":{"x":[0.833],"y":[0.833]},"o":{"x":[0.167],"y":[0.167]},"t":47,"s":[0]},{"i":{"x":[0.833],"y":[0.833]},"o":{"x":[0.167],"y":[0.167]},"t":48,"s":[32.789]},{"i":{"x":[0.833],"y":[0.833]},"o":{"x":[0.167],"y":[0.167]},"t":50,"s":[10]},{"i":{"x":[0.833],"y":[0.833]},"o":{"x":[0.167],"y":[0.167]},"t":51,"s":[45]},{"i":{"x":[0.833],"y":[0.833]},"o":{"x":[0.167],"y":[0.167]},"t":113,"s":[45]},{"i":{"x":[0.833],"y":[0.833]},"o":{"x":[0.167],"y":[0.167]},"t":114,"s":[0]},{"i":{"x":[0.833],"y":[0.833]},"o":{"x":[0.167],"y":[0.167]},"t":115,"s":[32.789]},{"i":{"x":[0.833],"y":[0.833]},"o":{"x":[0.167],"y":[0.167]},"t":117,"s":[10]},{"i":{"x":[0.833],"y":[0.833]},"o":{"x":[0.167],"y":[0.167]},"t":118,"s":[45]},{"t":119.999989613637,"s":[0]}],"ix":11},"r":{"a":0,"k":0,"ix":10},"p":{"a":0,"k":[1076.5,274,0],"ix":2,"l":2},"a":{"a":0,"k":[190,-226,0],"ix":1,"l":2},"s":{"a":0,"k":[121,100,100],"ix":6,"l":2}},"ao":0,"shapes":[{"ty":"gr","it":[{"ind":0,"ty":"sh","ix":1,"ks":{"a":0,"k":{"i":[[0,0],[0,0],[0,0],[0,0],[0,0],[0,0]],"o":[[0,0],[0,0],[0,0],[0,0],[0,0],[0,0]],"v":[[-815,-496],[-815,32],[190.375,-181.125],[193.25,-182.5],[195.25,-185.875],[195.75,-260]],"c":true},"ix":2},"nm":"Path 1","mn":"ADBE Vector Shape - Group","hd":false},{"ty":"fl","c":{"a":0,"k":[1,0.10980392156862745,0.2784313725490196,1],"ix":4},"o":{"a":0,"k":100,"ix":5},"r":1,"bm":0,"nm":"Fill 1","mn":"ADBE Vector Graphic - Fill","hd":false},{"ty":"tr","p":{"a":0,"k":[0,0],"ix":2},"a":{"a":0,"k":[0,0],"ix":1},"s":{"a":0,"k":[100,100],"ix":3},"r":{"a":0,"k":0,"ix":6},"o":{"a":0,"k":100,"ix":7},"sk":{"a":0,"k":0,"ix":4},"sa":{"a":0,"k":0,"ix":5},"nm":"Transform"}],"nm":"Shape 1","np":3,"cix":2,"bm":0,"ix":1,"mn":"ADBE Vector Group","hd":false}],"ip":45.9999960185609,"op":115.999989959849,"st":-11.9999989613637,"bm":0},{"ddd":0,"ind":2,"ty":4,"nm":"Shape Layer 11","sr":1,"ks":{"o":{"a":1,"k":[{"i":{"x":[0.833],"y":[0.833]},"o":{"x":[0.167],"y":[0.167]},"t":46,"s":[45]},{"i":{"x":[0.833],"y":[0.833]},"o":{"x":[0.167],"y":[0.167]},"t":47,"s":[0]},{"i":{"x":[0.833],"y":[0.833]},"o":{"x":[0.167],"y":[0.167]},"t":48,"s":[32.789]},{"i":{"x":[0.833],"y":[0.833]},"o":{"x":[0.167],"y":[0.167]},"t":50,"s":[10]},{"i":{"x":[0.833],"y":[0.833]},"o":{"x":[0.167],"y":[0.167]},"t":51,"s":[45]},{"i":{"x":[0.833],"y":[0.833]},"o":{"x":[0.167],"y":[0.167]},"t":113,"s":[45]},{"i":{"x":[0.833],"y":[0.833]},"o":{"x":[0.167],"y":[0.167]},"t":114,"s":[0]},{"i":{"x":[0.833],"y":[0.833]},"o":{"x":[0.167],"y":[0.167]},"t":115,"s":[32.789]},{"i":{"x":[0.833],"y":[0.833]},"o":{"x":[0.167],"y":[0.167]},"t":117,"s":[10]},{"i":{"x":[0.833],"y":[0.833]},"o":{"x":[0.167],"y":[0.167]},"t":118,"s":[45]},{"t":119.999989613637,"s":[0]}],"ix":11},"r":{"a":0,"k":0,"ix":10},"p":{"a":0,"k":[815,500,0],"ix":2,"l":2},"a":{"a":0,"k":[0,0,0],"ix":1,"l":2},"s":{"a":0,"k":[100,100,100],"ix":6,"l":2}},"ao":0,"shapes":[{"ty":"gr","it":[{"ind":0,"ty":"sh","ix":1,"ks":{"a":0,"k":{"i":[[0,0],[0,0],[0,0],[0,0],[0,0],[0,0]],"o":[[0,0],[0,0],[0,0],[0,0],[0,0],[0,0]],"v":[[-815,-496],[-815,32],[190.375,-181.125],[193.25,-182.5],[195.25,-185.875],[195.75,-260]],"c":true},"ix":2},"nm":"Path 1","mn":"ADBE Vector Shape - Group","hd":false},{"ty":"fl","c":{"a":0,"k":[1,0.10980392156862745,0.2784313725490196,1],"ix":4},"o":{"a":0,"k":100,"ix":5},"r":1,"bm":0,"nm":"Fill 1","mn":"ADBE Vector Graphic - Fill","hd":false},{"ty":"tr","p":{"a":0,"k":[0,0],"ix":2},"a":{"a":0,"k":[0,0],"ix":1},"s":{"a":0,"k":[100,100],"ix":3},"r":{"a":0,"k":0,"ix":6},"o":{"a":0,"k":100,"ix":7},"sk":{"a":0,"k":0,"ix":4},"sa":{"a":0,"k":0,"ix":5},"nm":"Transform"}],"nm":"Shape 1","np":3,"cix":2,"bm":0,"ix":1,"mn":"ADBE Vector Group","hd":false}],"ip":45.9999960185609,"op":115.999989959849,"st":-11.9999989613637,"bm":0},{"ddd":0,"ind":3,"ty":4,"nm":"Shape Layer 8","sr":1,"ks":{"o":{"a":0,"k":100,"ix":11},"r":{"a":0,"k":78.633,"ix":10},"p":{"a":0,"k":[1002.9999999999999,362,0],"ix":2,"l":2},"a":{"a":0,"k":[0,0,0],"ix":1,"l":2},"s":{"a":0,"k":[100,100,100],"ix":6,"l":2}},"ao":0,"shapes":[{"ty":"gr","it":[{"ind":0,"ty":"sh","ix":1,"ks":{"a":0,"k":{"i":[[0,0],[0,0],[0,0],[0,0],[0,0],[0,0],[0,0],[0,0],[0,0],[0,0]],"o":[[0,0],[0,0],[0,0],[0,0],[0,0],[0,0],[0,0],[0,0],[0,0],[0,0]],"v":[[-224.574,-301.18],[-50.556,-101.683],[-60.637,-155.002],[21.15,-72.161],[21.123,-117.218],[91.241,-66.401],[-1.583,-175.358],[2.778,-127.723],[-95.471,-235.761],[-77.332,-173.213]],"c":true},"ix":2},"nm":"Path 1","mn":"ADBE Vector Shape - Group","hd":false},{"ty":"fl","c":{"a":0,"k":[1,0.10980392156862745,0.2784313725490196,1],"ix":4},"o":{"a":0,"k":100,"ix":5},"r":1,"bm":0,"nm":"Fill 1","mn":"ADBE Vector Graphic - Fill","hd":false},{"ty":"tr","p":{"a":0,"k":[0,0],"ix":2},"a":{"a":0,"k":[0,0],"ix":1},"s":{"a":0,"k":[100,100],"ix":3},"r":{"a":0,"k":0,"ix":6},"o":{"a":0,"k":100,"ix":7},"sk":{"a":0,"k":0,"ix":4},"sa":{"a":0,"k":0,"ix":5},"nm":"Transform"}],"nm":"Shape 1","np":3,"cix":2,"bm":0,"ix":1,"mn":"ADBE Vector Group","hd":false}],"ip":42.99999627822,"op":44.9999961051139,"st":-9.99999913446976,"bm":0},{"ddd":0,"ind":4,"ty":4,"nm":"Shape Layer 7","sr":1,"ks":{"o":{"a":0,"k":100,"ix":11},"r":{"a":0,"k":136.909,"ix":10},"p":{"a":0,"k":[1167,454,0],"ix":2,"l":2},"a":{"a":0,"k":[0,0,0],"ix":1,"l":2},"s":{"a":0,"k":[100,100,100],"ix":6,"l":2}},"ao":0,"shapes":[{"ty":"gr","it":[{"ind":0,"ty":"sh","ix":1,"ks":{"a":0,"k":{"i":[[0,0],[0,0],[0,0],[0,0],[0,0],[0,0],[0,0],[0,0],[0,0],[0,0]],"o":[[0,0],[0,0],[0,0],[0,0],[0,0],[0,0],[0,0],[0,0],[0,0],[0,0]],"v":[[-278,-350],[-78,-114],[-66,-152],[12,-74],[24,-118],[100,-66],[0,-190],[2,-134],[-108,-258],[-90,-188]],"c":true},"ix":2},"nm":"Path 1","mn":"ADBE Vector Shape - Group","hd":false},{"ty":"fl","c":{"a":0,"k":[1,0.10980392156862745,0.2784313725490196,1],"ix":4},"o":{"a":0,"k":100,"ix":5},"r":1,"bm":0,"nm":"Fill 1","mn":"ADBE Vector Graphic - Fill","hd":false},{"ty":"tr","p":{"a":0,"k":[0,0],"ix":2},"a":{"a":0,"k":[0,0],"ix":1},"s":{"a":0,"k":[100,100],"ix":3},"r":{"a":0,"k":0,"ix":6},"o":{"a":0,"k":100,"ix":7},"sk":{"a":0,"k":0,"ix":4},"sa":{"a":0,"k":0,"ix":5},"nm":"Transform"}],"nm":"Shape 1","np":3,"cix":2,"bm":0,"ix":1,"mn":"ADBE Vector Group","hd":false}],"ip":46.9999959320078,"op":48.9999957589018,"st":-5.99999948068185,"bm":0},{"ddd":0,"ind":5,"ty":4,"nm":"Shape Layer 6","sr":1,"ks":{"o":{"a":0,"k":100,"ix":11},"r":{"a":0,"k":115.859,"ix":10},"p":{"a":0,"k":[1081,332,0],"ix":2,"l":2},"a":{"a":0,"k":[0,0,0],"ix":1,"l":2},"s":{"a":0,"k":[100,100,100],"ix":6,"l":2}},"ao":0,"shapes":[{"ty":"gr","it":[{"ind":0,"ty":"sh","ix":1,"ks":{"a":0,"k":{"i":[[0,0],[0,0],[0,0],[0,0],[0,0],[0,0],[0,0],[0,0],[0,0],[0,0]],"o":[[0,0],[0,0],[0,0],[0,0],[0,0],[0,0],[0,0],[0,0],[0,0],[0,0]],"v":[[-278,-350],[-78,-114],[-66,-152],[12,-74],[24,-118],[100,-66],[0,-190],[2,-134],[-108,-258],[-90,-188]],"c":true},"ix":2},"nm":"Path 1","mn":"ADBE Vector Shape - Group","hd":false},{"ty":"fl","c":{"a":0,"k":[1,0.10980392156862745,0.2784313725490196,1],"ix":4},"o":{"a":0,"k":100,"ix":5},"r":1,"bm":0,"nm":"Fill 1","mn":"ADBE Vector Graphic - Fill","hd":false},{"ty":"tr","p":{"a":0,"k":[0,0],"ix":2},"a":{"a":0,"k":[0,0],"ix":1},"s":{"a":0,"k":[100,100],"ix":3},"r":{"a":0,"k":0,"ix":6},"o":{"a":0,"k":100,"ix":7},"sk":{"a":0,"k":0,"ix":4},"sa":{"a":0,"k":0,"ix":5},"nm":"Transform"}],"nm":"Shape 1","np":3,"cix":2,"bm":0,"ix":1,"mn":"ADBE Vector Group","hd":false}],"ip":44.9999961051139,"op":46.9999959320078,"st":-11.9999989613637,"bm":0},{"ddd":0,"ind":6,"ty":4,"nm":"Shape Layer 5","sr":1,"ks":{"o":{"a":0,"k":100,"ix":11},"r":{"a":0,"k":199.289,"ix":10},"p":{"a":0,"k":[1155,576,0],"ix":2,"l":2},"a":{"a":0,"k":[0,0,0],"ix":1,"l":2},"s":{"a":0,"k":[100,100,100],"ix":6,"l":2}},"ao":0,"shapes":[{"ty":"gr","it":[{"ind":0,"ty":"sh","ix":1,"ks":{"a":0,"k":{"i":[[0,0],[0,0],[0,0],[0,0],[0,0],[0,0],[0,0],[0,0],[0,0],[0,0]],"o":[[0,0],[0,0],[0,0],[0,0],[0,0],[0,0],[0,0],[0,0],[0,0],[0,0]],"v":[[-278,-350],[-78,-114],[-66,-152],[12,-74],[24,-118],[100,-66],[0,-190],[2,-134],[-108,-258],[-90,-188]],"c":true},"ix":2},"nm":"Path 1","mn":"ADBE Vector Shape - Group","hd":false},{"ty":"fl","c":{"a":0,"k":[1,0.10980392156862745,0.2784313725490196,1],"ix":4},"o":{"a":0,"k":100,"ix":5},"r":1,"bm":0,"nm":"Fill 1","mn":"ADBE Vector Graphic - Fill","hd":false},{"ty":"tr","p":{"a":0,"k":[0,0],"ix":2},"a":{"a":0,"k":[0,0],"ix":1},"s":{"a":0,"k":[100,100],"ix":3},"r":{"a":0,"k":0,"ix":6},"o":{"a":0,"k":100,"ix":7},"sk":{"a":0,"k":0,"ix":4},"sa":{"a":0,"k":0,"ix":5},"nm":"Transform"}],"nm":"Shape 1","np":3,"cix":2,"bm":0,"ix":1,"mn":"ADBE Vector Group","hd":false}],"ip":43.9999961916669,"op":45.9999960185609,"st":-10.9999990479167,"bm":0},{"ddd":0,"ind":7,"ty":4,"nm":"Shape Layer 4","sr":1,"ks":{"o":{"a":0,"k":100,"ix":11},"r":{"a":0,"k":0,"ix":10},"p":{"a":0,"k":[815,500,0],"ix":2,"l":2},"a":{"a":0,"k":[0,0,0],"ix":1,"l":2},"s":{"a":0,"k":[100,100,100],"ix":6,"l":2}},"ao":0,"shapes":[{"ty":"gr","it":[{"ind":0,"ty":"sh","ix":1,"ks":{"a":0,"k":{"i":[[0,0],[0,0],[0,0],[0,0],[0,0],[0,0],[0,0],[0,0],[0,0],[0,0]],"o":[[0,0],[0,0],[0,0],[0,0],[0,0],[0,0],[0,0],[0,0],[0,0],[0,0]],"v":[[-278,-350],[-78,-114],[-66,-152],[12,-74],[24,-118],[100,-66],[0,-190],[2,-134],[-108,-258],[-90,-188]],"c":true},"ix":2},"nm":"Path 1","mn":"ADBE Vector Shape - Group","hd":false},{"ty":"fl","c":{"a":0,"k":[1,0.10980392156862745,0.2784313725490196,1],"ix":4},"o":{"a":0,"k":100,"ix":5},"r":1,"bm":0,"nm":"Fill 1","mn":"ADBE Vector Graphic - Fill","hd":false},{"ty":"tr","p":{"a":0,"k":[0,0],"ix":2},"a":{"a":0,"k":[0,0],"ix":1},"s":{"a":0,"k":[100,100],"ix":3},"r":{"a":0,"k":0,"ix":6},"o":{"a":0,"k":100,"ix":7},"sk":{"a":0,"k":0,"ix":4},"sa":{"a":0,"k":0,"ix":5},"nm":"Transform"}],"nm":"Shape 1","np":3,"cix":2,"bm":0,"ix":1,"mn":"ADBE Vector Group","hd":false}],"ip":45.9999960185609,"op":47.9999958454548,"st":-6.99999939412883,"bm":0},{"ddd":0,"ind":8,"ty":4,"nm":"Shape Layer 3","sr":1,"ks":{"o":{"a":0,"k":100,"ix":11},"r":{"a":0,"k":-47.093,"ix":10},"p":{"a":0,"k":[873,622,0],"ix":2,"l":2},"a":{"a":0,"k":[0,0,0],"ix":1,"l":2},"s":{"a":0,"k":[100,100,100],"ix":6,"l":2}},"ao":0,"shapes":[{"ty":"gr","it":[{"ind":0,"ty":"sh","ix":1,"ks":{"a":0,"k":{"i":[[0,0],[0,0],[0,0],[0,0],[0,0],[0,0],[0,0],[0,0],[0,0],[0,0]],"o":[[0,0],[0,0],[0,0],[0,0],[0,0],[0,0],[0,0],[0,0],[0,0],[0,0]],"v":[[-278,-350],[-78,-114],[-66,-152],[12,-74],[24,-118],[100,-66],[0,-190],[2,-134],[-108,-258],[-90,-188]],"c":true},"ix":2},"nm":"Path 1","mn":"ADBE Vector Shape - Group","hd":false},{"ty":"fl","c":{"a":0,"k":[1,0.10980392156862745,0.2784313725490196,1],"ix":4},"o":{"a":0,"k":100,"ix":5},"r":1,"bm":0,"nm":"Fill 1","mn":"ADBE Vector Graphic - Fill","hd":false},{"ty":"tr","p":{"a":0,"k":[0,0],"ix":2},"a":{"a":0,"k":[0,0],"ix":1},"s":{"a":0,"k":[100,100],"ix":3},"r":{"a":0,"k":0,"ix":6},"o":{"a":0,"k":100,"ix":7},"sk":{"a":0,"k":0,"ix":4},"sa":{"a":0,"k":0,"ix":5},"nm":"Transform"}],"nm":"Shape 1","np":3,"cix":2,"bm":0,"ix":1,"mn":"ADBE Vector Group","hd":false}],"ip":43.9999961916669,"op":45.9999960185609,"st":-12.9999988748107,"bm":0},{"ddd":0,"ind":9,"ty":4,"nm":"Shape Layer 2","sr":1,"ks":{"o":{"a":0,"k":100,"ix":11},"r":{"a":0,"k":26.792,"ix":10},"p":{"a":0,"k":[857,454,0],"ix":2,"l":2},"a":{"a":0,"k":[0,0,0],"ix":1,"l":2},"s":{"a":0,"k":[100,100,100],"ix":6,"l":2}},"ao":0,"shapes":[{"ty":"gr","it":[{"ind":0,"ty":"sh","ix":1,"ks":{"a":0,"k":{"i":[[0,0],[0,0],[0,0],[0,0],[0,0],[0,0],[0,0],[0,0],[0,0],[0,0]],"o":[[0,0],[0,0],[0,0],[0,0],[0,0],[0,0],[0,0],[0,0],[0,0],[0,0]],"v":[[-278,-350],[-78,-114],[-66,-152],[12,-74],[24,-118],[100,-66],[0,-190],[2,-134],[-108,-258],[-90,-188]],"c":true},"ix":2},"nm":"Path 1","mn":"ADBE Vector Shape - Group","hd":false},{"ty":"fl","c":{"a":0,"k":[1,0.10980392156862745,0.2784313725490196,1],"ix":4},"o":{"a":0,"k":100,"ix":5},"r":1,"bm":0,"nm":"Fill 1","mn":"ADBE Vector Graphic - Fill","hd":false},{"ty":"tr","p":{"a":0,"k":[0,0],"ix":2},"a":{"a":0,"k":[0,0],"ix":1},"s":{"a":0,"k":[100,100],"ix":3},"r":{"a":0,"k":0,"ix":6},"o":{"a":0,"k":100,"ix":7},"sk":{"a":0,"k":0,"ix":4},"sa":{"a":0,"k":0,"ix":5},"nm":"Transform"}],"nm":"Shape 1","np":3,"cix":2,"bm":0,"ix":1,"mn":"ADBE Vector Group","hd":false}],"ip":45.9999960185609,"op":47.9999958454548,"st":-8.99999922102278,"bm":0},{"ddd":0,"ind":10,"ty":4,"nm":"Shape Layer 1","sr":1,"ks":{"o":{"a":0,"k":100,"ix":11},"r":{"a":0,"k":0,"ix":10},"p":{"a":0,"k":[815,500,0],"ix":2,"l":2},"a":{"a":0,"k":[0,0,0],"ix":1,"l":2},"s":{"a":0,"k":[100,100,100],"ix":6,"l":2}},"ao":0,"shapes":[{"ty":"gr","it":[{"ind":0,"ty":"sh","ix":1,"ks":{"a":0,"k":{"i":[[0,0],[0,0],[0,0],[0,0],[0,0],[0,0],[0,0],[0,0],[0,0],[0,0]],"o":[[0,0],[0,0],[0,0],[0,0],[0,0],[0,0],[0,0],[0,0],[0,0],[0,0]],"v":[[-278,-350],[-78,-114],[-66,-152],[12,-74],[24,-118],[100,-66],[0,-190],[2,-134],[-108,-258],[-90,-188]],"c":true},"ix":2},"nm":"Path 1","mn":"ADBE Vector Shape - Group","hd":false},{"ty":"fl","c":{"a":0,"k":[1,0.10980392156862745,0.2784313725490196,1],"ix":4},"o":{"a":0,"k":100,"ix":5},"r":1,"bm":0,"nm":"Fill 1","mn":"ADBE Vector Graphic - Fill","hd":false},{"ty":"tr","p":{"a":0,"k":[0,0],"ix":2},"a":{"a":0,"k":[0,0],"ix":1},"s":{"a":0,"k":[100,100],"ix":3},"r":{"a":0,"k":0,"ix":6},"o":{"a":0,"k":100,"ix":7},"sk":{"a":0,"k":0,"ix":4},"sa":{"a":0,"k":0,"ix":5},"nm":"Transform"}],"nm":"Shape 1","np":3,"cix":2,"bm":0,"ix":1,"mn":"ADBE Vector Group","hd":false}],"ip":41.999996364773,"op":43.9999961916669,"st":-10.9999990479167,"bm":0},{"ddd":0,"ind":11,"ty":4,"nm":"Cord Outlines","sr":1,"ks":{"o":{"a":0,"k":100,"ix":11},"r":{"a":0,"k":0,"ix":10},"p":{"a":0,"k":[509.459,818.0540000000001,0],"ix":2,"l":2},"a":{"a":0,"k":[208.815,136.043,0],"ix":1,"l":2},"s":{"a":0,"k":[100,100,100],"ix":6,"l":2}},"ao":0,"shapes":[{"ty":"gr","it":[{"ind":0,"ty":"sh","ix":1,"ks":{"a":1,"k":[{"i":{"x":0,"y":1},"o":{"x":0.333,"y":0},"t":10,"s":[{"i":[[0,0],[33.186,-62.693],[0,0]],"o":[[0,0],[-57.905,109.393],[0,0]],"v":[[158.815,-85.687],[55.874,-23.35],[-158.815,83.538]],"c":false}]},{"i":{"x":0,"y":1},"o":{"x":0.333,"y":0},"t":32,"s":[{"i":[[0,0],[-131.545,-173.407],[0,0]],"o":[[0,0],[149.667,197.296],[0,0]],"v":[[202.815,-281.687],[109.874,-105.35],[-158.815,83.538]],"c":false}]},{"i":{"x":0,"y":1},"o":{"x":0.167,"y":0},"t":53,"s":[{"i":[[0,0],[-22.333,-166.704],[0,0]],"o":[[0,0],[31.337,233.92],[0,0]],"v":[[430.815,-285.687],[301.874,-119.35],[-158.815,83.538]],"c":false}]},{"i":{"x":0,"y":1},"o":{"x":0,"y":0},"t":114,"s":[{"i":[[0,0],[-22.333,-166.704],[0,0]],"o":[[0,0],[31.337,233.92],[0,0]],"v":[[430.815,-285.687],[301.874,-119.35],[-158.815,83.538]],"c":false}]},{"i":{"x":0.712,"y":1},"o":{"x":0.858,"y":0},"t":126,"s":[{"i":[[0,0],[-83.859,-142.499],[0,0]],"o":[[0,0],[70.141,167.501],[0,0]],"v":[[129.396,-296.115],[79.4,-107.555],[-158.815,83.538]],"c":false}]},{"t":139.999987882577,"s":[{"i":[[0,0],[33.186,-62.693],[0,0]],"o":[[0,0],[-57.905,109.393],[0,0]],"v":[[158.815,-85.687],[55.874,-23.35],[-158.815,83.538]],"c":false}]}],"ix":2},"nm":"Path 1","mn":"ADBE Vector Shape - Group","hd":false},{"ty":"st","c":{"a":0,"k":[0.5882352941176471,0.792156862745098,0.9921568627450981,1],"ix":3},"o":{"a":0,"k":100,"ix":4},"w":{"a":0,"k":20,"ix":5},"lc":2,"lj":1,"ml":10,"bm":0,"nm":"Stroke 1","mn":"ADBE Vector Graphic - Stroke","hd":false},{"ty":"tr","p":{"a":0,"k":[208.815,136.043],"ix":2},"a":{"a":0,"k":[0,0],"ix":1},"s":{"a":0,"k":[100,100],"ix":3},"r":{"a":0,"k":0,"ix":6},"o":{"a":0,"k":100,"ix":7},"sk":{"a":0,"k":0,"ix":4},"sa":{"a":0,"k":0,"ix":5},"nm":"Transform"}],"nm":"Group 1","np":2,"cix":2,"bm":0,"ix":1,"mn":"ADBE Vector Group","hd":false}],"ip":0,"op":2999.99974034093,"st":0,"bm":0},{"ddd":0,"ind":12,"ty":4,"nm":"Plug Outlines","sr":1,"ks":{"o":{"a":0,"k":100,"ix":11},"r":{"a":1,"k":[{"i":{"x":[0],"y":[1]},"o":{"x":[0],"y":[0]},"t":114,"s":[0]},{"i":{"x":[0.712],"y":[1]},"o":{"x":[0.858],"y":[0]},"t":126,"s":[-24]},{"t":139.999987882577,"s":[0]}],"ix":10},"p":{"a":1,"k":[{"i":{"x":0,"y":1},"o":{"x":0.333,"y":0},"t":10,"s":[741.852,728.926,0],"to":[7.333,-32.667,0],"ti":[0,0,0]},{"i":{"x":0,"y":1},"o":{"x":0.333,"y":0},"t":32,"s":[785.852,532.926,0],"to":[0,0,0],"ti":[-37.333,0,0]},{"i":{"x":0,"y":0},"o":{"x":0.167,"y":0.167},"t":53,"s":[1009.8520000000001,532.926,0],"to":[0,0,0],"ti":[0,0,0]},{"i":{"x":0,"y":1},"o":{"x":0,"y":0},"t":114,"s":[1009.8520000000001,532.926,0],"to":[-52,-6,0],"ti":[0,0,0]},{"i":{"x":0.712,"y":1},"o":{"x":0.858,"y":0},"t":126,"s":[697.852,496.92600000000004,0],"to":[0,0,0],"ti":[-7.333,-38.667,0]},{"t":139.999987882577,"s":[741.852,728.926,0]}],"ix":2,"l":2},"a":{"a":0,"k":[98.94,66.028,0],"ix":1,"l":2},"s":{"a":0,"k":[100,100,100],"ix":6,"l":2}},"ao":0,"shapes":[{"ty":"gr","it":[{"ind":0,"ty":"sh","ix":1,"ks":{"a":0,"k":{"i":[[17.044,0],[0,0],[0,-17.044],[0,0],[-17.044,0],[0,0],[0,17.044],[0,0]],"o":[[0,0],[-17.044,0],[0,0],[0,17.044],[0,0],[17.044,0],[0,0],[0,-17.044]],"v":[[7.408,-38.269],[-7.407,-38.269],[-38.269,-7.407],[-38.269,7.408],[-7.407,38.269],[7.408,38.269],[38.269,7.408],[38.269,-7.407]],"c":true},"ix":2},"nm":"Path 1","mn":"ADBE Vector Shape - Group","hd":false},{"ind":1,"ty":"sh","ix":2,"ks":{"a":0,"k":{"i":[[0,0],[0,-14.811],[0,0],[14.811,0],[0,0],[0,14.811],[0,0],[-14.811,0]],"o":[[14.811,0],[0,0],[0,14.811],[0,0],[-14.811,0],[0,0],[0,-14.811],[0,0]],"v":[[7.408,-34.269],[34.269,-7.407],[34.269,7.408],[7.408,34.269],[-7.407,34.269],[-34.269,7.408],[-34.269,-7.407],[-7.407,-34.269]],"c":true},"ix":2},"nm":"Path 2","mn":"ADBE Vector Shape - Group","hd":false},{"ty":"mm","mm":1,"nm":"Merge Paths 1","mn":"ADBE Vector Filter - Merge","hd":false},{"ty":"fl","c":{"a":0,"k":[0.5882352941176471,0.792156862745098,0.9921568627450981,1],"ix":4},"o":{"a":0,"k":100,"ix":5},"r":1,"bm":0,"nm":"Fill 1","mn":"ADBE Vector Graphic - Fill","hd":false},{"ty":"tr","p":{"a":0,"k":[38.518,66.028],"ix":2},"a":{"a":0,"k":[0,0],"ix":1},"s":{"a":0,"k":[100,100],"ix":3},"r":{"a":0,"k":0,"ix":6},"o":{"a":0,"k":100,"ix":7},"sk":{"a":0,"k":0,"ix":4},"sa":{"a":0,"k":0,"ix":5},"nm":"Transform"}],"nm":"Group 1","np":4,"cix":2,"bm":0,"ix":1,"mn":"ADBE Vector Group","hd":false},{"ty":"gr","it":[{"ind":0,"ty":"sh","ix":1,"ks":{"a":0,"k":{"i":[[0,0],[0,15.914],[0,0],[-15.914,0],[0,0],[0,-15.914],[0,0],[15.914,0]],"o":[[-15.914,0],[0,0],[0,-15.914],[0,0],[15.914,0],[0,0],[0,15.914],[0,0]],"v":[[-7.407,36.268],[-36.269,7.408],[-36.269,-7.408],[-7.407,-36.268],[7.407,-36.268],[36.269,-7.408],[36.269,7.408],[7.407,36.268]],"c":true},"ix":2},"nm":"Path 1","mn":"ADBE Vector Shape - Group","hd":false},{"ty":"fl","c":{"a":0,"k":[0.32941176470588235,0.6431372549019608,0.984313725490196,1],"ix":4},"o":{"a":0,"k":100,"ix":5},"r":1,"bm":0,"nm":"Fill 1","mn":"ADBE Vector Graphic - Fill","hd":false},{"ty":"tr","p":{"a":0,"k":[38.519,66.028],"ix":2},"a":{"a":0,"k":[0,0],"ix":1},"s":{"a":0,"k":[100,100],"ix":3},"r":{"a":0,"k":0,"ix":6},"o":{"a":0,"k":100,"ix":7},"sk":{"a":0,"k":0,"ix":4},"sa":{"a":0,"k":0,"ix":5},"nm":"Transform"}],"nm":"Group 2","np":2,"cix":2,"bm":0,"ix":2,"mn":"ADBE Vector Group","hd":false},{"ty":"gr","it":[{"ind":0,"ty":"sh","ix":1,"ks":{"a":0,"k":{"i":[[12.79,0],[0,0],[0,12.79],[0,0],[-12.79,0],[0,0],[0,-12.79],[0,0]],"o":[[0,0],[-12.79,0],[0,0],[0,-12.789],[0,0],[12.79,0],[0,0],[0,12.79]],"v":[[51.065,49.333],[-42.175,49.333],[-74.223,12.857],[-74.223,-12.858],[-42.175,-49.333],[51.065,-49.333],[74.223,-26.176],[74.223,26.176]],"c":true},"ix":2},"nm":"Path 1","mn":"ADBE Vector Shape - Group","hd":false},{"ty":"fl","c":{"a":0,"k":[0.5882352941176471,0.792156862745098,0.9921568627450981,1],"ix":4},"o":{"a":0,"k":100,"ix":5},"r":1,"bm":0,"nm":"Fill 1","mn":"ADBE Vector Graphic - Fill","hd":false},{"ty":"tr","p":{"a":0,"k":[74.962,66.028],"ix":2},"a":{"a":0,"k":[0,0],"ix":1},"s":{"a":0,"k":[100,100],"ix":3},"r":{"a":0,"k":0,"ix":6},"o":{"a":0,"k":100,"ix":7},"sk":{"a":0,"k":0,"ix":4},"sa":{"a":0,"k":0,"ix":5},"nm":"Transform"}],"nm":"Group 3","np":2,"cix":2,"bm":0,"ix":3,"mn":"ADBE Vector Group","hd":false},{"ty":"gr","it":[{"ind":0,"ty":"sh","ix":1,"ks":{"a":0,"k":{"i":[[12.79,0],[0,0],[0,12.79],[0,0],[-12.79,0],[0,0],[0,-12.789],[0,0]],"o":[[0,0],[-12.79,0],[0,0],[0,-12.789],[0,0],[12.79,0],[0,0],[0,12.79]],"v":[[57.731,65.778],[-57.731,65.778],[-80.889,42.62],[-80.889,-42.62],[-57.731,-65.778],[57.731,-65.778],[80.889,-42.62],[80.889,42.62]],"c":true},"ix":2},"nm":"Path 1","mn":"ADBE Vector Shape - Group","hd":false},{"ty":"fl","c":{"a":0,"k":[0.32941176470588235,0.6431372549019608,0.984313725490196,1],"ix":4},"o":{"a":0,"k":100,"ix":5},"r":1,"bm":0,"nm":"Fill 1","mn":"ADBE Vector Graphic - Fill","hd":false},{"ty":"tr","p":{"a":0,"k":[102.519,66.028],"ix":2},"a":{"a":0,"k":[0,0],"ix":1},"s":{"a":0,"k":[100,100],"ix":3},"r":{"a":0,"k":0,"ix":6},"o":{"a":0,"k":100,"ix":7},"sk":{"a":0,"k":0,"ix":4},"sa":{"a":0,"k":0,"ix":5},"nm":"Transform"}],"nm":"Group 4","np":2,"cix":2,"bm":0,"ix":4,"mn":"ADBE Vector Group","hd":false},{"ty":"gr","it":[{"ind":0,"ty":"sh","ix":1,"ks":{"a":0,"k":{"i":[[12.79,0],[0,0],[0,12.79],[0,0],[-12.79,0],[0,0],[0,-12.789],[0,0]],"o":[[0,0],[-12.79,0],[0,0],[0,-12.789],[0,0],[12.79,0],[0,0],[0,12.79]],"v":[[57.731,65.778],[-57.731,65.778],[-80.889,42.62],[-80.889,-42.62],[-57.731,-65.778],[57.731,-65.778],[80.889,-42.62],[80.889,42.62]],"c":true},"ix":2},"nm":"Path 1","mn":"ADBE Vector Shape - Group","hd":false},{"ty":"fl","c":{"a":0,"k":[0.5882352941176471,0.792156862745098,0.9921568627450981,1],"ix":4},"o":{"a":0,"k":100,"ix":5},"r":1,"bm":0,"nm":"Fill 1","mn":"ADBE Vector Graphic - Fill","hd":false},{"ty":"tr","p":{"a":0,"k":[116.741,66.028],"ix":2},"a":{"a":0,"k":[0,0],"ix":1},"s":{"a":0,"k":[100,100],"ix":3},"r":{"a":0,"k":0,"ix":6},"o":{"a":0,"k":100,"ix":7},"sk":{"a":0,"k":0,"ix":4},"sa":{"a":0,"k":0,"ix":5},"nm":"Transform"}],"nm":"Group 5","np":2,"cix":2,"bm":0,"ix":5,"mn":"ADBE Vector Group","hd":false}],"ip":0,"op":2999.99974034093,"st":0,"bm":0},{"ddd":0,"ind":13,"ty":4,"nm":"Contact Outlines 3","sr":1,"ks":{"o":{"a":0,"k":100,"ix":11},"r":{"a":1,"k":[{"i":{"x":[0],"y":[1]},"o":{"x":[0],"y":[0]},"t":114,"s":[0]},{"i":{"x":[0.712],"y":[1]},"o":{"x":[0.858],"y":[0]},"t":126,"s":[-24]},{"t":139.999987882577,"s":[0]}],"ix":10},"p":{"a":1,"k":[{"i":{"x":0,"y":1},"o":{"x":0.333,"y":0},"t":10,"s":[816.0969999999999,728.926,0],"to":[7.333,-32.667,0],"ti":[0,0,0]},{"i":{"x":0,"y":1},"o":{"x":0.333,"y":0},"t":32,"s":[860.097,532.926,0],"to":[0,0,0],"ti":[-37.333,0,0]},{"i":{"x":0,"y":0},"o":{"x":0.167,"y":0.167},"t":53,"s":[1084.097,532.926,0],"to":[0,0,0],"ti":[0,0,0]},{"i":{"x":0,"y":1},"o":{"x":0,"y":0},"t":114,"s":[1084.097,532.926,0],"to":[-53.333,-10.667,0],"ti":[0,0,0]},{"i":{"x":0.712,"y":1},"o":{"x":0.858,"y":0},"t":126,"s":[764.097,468.926,0],"to":[0,0,0],"ti":[-8.667,-43.333,0]},{"t":139.999987882577,"s":[816.0969999999999,728.926,0]}],"ix":2,"l":2},"a":{"a":0,"k":[81.139,26.425,0],"ix":1,"l":2},"s":{"a":0,"k":[100,100,100],"ix":6,"l":2}},"ao":0,"shapes":[{"ty":"gr","it":[{"ind":0,"ty":"sh","ix":1,"ks":{"a":0,"k":{"i":[[5.032,0],[0,5.032],[-5.032,0],[0,-5.032]],"o":[[-5.032,0],[0,-5.032],[5.032,0],[0,5.032]],"v":[[55.112,9.111],[46.001,0.001],[55.112,-9.111],[64.223,0.001]],"c":true},"ix":2},"nm":"Path 1","mn":"ADBE Vector Shape - Group","hd":false},{"ind":1,"ty":"sh","ix":2,"ks":{"a":0,"k":{"i":[[12.79,0],[0,0],[0,-12.789],[0,0],[-12.789,0],[0,0],[0,12.79],[0,0]],"o":[[0,0],[-12.789,0],[0,0],[0,12.79],[0,0],[12.79,0],[0,0],[0,-12.789]],"v":[[57.731,-26.176],[-57.731,-26.176],[-80.889,-3.018],[-80.889,3.018],[-57.731,26.176],[57.731,26.176],[80.889,3.018],[80.889,-3.018]],"c":true},"ix":2},"nm":"Path 2","mn":"ADBE Vector Shape - Group","hd":false},{"ty":"mm","mm":1,"nm":"Merge Paths 1","mn":"ADBE Vector Filter - Merge","hd":false},{"ty":"fl","c":{"a":0,"k":[0.8941176470588236,0.9490196078431372,0.996078431372549,1],"ix":4},"o":{"a":0,"k":100,"ix":5},"r":1,"bm":0,"nm":"Fill 1","mn":"ADBE Vector Graphic - Fill","hd":false},{"ty":"tr","p":{"a":0,"k":[81.139,26.425],"ix":2},"a":{"a":0,"k":[0,0],"ix":1},"s":{"a":0,"k":[100,100],"ix":3},"r":{"a":0,"k":0,"ix":6},"o":{"a":0,"k":100,"ix":7},"sk":{"a":0,"k":0,"ix":4},"sa":{"a":0,"k":0,"ix":5},"nm":"Transform"}],"nm":"Group 1","np":4,"cix":2,"bm":0,"ix":1,"mn":"ADBE Vector Group","hd":false}],"ip":114.999990046402,"op":2999.99974034093,"st":0,"bm":0},{"ddd":0,"ind":14,"ty":4,"nm":"Contact Outlines 7","sr":1,"ks":{"o":{"a":0,"k":100,"ix":11},"r":{"a":1,"k":[{"i":{"x":[0],"y":[1]},"o":{"x":[0],"y":[0]},"t":114,"s":[0]},{"i":{"x":[0.712],"y":[1]},"o":{"x":[0.858],"y":[0]},"t":126,"s":[-24]},{"t":139.999987882577,"s":[0]}],"ix":10},"p":{"a":1,"k":[{"i":{"x":0,"y":1},"o":{"x":0.333,"y":0},"t":10,"s":[816.0969999999999,728.926,0],"to":[7.333,-32.667,0],"ti":[0,0,0]},{"i":{"x":0,"y":1},"o":{"x":0.333,"y":0},"t":32,"s":[860.097,532.926,0],"to":[0,0,0],"ti":[-37.333,0,0]},{"i":{"x":0,"y":0},"o":{"x":0.167,"y":0.167},"t":53,"s":[1084.097,532.926,0],"to":[0,0,0],"ti":[0,0,0]},{"i":{"x":0,"y":1},"o":{"x":0,"y":0},"t":114,"s":[1084.097,532.926,0],"to":[-53.333,-10.667,0],"ti":[0,0,0]},{"i":{"x":0.712,"y":1},"o":{"x":0.858,"y":0},"t":126,"s":[764.097,468.926,0],"to":[0,0,0],"ti":[-8.667,-43.333,0]},{"t":139.999987882577,"s":[816.0969999999999,728.926,0]}],"ix":2,"l":2},"a":{"a":0,"k":[81.139,26.425,0],"ix":1,"l":2},"s":{"a":0,"k":[100,100,100],"ix":6,"l":2}},"ao":0,"shapes":[{"ty":"gr","it":[{"ind":0,"ty":"sh","ix":1,"ks":{"a":0,"k":{"i":[[0,0],[0,0],[0,-12.789],[0,0],[-12.789,0],[0,0]],"o":[[0,0],[-12.789,0],[0,0],[0,12.79],[0,0],[0,0]],"v":[[29.064,-26.176],[-57.731,-26.176],[-80.889,-3.018],[-80.889,3.018],[-57.731,26.176],[28.814,26.176]],"c":true},"ix":2},"nm":"Path 2","mn":"ADBE Vector Shape - Group","hd":false},{"ty":"mm","mm":1,"nm":"Merge Paths 1","mn":"ADBE Vector Filter - Merge","hd":false},{"ty":"fl","c":{"a":0,"k":[0.8941176470588236,0.9490196078431372,0.996078431372549,1],"ix":4},"o":{"a":0,"k":100,"ix":5},"r":1,"bm":0,"nm":"Fill 1","mn":"ADBE Vector Graphic - Fill","hd":false},{"ty":"tr","p":{"a":0,"k":[81.139,26.425],"ix":2},"a":{"a":0,"k":[0,0],"ix":1},"s":{"a":0,"k":[100,100],"ix":3},"r":{"a":0,"k":0,"ix":6},"o":{"a":0,"k":100,"ix":7},"sk":{"a":0,"k":0,"ix":4},"sa":{"a":0,"k":0,"ix":5},"nm":"Transform"}],"nm":"Group 1","np":3,"cix":2,"bm":0,"ix":1,"mn":"ADBE Vector Group","hd":false}],"ip":41.999996364773,"op":42.99999627822,"st":0,"bm":0},{"ddd":0,"ind":15,"ty":4,"nm":"Contact Outlines 6","sr":1,"ks":{"o":{"a":0,"k":100,"ix":11},"r":{"a":1,"k":[{"i":{"x":[0],"y":[1]},"o":{"x":[0],"y":[0]},"t":114,"s":[0]},{"i":{"x":[0.712],"y":[1]},"o":{"x":[0.858],"y":[0]},"t":126,"s":[-24]},{"t":139.999987882577,"s":[0]}],"ix":10},"p":{"a":1,"k":[{"i":{"x":0,"y":1},"o":{"x":0.333,"y":0},"t":10,"s":[816.0969999999999,728.926,0],"to":[7.333,-32.667,0],"ti":[0,0,0]},{"i":{"x":0,"y":1},"o":{"x":0.333,"y":0},"t":32,"s":[860.097,532.926,0],"to":[0,0,0],"ti":[-37.333,0,0]},{"i":{"x":0,"y":0},"o":{"x":0.167,"y":0.167},"t":53,"s":[1084.097,532.926,0],"to":[0,0,0],"ti":[0,0,0]},{"i":{"x":0,"y":1},"o":{"x":0,"y":0},"t":114,"s":[1084.097,532.926,0],"to":[-53.333,-10.667,0],"ti":[0,0,0]},{"i":{"x":0.712,"y":1},"o":{"x":0.858,"y":0},"t":126,"s":[764.097,468.926,0],"to":[0,0,0],"ti":[-8.667,-43.333,0]},{"t":139.999987882577,"s":[816.0969999999999,728.926,0]}],"ix":2,"l":2},"a":{"a":0,"k":[81.139,26.425,0],"ix":1,"l":2},"s":{"a":0,"k":[100,100,100],"ix":6,"l":2}},"ao":0,"shapes":[{"ty":"gr","it":[{"ind":0,"ty":"sh","ix":1,"ks":{"a":0,"k":{"i":[[0,0],[0,0],[0,-12.789],[0,0],[-12.789,0],[0,0]],"o":[[0,0],[-12.789,0],[0,0],[0,12.79],[0,0],[0,0]],"v":[[38.503,-26.176],[-57.731,-26.176],[-80.889,-3.018],[-80.889,3.018],[-57.731,26.176],[38.003,26.176]],"c":true},"ix":2},"nm":"Path 2","mn":"ADBE Vector Shape - Group","hd":false},{"ty":"mm","mm":1,"nm":"Merge Paths 1","mn":"ADBE Vector Filter - Merge","hd":false},{"ty":"fl","c":{"a":0,"k":[0.8941176470588236,0.9490196078431372,0.996078431372549,1],"ix":4},"o":{"a":0,"k":100,"ix":5},"r":1,"bm":0,"nm":"Fill 1","mn":"ADBE Vector Graphic - Fill","hd":false},{"ty":"tr","p":{"a":0,"k":[81.139,26.425],"ix":2},"a":{"a":0,"k":[0,0],"ix":1},"s":{"a":0,"k":[100,100],"ix":3},"r":{"a":0,"k":0,"ix":6},"o":{"a":0,"k":100,"ix":7},"sk":{"a":0,"k":0,"ix":4},"sa":{"a":0,"k":0,"ix":5},"nm":"Transform"}],"nm":"Group 1","np":3,"cix":2,"bm":0,"ix":1,"mn":"ADBE Vector Group","hd":false}],"ip":40.999996451326,"op":41.999996364773,"st":0,"bm":0},{"ddd":0,"ind":16,"ty":4,"nm":"Contact Outlines 5","sr":1,"ks":{"o":{"a":0,"k":100,"ix":11},"r":{"a":1,"k":[{"i":{"x":[0],"y":[1]},"o":{"x":[0],"y":[0]},"t":114,"s":[0]},{"i":{"x":[0.712],"y":[1]},"o":{"x":[0.858],"y":[0]},"t":126,"s":[-24]},{"t":139.999987882577,"s":[0]}],"ix":10},"p":{"a":1,"k":[{"i":{"x":0,"y":1},"o":{"x":0.333,"y":0},"t":10,"s":[816.0969999999999,728.926,0],"to":[7.333,-32.667,0],"ti":[0,0,0]},{"i":{"x":0,"y":1},"o":{"x":0.333,"y":0},"t":32,"s":[860.097,532.926,0],"to":[0,0,0],"ti":[-37.333,0,0]},{"i":{"x":0,"y":0},"o":{"x":0.167,"y":0.167},"t":53,"s":[1084.097,532.926,0],"to":[0,0,0],"ti":[0,0,0]},{"i":{"x":0,"y":1},"o":{"x":0,"y":0},"t":114,"s":[1084.097,532.926,0],"to":[-53.333,-10.667,0],"ti":[0,0,0]},{"i":{"x":0.712,"y":1},"o":{"x":0.858,"y":0},"t":126,"s":[764.097,468.926,0],"to":[0,0,0],"ti":[-8.667,-43.333,0]},{"t":139.999987882577,"s":[816.0969999999999,728.926,0]}],"ix":2,"l":2},"a":{"a":0,"k":[81.139,26.425,0],"ix":1,"l":2},"s":{"a":0,"k":[100,100,100],"ix":6,"l":2}},"ao":0,"shapes":[{"ty":"gr","it":[{"ind":0,"ty":"sh","ix":1,"ks":{"a":0,"k":{"i":[[-0.155,-0.03],[0,3.217],[-2.716,1.676]],"o":[[-2.448,-1.724],[0,-3.419],[0.05,0.093]],"v":[[50.186,7.667],[46.001,0],[50.357,-7.956]],"c":true},"ix":2},"nm":"Path 1","mn":"ADBE Vector Shape - Group","hd":false},{"ind":1,"ty":"sh","ix":2,"ks":{"a":0,"k":{"i":[[0,0],[0,0],[0,-12.789],[0,0],[-12.789,0],[0,0]],"o":[[0,0],[-12.789,0],[0,0],[0,12.79],[0,0],[0,0]],"v":[[50.407,-26.176],[-57.731,-26.176],[-80.889,-3.018],[-80.889,3.018],[-57.731,26.176],[50.157,26.176]],"c":true},"ix":2},"nm":"Path 2","mn":"ADBE Vector Shape - Group","hd":false},{"ty":"mm","mm":1,"nm":"Merge Paths 1","mn":"ADBE Vector Filter - Merge","hd":false},{"ty":"fl","c":{"a":0,"k":[0.8941176470588236,0.9490196078431372,0.996078431372549,1],"ix":4},"o":{"a":0,"k":100,"ix":5},"r":1,"bm":0,"nm":"Fill 1","mn":"ADBE Vector Graphic - Fill","hd":false},{"ty":"tr","p":{"a":0,"k":[81.139,26.425],"ix":2},"a":{"a":0,"k":[0,0],"ix":1},"s":{"a":0,"k":[100,100],"ix":3},"r":{"a":0,"k":0,"ix":6},"o":{"a":0,"k":100,"ix":7},"sk":{"a":0,"k":0,"ix":4},"sa":{"a":0,"k":0,"ix":5},"nm":"Transform"}],"nm":"Group 1","np":4,"cix":2,"bm":0,"ix":1,"mn":"ADBE Vector Group","hd":false}],"ip":39.999996537879,"op":40.999996451326,"st":0,"bm":0},{"ddd":0,"ind":17,"ty":4,"nm":"Contact Outlines 4","sr":1,"ks":{"o":{"a":0,"k":100,"ix":11},"r":{"a":1,"k":[{"i":{"x":[0],"y":[1]},"o":{"x":[0],"y":[0]},"t":114,"s":[0]},{"i":{"x":[0.712],"y":[1]},"o":{"x":[0.858],"y":[0]},"t":126,"s":[-24]},{"t":139.999987882577,"s":[0]}],"ix":10},"p":{"a":1,"k":[{"i":{"x":0,"y":1},"o":{"x":0.333,"y":0},"t":10,"s":[816.0969999999999,728.926,0],"to":[7.333,-32.667,0],"ti":[0,0,0]},{"i":{"x":0,"y":1},"o":{"x":0.333,"y":0},"t":32,"s":[860.097,532.926,0],"to":[0,0,0],"ti":[-37.333,0,0]},{"i":{"x":0,"y":0},"o":{"x":0.167,"y":0.167},"t":53,"s":[1084.097,532.926,0],"to":[0,0,0],"ti":[0,0,0]},{"i":{"x":0,"y":1},"o":{"x":0,"y":0},"t":114,"s":[1084.097,532.926,0],"to":[-53.333,-10.667,0],"ti":[0,0,0]},{"i":{"x":0.712,"y":1},"o":{"x":0.858,"y":0},"t":126,"s":[764.097,468.926,0],"to":[0,0,0],"ti":[-8.667,-43.333,0]},{"t":139.999987882577,"s":[816.0969999999999,728.926,0]}],"ix":2,"l":2},"a":{"a":0,"k":[81.139,26.425,0],"ix":1,"l":2},"s":{"a":0,"k":[100,100,100],"ix":6,"l":2}},"ao":0,"shapes":[{"ty":"gr","it":[{"ind":0,"ty":"sh","ix":1,"ks":{"a":0,"k":{"i":[[5.032,0],[0,5.032],[-5.032,0],[0,-5.032]],"o":[[-5.032,0],[0,-5.032],[5.032,0],[0,5.032]],"v":[[55.112,9.111],[46.001,0.001],[55.112,-9.111],[64.223,0.001]],"c":true},"ix":2},"nm":"Path 1","mn":"ADBE Vector Shape - Group","hd":false},{"ind":1,"ty":"sh","ix":2,"ks":{"a":0,"k":{"i":[[2.715,0],[0,0],[0,-12.789],[0,0],[-12.789,0],[0,0],[-3.581,2.459],[0.009,0.003]],"o":[[0,0],[-12.789,0],[0,0],[0,12.79],[0,0],[2.756,-0.029],[0.044,-0.291],[-1.616,-1.872]],"v":[[57.731,-26.176],[-57.731,-26.176],[-80.889,-3.018],[-80.889,3.018],[-57.731,26.176],[57.731,26.176],[65.629,23.74],[65.664,-24.178]],"c":true},"ix":2},"nm":"Path 2","mn":"ADBE Vector Shape - Group","hd":false},{"ty":"mm","mm":1,"nm":"Merge Paths 1","mn":"ADBE Vector Filter - Merge","hd":false},{"ty":"fl","c":{"a":0,"k":[0.8941176470588236,0.9490196078431372,0.996078431372549,1],"ix":4},"o":{"a":0,"k":100,"ix":5},"r":1,"bm":0,"nm":"Fill 1","mn":"ADBE Vector Graphic - Fill","hd":false},{"ty":"tr","p":{"a":0,"k":[81.139,26.425],"ix":2},"a":{"a":0,"k":[0,0],"ix":1},"s":{"a":0,"k":[100,100],"ix":3},"r":{"a":0,"k":0,"ix":6},"o":{"a":0,"k":100,"ix":7},"sk":{"a":0,"k":0,"ix":4},"sa":{"a":0,"k":0,"ix":5},"nm":"Transform"}],"nm":"Group 1","np":4,"cix":2,"bm":0,"ix":1,"mn":"ADBE Vector Group","hd":false}],"ip":38.9999966244321,"op":39.999996537879,"st":0,"bm":0},{"ddd":0,"ind":18,"ty":4,"nm":"Contact Outlines","sr":1,"ks":{"o":{"a":0,"k":100,"ix":11},"r":{"a":1,"k":[{"i":{"x":[0],"y":[1]},"o":{"x":[0],"y":[0]},"t":114,"s":[0]},{"i":{"x":[0.712],"y":[1]},"o":{"x":[0.858],"y":[0]},"t":126,"s":[-24]},{"t":139.999987882577,"s":[0]}],"ix":10},"p":{"a":1,"k":[{"i":{"x":0,"y":1},"o":{"x":0.333,"y":0},"t":10,"s":[816.0969999999999,728.926,0],"to":[7.333,-32.667,0],"ti":[0,0,0]},{"i":{"x":0,"y":1},"o":{"x":0.333,"y":0},"t":32,"s":[860.097,532.926,0],"to":[0,0,0],"ti":[-37.333,0,0]},{"i":{"x":0,"y":0},"o":{"x":0.167,"y":0.167},"t":53,"s":[1084.097,532.926,0],"to":[0,0,0],"ti":[0,0,0]},{"i":{"x":0,"y":1},"o":{"x":0,"y":0},"t":114,"s":[1084.097,532.926,0],"to":[-53.333,-10.667,0],"ti":[0,0,0]},{"i":{"x":0.712,"y":1},"o":{"x":0.858,"y":0},"t":126,"s":[764.097,468.926,0],"to":[0,0,0],"ti":[-8.667,-43.333,0]},{"t":139.999987882577,"s":[816.0969999999999,728.926,0]}],"ix":2,"l":2},"a":{"a":0,"k":[81.139,26.425,0],"ix":1,"l":2},"s":{"a":0,"k":[100,100,100],"ix":6,"l":2}},"ao":0,"shapes":[{"ty":"gr","it":[{"ind":0,"ty":"sh","ix":1,"ks":{"a":0,"k":{"i":[[5.032,0],[0,5.032],[-5.032,0],[0,-5.032]],"o":[[-5.032,0],[0,-5.032],[5.032,0],[0,5.032]],"v":[[55.112,9.111],[46.001,0.001],[55.112,-9.111],[64.223,0.001]],"c":true},"ix":2},"nm":"Path 1","mn":"ADBE Vector Shape - Group","hd":false},{"ind":1,"ty":"sh","ix":2,"ks":{"a":0,"k":{"i":[[12.79,0],[0,0],[0,-12.789],[0,0],[-12.789,0],[0,0],[0,12.79],[0,0]],"o":[[0,0],[-12.789,0],[0,0],[0,12.79],[0,0],[12.79,0],[0,0],[0,-12.789]],"v":[[57.731,-26.176],[-57.731,-26.176],[-80.889,-3.018],[-80.889,3.018],[-57.731,26.176],[57.731,26.176],[80.889,3.018],[80.889,-3.018]],"c":true},"ix":2},"nm":"Path 2","mn":"ADBE Vector Shape - Group","hd":false},{"ty":"mm","mm":1,"nm":"Merge Paths 1","mn":"ADBE Vector Filter - Merge","hd":false},{"ty":"fl","c":{"a":0,"k":[0.8941176470588236,0.9490196078431372,0.996078431372549,1],"ix":4},"o":{"a":0,"k":100,"ix":5},"r":1,"bm":0,"nm":"Fill 1","mn":"ADBE Vector Graphic - Fill","hd":false},{"ty":"tr","p":{"a":0,"k":[81.139,26.425],"ix":2},"a":{"a":0,"k":[0,0],"ix":1},"s":{"a":0,"k":[100,100],"ix":3},"r":{"a":0,"k":0,"ix":6},"o":{"a":0,"k":100,"ix":7},"sk":{"a":0,"k":0,"ix":4},"sa":{"a":0,"k":0,"ix":5},"nm":"Transform"}],"nm":"Group 1","np":4,"cix":2,"bm":0,"ix":1,"mn":"ADBE Vector Group","hd":false}],"ip":0,"op":38.9999966244321,"st":0,"bm":0},{"ddd":0,"ind":19,"ty":4,"nm":"Outlet Outlines","sr":1,"ks":{"o":{"a":0,"k":100,"ix":11},"r":{"a":0,"k":0,"ix":10},"p":{"a":0,"k":[1040.684,408.84200000000004,0],"ix":2,"l":2},"a":{"a":0,"k":[159.197,256.039,0],"ix":1,"l":2},"s":{"a":0,"k":[100,100,100],"ix":6,"l":2}},"ao":0,"shapes":[{"ty":"gr","it":[{"ind":0,"ty":"sh","ix":1,"ks":{"a":0,"k":{"i":[[0.982,0],[0,0],[0,0.982],[-0.982,0],[0,0],[0,-0.982]],"o":[[0,0],[-0.982,0],[0,-0.982],[0,0],[0.982,0],[0,0.982]],"v":[[9.167,1.778],[-9.166,1.778],[-10.944,0],[-9.166,-1.778],[9.167,-1.778],[10.944,0]],"c":true},"ix":2},"nm":"Path 1","mn":"ADBE Vector Shape - Group","hd":false},{"ty":"fl","c":{"a":0,"k":[0.5450980392156862,0.5450980392156862,0.5450980392156862,1],"ix":4},"o":{"a":0,"k":100,"ix":5},"r":1,"bm":0,"nm":"Fill 1","mn":"ADBE Vector Graphic - Fill","hd":false},{"ty":"tr","p":{"a":0,"k":[153.791,251.419],"ix":2},"a":{"a":0,"k":[0,0],"ix":1},"s":{"a":0,"k":[100,100],"ix":3},"r":{"a":0,"k":0,"ix":6},"o":{"a":0,"k":100,"ix":7},"sk":{"a":0,"k":0,"ix":4},"sa":{"a":0,"k":0,"ix":5},"nm":"Transform"}],"nm":"Group 1","np":2,"cix":2,"bm":0,"ix":1,"mn":"ADBE Vector Group","hd":false},{"ty":"gr","it":[{"ind":0,"ty":"sh","ix":1,"ks":{"a":0,"k":{"i":[[0,-8.55],[8.551,0],[0,8.55],[-8.55,0]],"o":[[0,8.55],[-8.55,0],[0,-8.55],[8.551,0]],"v":[[15.482,-0.001],[-0.001,15.482],[-15.482,-0.001],[-0.001,-15.481]],"c":true},"ix":2},"nm":"Path 1","mn":"ADBE Vector Shape - Group","hd":false},{"ty":"fl","c":{"a":0,"k":[0.8196078431372549,0.8196078431372549,0.8196078431372549,1],"ix":4},"o":{"a":0,"k":100,"ix":5},"r":1,"bm":0,"nm":"Fill 1","mn":"ADBE Vector Graphic - Fill","hd":false},{"ty":"tr","p":{"a":0,"k":[153.328,250.975],"ix":2},"a":{"a":0,"k":[0,0],"ix":1},"s":{"a":0,"k":[100,100],"ix":3},"r":{"a":0,"k":0,"ix":6},"o":{"a":0,"k":100,"ix":7},"sk":{"a":0,"k":0,"ix":4},"sa":{"a":0,"k":0,"ix":5},"nm":"Transform"}],"nm":"Group 2","np":2,"cix":2,"bm":0,"ix":2,"mn":"ADBE Vector Group","hd":false},{"ty":"gr","it":[{"ind":0,"ty":"sh","ix":1,"ks":{"a":0,"k":{"i":[[0,-10.064],[10.064,0],[0,10.064],[-10.064,0]],"o":[[0,10.064],[-10.064,0],[0,-10.064],[10.064,0]],"v":[[18.222,0],[0,18.222],[-18.222,0],[0,-18.222]],"c":true},"ix":2},"nm":"Path 1","mn":"ADBE Vector Shape - Group","hd":false},{"ty":"fl","c":{"a":0,"k":[0.5450980392156862,0.5450980392156862,0.5450980392156862,1],"ix":4},"o":{"a":0,"k":100,"ix":5},"r":1,"bm":0,"nm":"Fill 1","mn":"ADBE Vector Graphic - Fill","hd":false},{"ty":"tr","p":{"a":0,"k":[154.513,252.197],"ix":2},"a":{"a":0,"k":[0,0],"ix":1},"s":{"a":0,"k":[100,100],"ix":3},"r":{"a":0,"k":0,"ix":6},"o":{"a":0,"k":100,"ix":7},"sk":{"a":0,"k":0,"ix":4},"sa":{"a":0,"k":0,"ix":5},"nm":"Transform"}],"nm":"Group 3","np":2,"cix":2,"bm":0,"ix":3,"mn":"ADBE Vector Group","hd":false},{"ty":"gr","it":[{"ind":0,"ty":"sh","ix":1,"ks":{"a":0,"k":{"i":[[0,0],[-3.855,0],[-0.237,-0.025],[4.242,0],[0,-4.255],[0,0],[-4.255,0],[-0.339,0.046],[0,1.338]],"o":[[0,-3.856],[0.244,0],[-0.02,-4.238],[-4.255,0],[0,0],[0,4.255],[0.352,0],[-0.652,-1.062],[0,0]],"v":[[0.001,-29.241],[6.982,-36.222],[7.703,-36.185],[0.001,-43.852],[-7.703,-36.148],[-7.703,36.148],[0.001,43.852],[1.036,43.774],[0.001,40.129]],"c":true},"ix":2},"nm":"Path 1","mn":"ADBE Vector Shape - Group","hd":false},{"ty":"fl","c":{"a":0,"k":[0.5450980392156862,0.5450980392156862,0.5450980392156862,1],"ix":4},"o":{"a":0,"k":100,"ix":5},"r":1,"bm":0,"nm":"Fill 1","mn":"ADBE Vector Graphic - Fill","hd":false},{"ty":"tr","p":{"a":0,"k":[194.513,121.975],"ix":2},"a":{"a":0,"k":[0,0],"ix":1},"s":{"a":0,"k":[100,100],"ix":3},"r":{"a":0,"k":0,"ix":6},"o":{"a":0,"k":100,"ix":7},"sk":{"a":0,"k":0,"ix":4},"sa":{"a":0,"k":0,"ix":5},"nm":"Transform"}],"nm":"Group 4","np":2,"cix":2,"bm":0,"ix":4,"mn":"ADBE Vector Group","hd":false},{"ty":"gr","it":[{"ind":0,"ty":"sh","ix":1,"ks":{"a":0,"k":{"i":[[0,0],[-3.855,0],[-0.237,-0.025],[4.242,0],[0,-4.255],[0,0],[-4.255,0],[-0.339,0.046],[0,1.338]],"o":[[0,-3.856],[0.244,0],[-0.02,-4.238],[-4.255,0],[0,0],[0,4.255],[0.352,0],[-0.652,-1.062],[0,0]],"v":[[0.001,-29.241],[6.982,-36.222],[7.703,-36.185],[0.001,-43.852],[-7.703,-36.148],[-7.703,36.148],[0.001,43.852],[1.036,43.774],[0.001,40.129]],"c":true},"ix":2},"nm":"Path 1","mn":"ADBE Vector Shape - Group","hd":false},{"ty":"fl","c":{"a":0,"k":[0.5450980392156862,0.5450980392156862,0.5450980392156862,1],"ix":4},"o":{"a":0,"k":100,"ix":5},"r":1,"bm":0,"nm":"Fill 1","mn":"ADBE Vector Graphic - Fill","hd":false},{"ty":"tr","p":{"a":0,"k":[118.364,377.975],"ix":2},"a":{"a":0,"k":[0,0],"ix":1},"s":{"a":0,"k":[100,100],"ix":3},"r":{"a":0,"k":0,"ix":6},"o":{"a":0,"k":100,"ix":7},"sk":{"a":0,"k":0,"ix":4},"sa":{"a":0,"k":0,"ix":5},"nm":"Transform"}],"nm":"Group 5","np":2,"cix":2,"bm":0,"ix":5,"mn":"ADBE Vector Group","hd":false},{"ty":"gr","it":[{"ind":0,"ty":"sh","ix":1,"ks":{"a":0,"k":{"i":[[0,0],[-3.855,0],[-0.237,-0.025],[4.242,0],[0,-4.255],[0,0],[-4.255,0],[-0.339,0.046],[0,1.338]],"o":[[0,-3.856],[0.244,0],[-0.02,-4.238],[-4.255,0],[0,0],[0,4.255],[0.352,0],[-0.652,-1.062],[0,0]],"v":[[0.001,-29.241],[6.982,-36.222],[7.703,-36.185],[0.001,-43.852],[-7.703,-36.148],[-7.703,36.148],[0.001,43.852],[1.036,43.774],[0.001,40.129]],"c":true},"ix":2},"nm":"Path 1","mn":"ADBE Vector Shape - Group","hd":false},{"ty":"fl","c":{"a":0,"k":[0.5450980392156862,0.5450980392156862,0.5450980392156862,1],"ix":4},"o":{"a":0,"k":100,"ix":5},"r":1,"bm":0,"nm":"Fill 1","mn":"ADBE Vector Graphic - Fill","hd":false},{"ty":"tr","p":{"a":0,"k":[121.364,121.975],"ix":2},"a":{"a":0,"k":[0,0],"ix":1},"s":{"a":0,"k":[100,100],"ix":3},"r":{"a":0,"k":0,"ix":6},"o":{"a":0,"k":100,"ix":7},"sk":{"a":0,"k":0,"ix":4},"sa":{"a":0,"k":0,"ix":5},"nm":"Transform"}],"nm":"Group 6","np":2,"cix":2,"bm":0,"ix":6,"mn":"ADBE Vector Group","hd":false},{"ty":"gr","it":[{"ind":0,"ty":"sh","ix":1,"ks":{"a":0,"k":{"i":[[4.255,0],[0,-4.255],[0,0],[-4.255,0],[-0.327,0.042],[0,1.282],[0,0],[-3.856,0],[-0.237,-0.024],[0,-0.012],[0,0]],"o":[[-4.255,0],[0,0],[0,4.255],[0.339,0],[-0.627,-1.025],[0,0],[0,-3.777],[0.243,0],[0,0.012],[0,0],[0,-4.255]],"v":[[0,-43.852],[-7.704,-36.148],[-7.704,36.148],[0,43.852],[0.997,43.78],[0,40.281],[0,-27.679],[6.982,-34.519],[7.702,-34.482],[7.704,-34.446],[7.704,-36.148]],"c":true},"ix":2},"nm":"Path 1","mn":"ADBE Vector Shape - Group","hd":false},{"ty":"fl","c":{"a":0,"k":[0.5450980392156862,0.5450980392156862,0.5450980392156862,1],"ix":4},"o":{"a":0,"k":100,"ix":5},"r":1,"bm":0,"nm":"Fill 1","mn":"ADBE Vector Graphic - Fill","hd":false},{"ty":"tr","p":{"a":0,"k":[190.661,377.975],"ix":2},"a":{"a":0,"k":[0,0],"ix":1},"s":{"a":0,"k":[100,100],"ix":3},"r":{"a":0,"k":0,"ix":6},"o":{"a":0,"k":100,"ix":7},"sk":{"a":0,"k":0,"ix":4},"sa":{"a":0,"k":0,"ix":5},"nm":"Transform"}],"nm":"Group 7","np":2,"cix":2,"bm":0,"ix":7,"mn":"ADBE Vector Group","hd":false},{"ty":"gr","it":[{"ind":0,"ty":"sh","ix":1,"ks":{"a":0,"k":{"i":[[0,0],[3.764,-0.507],[0,1.337],[0,0],[-3.856,0],[-0.237,-0.025],[0,-0.013]],"o":[[0,3.903],[-0.652,-1.062],[0,0],[0,-3.856],[0.243,0],[0,0.012],[0,0]],"v":[[47.721,35.674],[41.052,43.301],[40.017,39.657],[40.017,-29.715],[46.999,-36.696],[47.719,-36.658],[47.721,-36.621]],"c":true},"ix":2},"nm":"Path 1","mn":"ADBE Vector Shape - Group","hd":false},{"ind":1,"ty":"sh","ix":2,"ks":{"a":0,"k":{"i":[[0,0],[3.764,-0.507],[0,1.338],[0,0],[-3.856,0],[-0.237,-0.025],[0,-0.013]],"o":[[0,3.903],[-0.652,-1.062],[0,0],[0,-3.856],[0.243,0],[0,0.012],[0,0]],"v":[[-25.427,35.913],[-32.096,43.538],[-33.131,39.894],[-33.131,-29.477],[-26.149,-36.457],[-25.429,-36.421],[-25.427,-36.384]],"c":true},"ix":2},"nm":"Path 2","mn":"ADBE Vector Shape - Group","hd":false},{"ind":2,"ty":"sh","ix":3,"ks":{"a":0,"k":{"i":[[12.789,0],[0,0],[0,-12.79],[0,0],[-12.79,0],[0,0],[0,12.79],[0,0]],"o":[[0,0],[-12.79,0],[0,0],[0,12.79],[0,0],[12.789,0],[0,0],[0,-12.79]],"v":[[57.731,-65.777],[-57.731,-65.777],[-80.889,-42.619],[-80.889,42.619],[-57.731,65.777],[57.731,65.777],[80.889,42.619],[80.889,-42.619]],"c":true},"ix":2},"nm":"Path 3","mn":"ADBE Vector Shape - Group","hd":false},{"ty":"mm","mm":1,"nm":"Merge Paths 1","mn":"ADBE Vector Filter - Merge","hd":false},{"ty":"fl","c":{"a":0,"k":[0.8196078431372549,0.8196078431372549,0.8196078431372549,1],"ix":4},"o":{"a":0,"k":100,"ix":5},"r":1,"bm":0,"nm":"Fill 1","mn":"ADBE Vector Graphic - Fill","hd":false},{"ty":"tr","p":{"a":0,"k":[154.513,121.975],"ix":2},"a":{"a":0,"k":[0,0],"ix":1},"s":{"a":0,"k":[100,100],"ix":3},"r":{"a":0,"k":0,"ix":6},"o":{"a":0,"k":100,"ix":7},"sk":{"a":0,"k":0,"ix":4},"sa":{"a":0,"k":0,"ix":5},"nm":"Transform"}],"nm":"Group 8","np":5,"cix":2,"bm":0,"ix":8,"mn":"ADBE Vector Group","hd":false},{"ty":"gr","it":[{"ind":0,"ty":"sh","ix":1,"ks":{"a":0,"k":{"i":[[0,0],[3.764,-0.496],[0,1.31],[0,0],[-3.856,0],[-0.237,-0.024],[0,-0.012]],"o":[[0,3.823],[-0.652,-1.04],[0,0],[0,-3.777],[0.243,0],[0,0.012],[0,0]],"v":[[43.852,36.38],[37.183,43.851],[36.148,40.281],[36.148,-27.68],[43.13,-34.519],[43.85,-34.483],[43.852,-34.447]],"c":true},"ix":2},"nm":"Path 1","mn":"ADBE Vector Shape - Group","hd":false},{"ind":1,"ty":"sh","ix":2,"ks":{"a":0,"k":{"i":[[0,0],[3.764,-0.506],[0,1.335],[0,0],[-3.856,0],[-0.237,-0.025],[0,-0.013]],"o":[[0,3.896],[-0.653,-1.06],[0,0],[0,-3.849],[0.243,0],[0,0.012],[0,0]],"v":[[-28.427,36.004],[-35.095,43.616],[-36.13,39.978],[-36.13,-29.267],[-29.149,-36.236],[-28.429,-36.199],[-28.427,-36.162]],"c":true},"ix":2},"nm":"Path 2","mn":"ADBE Vector Shape - Group","hd":false},{"ind":2,"ty":"sh","ix":3,"ks":{"a":0,"k":{"i":[[12.79,0],[0,0],[0,-12.789],[0,0],[-12.79,0],[0,0],[0,12.79],[0,0]],"o":[[0,0],[-12.79,0],[0,0],[0,12.79],[0,0],[12.79,0],[0,0],[0,-12.789]],"v":[[57.731,-65.777],[-57.731,-65.777],[-80.889,-42.621],[-80.889,42.619],[-57.731,65.777],[57.731,65.777],[80.889,42.619],[80.889,-42.621]],"c":true},"ix":2},"nm":"Path 3","mn":"ADBE Vector Shape - Group","hd":false},{"ty":"mm","mm":1,"nm":"Merge Paths 1","mn":"ADBE Vector Filter - Merge","hd":false},{"ty":"fl","c":{"a":0,"k":[0.8196078431372549,0.8196078431372549,0.8196078431372549,1],"ix":4},"o":{"a":0,"k":100,"ix":5},"r":1,"bm":0,"nm":"Fill 1","mn":"ADBE Vector Graphic - Fill","hd":false},{"ty":"tr","p":{"a":0,"k":[154.513,377.975],"ix":2},"a":{"a":0,"k":[0,0],"ix":1},"s":{"a":0,"k":[100,100],"ix":3},"r":{"a":0,"k":0,"ix":6},"o":{"a":0,"k":100,"ix":7},"sk":{"a":0,"k":0,"ix":4},"sa":{"a":0,"k":0,"ix":5},"nm":"Transform"}],"nm":"Group 9","np":5,"cix":2,"bm":0,"ix":9,"mn":"ADBE Vector Group","hd":false},{"ty":"gr","it":[{"ind":0,"ty":"sh","ix":1,"ks":{"a":0,"k":{"i":[[0,0],[3.764,-0.507],[0,1.337],[0,0],[-3.856,0],[-0.237,-0.025],[0,-0.013]],"o":[[0,3.903],[-0.652,-1.062],[0,0],[0,-3.856],[0.243,0],[0,0.012],[0,0]],"v":[[44.722,32.372],[38.053,39.999],[37.017,36.355],[37.017,-33.017],[43.999,-39.998],[44.72,-39.96],[44.722,-39.923]],"c":true},"ix":2},"nm":"Path 1","mn":"ADBE Vector Shape - Group","hd":false},{"ind":1,"ty":"sh","ix":2,"ks":{"a":0,"k":{"i":[[0,0],[3.764,-0.507],[0,1.337],[0,0],[-3.856,0],[-0.237,-0.025],[0,-0.013]],"o":[[0,3.903],[-0.652,-1.062],[0,0],[0,-3.856],[0.243,0],[0,0.012],[0,0]],"v":[[-28.426,32.611],[-35.095,40.236],[-36.131,36.592],[-36.131,-32.779],[-29.149,-39.759],[-28.428,-39.723],[-28.426,-39.686]],"c":true},"ix":2},"nm":"Path 2","mn":"ADBE Vector Shape - Group","hd":false},{"ind":2,"ty":"sh","ix":3,"ks":{"a":0,"k":{"i":[[12.79,0],[0,0],[0,-12.789],[0,0],[-12.79,0],[0,0],[0,12.789],[0,0]],"o":[[0,0],[-12.79,0],[0,0],[0,12.789],[0,0],[12.79,0],[0,0],[0,-12.789]],"v":[[64.895,-72.632],[-64.895,-72.632],[-88.053,-49.473],[-88.053,49.475],[-64.895,72.632],[64.895,72.632],[88.053,49.475],[88.053,-49.473]],"c":true},"ix":2},"nm":"Path 3","mn":"ADBE Vector Shape - Group","hd":false},{"ty":"mm","mm":1,"nm":"Merge Paths 1","mn":"ADBE Vector Filter - Merge","hd":false},{"ty":"fl","c":{"a":0,"k":[0.5450980392156862,0.5450980392156862,0.5450980392156862,1],"ix":4},"o":{"a":0,"k":100,"ix":5},"r":1,"bm":0,"nm":"Fill 1","mn":"ADBE Vector Graphic - Fill","hd":false},{"ty":"tr","p":{"a":0,"k":[157.512,125.513],"ix":2},"a":{"a":0,"k":[0,0],"ix":1},"s":{"a":0,"k":[100,100],"ix":3},"r":{"a":0,"k":0,"ix":6},"o":{"a":0,"k":100,"ix":7},"sk":{"a":0,"k":0,"ix":4},"sa":{"a":0,"k":0,"ix":5},"nm":"Transform"}],"nm":"Group 10","np":5,"cix":2,"bm":0,"ix":10,"mn":"ADBE Vector Group","hd":false},{"ty":"gr","it":[{"ind":0,"ty":"sh","ix":1,"ks":{"a":0,"k":{"i":[[0,0],[3.764,-0.496],[0,1.31],[0,0],[-3.856,0],[-0.237,-0.024],[0,-0.012]],"o":[[0,3.823],[-0.652,-1.04],[0,0],[0,-3.777],[0.243,0],[0,0.012],[0,0]],"v":[[40.852,34.105],[34.183,41.577],[33.147,38.007],[33.147,-29.954],[40.129,-36.793],[40.85,-36.757],[40.852,-36.721]],"c":true},"ix":2},"nm":"Path 1","mn":"ADBE Vector Shape - Group","hd":false},{"ind":1,"ty":"sh","ix":2,"ks":{"a":0,"k":{"i":[[0,0],[3.764,-0.506],[0,1.335],[0,0],[-3.856,0],[-0.237,-0.024],[0,-0.012]],"o":[[0,3.895],[-0.653,-1.06],[0,0],[0,-3.849],[0.243,0],[0,0.013],[0,0]],"v":[[-31.428,33.965],[-38.095,41.577],[-39.131,37.939],[-39.131,-31.306],[-32.15,-38.275],[-31.429,-38.238],[-31.428,-38.201]],"c":true},"ix":2},"nm":"Path 2","mn":"ADBE Vector Shape - Group","hd":false},{"ind":2,"ty":"sh","ix":3,"ks":{"a":0,"k":{"i":[[12.79,0],[0,0],[0,-12.789],[0,0],[-12.789,0],[0,0],[0,12.79],[0,0]],"o":[[0,0],[-12.789,0],[0,0],[0,12.79],[0,0],[12.79,0],[0,0],[0,-12.789]],"v":[[64.895,-72.632],[-64.895,-72.632],[-88.053,-49.474],[-88.053,49.474],[-64.895,72.632],[64.895,72.632],[88.053,49.474],[88.053,-49.474]],"c":true},"ix":2},"nm":"Path 3","mn":"ADBE Vector Shape - Group","hd":false},{"ty":"mm","mm":1,"nm":"Merge Paths 1","mn":"ADBE Vector Filter - Merge","hd":false},{"ty":"fl","c":{"a":0,"k":[0.5450980392156862,0.5450980392156862,0.5450980392156862,1],"ix":4},"o":{"a":0,"k":100,"ix":5},"r":1,"bm":0,"nm":"Fill 1","mn":"ADBE Vector Graphic - Fill","hd":false},{"ty":"tr","p":{"a":0,"k":[157.513,380.25],"ix":2},"a":{"a":0,"k":[0,0],"ix":1},"s":{"a":0,"k":[100,100],"ix":3},"r":{"a":0,"k":0,"ix":6},"o":{"a":0,"k":100,"ix":7},"sk":{"a":0,"k":0,"ix":4},"sa":{"a":0,"k":0,"ix":5},"nm":"Transform"}],"nm":"Group 11","np":5,"cix":2,"bm":0,"ix":11,"mn":"ADBE Vector Group","hd":false},{"ty":"gr","it":[{"ind":0,"ty":"sh","ix":1,"ks":{"a":0,"k":{"i":[[0,0],[3.764,-0.507],[0,1.337],[0,0],[-3.856,0],[-0.237,-0.025],[0,-0.013]],"o":[[0,3.903],[-0.652,-1.062],[0,0],[0,-3.856],[0.243,0],[0,0.012],[0,0]],"v":[[44.704,-94.312],[38.035,-86.686],[36.999,-90.33],[36.999,-159.701],[43.981,-166.682],[44.702,-166.645],[44.704,-166.608]],"c":true},"ix":2},"nm":"Path 1","mn":"ADBE Vector Shape - Group","hd":false},{"ind":1,"ty":"sh","ix":2,"ks":{"a":0,"k":{"i":[[0,0],[3.764,-0.497],[0,1.311],[0,0],[-3.856,0],[-0.237,-0.024],[0,-0.012]],"o":[[0,3.823],[-0.653,-1.041],[0,0],[0,-3.777],[0.243,0],[0,0.012],[0,0]],"v":[[40.851,162.159],[34.184,169.63],[33.148,166.059],[33.148,98.099],[40.129,91.259],[40.85,91.296],[40.851,91.332]],"c":true},"ix":2},"nm":"Path 2","mn":"ADBE Vector Shape - Group","hd":false},{"ind":2,"ty":"sh","ix":3,"ks":{"a":0,"k":{"i":[[0,0],[3.764,-0.507],[0,1.337],[0,0],[-3.856,0],[-0.237,-0.025],[0,-0.013]],"o":[[0,3.903],[-0.652,-1.062],[0,0],[0,-3.856],[0.243,0],[0,0.012],[0,0]],"v":[[-28.444,-94.074],[-35.113,-86.448],[-36.149,-90.092],[-36.149,-159.463],[-29.167,-166.444],[-28.447,-166.407],[-28.444,-166.37]],"c":true},"ix":2},"nm":"Path 3","mn":"ADBE Vector Shape - Group","hd":false},{"ind":3,"ty":"sh","ix":4,"ks":{"a":0,"k":{"i":[[0,0],[3.764,-0.506],[0,1.335],[0,0],[-3.856,0],[-0.237,-0.024],[0,-0.013]],"o":[[0,3.896],[-0.652,-1.06],[0,0],[0,-3.849],[0.243,0],[0,0.012],[0,0]],"v":[[-31.444,162.017],[-38.113,169.63],[-39.149,165.992],[-39.149,96.747],[-32.167,89.778],[-31.447,89.815],[-31.444,89.852]],"c":true},"ix":2},"nm":"Path 4","mn":"ADBE Vector Shape - Group","hd":false},{"ind":4,"ty":"sh","ix":5,"ks":{"a":0,"k":{"i":[[7.849,0],[0,0],[0,-7.848],[0,0],[-7.848,0],[0,0],[0,7.849],[0,0]],"o":[[0,0],[-7.848,0],[0,0],[0,7.849],[0,0],[7.849,0],[0,0],[0,-7.848]],"v":[[136.842,-244.737],[-136.842,-244.737],[-151.053,-230.526],[-151.053,230.526],[-136.842,244.737],[136.842,244.737],[151.053,230.526],[151.053,-230.526]],"c":true},"ix":2},"nm":"Path 5","mn":"ADBE Vector Shape - Group","hd":false},{"ty":"mm","mm":1,"nm":"Merge Paths 1","mn":"ADBE Vector Filter - Merge","hd":false},{"ty":"fl","c":{"a":0,"k":[0.8196078431372549,0.8196078431372549,0.8196078431372549,1],"ix":4},"o":{"a":0,"k":100,"ix":5},"r":1,"bm":0,"nm":"Fill 1","mn":"ADBE Vector Graphic - Fill","hd":false},{"ty":"tr","p":{"a":0,"k":[157.513,252.197],"ix":2},"a":{"a":0,"k":[0,0],"ix":1},"s":{"a":0,"k":[100,100],"ix":3},"r":{"a":0,"k":0,"ix":6},"o":{"a":0,"k":100,"ix":7},"sk":{"a":0,"k":0,"ix":4},"sa":{"a":0,"k":0,"ix":5},"nm":"Transform"}],"nm":"Group 12","np":7,"cix":2,"bm":0,"ix":12,"mn":"ADBE Vector Group","hd":false},{"ty":"gr","it":[{"ind":0,"ty":"sh","ix":1,"ks":{"a":0,"k":{"i":[[0,0],[3.764,-0.507],[0,1.337],[0,0],[-3.856,0],[-0.237,-0.025],[0,-0.013]],"o":[[0,3.903],[-0.652,-1.062],[0,0],[0,-3.856],[0.243,0],[0,0.012],[0,0]],"v":[[43.037,-98.155],[36.368,-90.528],[35.333,-94.172],[35.333,-163.544],[42.315,-170.525],[43.035,-170.487],[43.037,-170.45]],"c":true},"ix":2},"nm":"Path 1","mn":"ADBE Vector Shape - Group","hd":false},{"ind":1,"ty":"sh","ix":2,"ks":{"a":0,"k":{"i":[[0,0],[3.764,-0.497],[0,1.311],[0,0],[-3.855,0],[-0.237,-0.024],[0,-0.012]],"o":[[0,3.823],[-0.652,-1.041],[0,0],[0,-3.777],[0.244,0],[0,0.012],[0,0]],"v":[[39.168,158.316],[32.499,165.787],[31.464,162.216],[31.464,94.256],[38.445,87.417],[39.166,87.453],[39.168,87.49]],"c":true},"ix":2},"nm":"Path 2","mn":"ADBE Vector Shape - Group","hd":false},{"ind":2,"ty":"sh","ix":3,"ks":{"a":0,"k":{"i":[[0,0],[3.764,-0.507],[0,1.337],[0,0],[-3.856,0],[-0.237,-0.025],[0,-0.013]],"o":[[0,3.903],[-0.652,-1.062],[0,0],[0,-3.856],[0.243,0],[0,0.012],[0,0]],"v":[[-30.111,-97.916],[-36.78,-90.291],[-37.815,-93.934],[-37.815,-163.306],[-30.833,-170.286],[-30.113,-170.249],[-30.111,-170.213]],"c":true},"ix":2},"nm":"Path 3","mn":"ADBE Vector Shape - Group","hd":false},{"ind":3,"ty":"sh","ix":4,"ks":{"a":0,"k":{"i":[[0,0],[3.764,-0.506],[0,1.335],[0,0],[-3.856,0],[-0.237,-0.024],[0,-0.013]],"o":[[0,3.896],[-0.652,-1.06],[0,0],[0,-3.849],[0.243,0],[0,0.012],[0,0]],"v":[[-33.111,158.174],[-39.78,165.787],[-40.815,162.149],[-40.815,92.904],[-33.833,85.935],[-33.113,85.972],[-33.111,86.009]],"c":true},"ix":2},"nm":"Path 4","mn":"ADBE Vector Shape - Group","hd":false},{"ind":4,"ty":"sh","ix":5,"ks":{"a":0,"k":{"i":[[9.883,0],[0,0],[0,-9.882],[0,0],[-9.883,0],[0,0],[0,9.883],[0,0]],"o":[[0,0],[-9.883,0],[0,0],[0,9.883],[0,0],[9.883,0],[0,0],[0,-9.882]],"v":[[141.053,-255.789],[-141.053,-255.789],[-158.947,-237.895],[-158.947,237.894],[-141.053,255.79],[141.053,255.79],[158.947,237.894],[158.947,-237.895]],"c":true},"ix":2},"nm":"Path 5","mn":"ADBE Vector Shape - Group","hd":false},{"ty":"mm","mm":1,"nm":"Merge Paths 1","mn":"ADBE Vector Filter - Merge","hd":false},{"ty":"fl","c":{"a":0,"k":[0.5450980392156862,0.5450980392156862,0.5450980392156862,1],"ix":4},"o":{"a":0,"k":100,"ix":5},"r":1,"bm":0,"nm":"Fill 1","mn":"ADBE Vector Graphic - Fill","hd":false},{"ty":"tr","p":{"a":0,"k":[159.197,256.04],"ix":2},"a":{"a":0,"k":[0,0],"ix":1},"s":{"a":0,"k":[100,100],"ix":3},"r":{"a":0,"k":0,"ix":6},"o":{"a":0,"k":100,"ix":7},"sk":{"a":0,"k":0,"ix":4},"sa":{"a":0,"k":0,"ix":5},"nm":"Transform"}],"nm":"Group 13","np":7,"cix":2,"bm":0,"ix":13,"mn":"ADBE Vector Group","hd":false}],"ip":0,"op":2999.99974034093,"st":0,"bm":0},{"ddd":0,"ind":20,"ty":4,"nm":"Ping 21","sr":1,"ks":{"o":{"a":0,"k":100,"ix":11},"r":{"a":0,"k":0,"ix":10},"p":{"a":0,"k":[1035,404,0],"ix":2,"l":2},"a":{"a":0,"k":[220,-96,0],"ix":1,"l":2},"s":{"a":1,"k":[{"i":{"x":[0,0,0.667],"y":[1,1,1]},"o":{"x":[0.333,0.333,0.333],"y":[0,0,0]},"t":112,"s":[100,100,100]},{"t":131.999988575001,"s":[191,140,100]}],"ix":6,"l":2}},"ao":0,"shapes":[{"ty":"gr","it":[{"ty":"rc","d":1,"s":{"a":0,"k":[368,568],"ix":2},"p":{"a":0,"k":[0,0],"ix":3},"r":{"a":0,"k":20,"ix":4},"nm":"Rectangle Path 1","mn":"ADBE Vector Shape - Rect","hd":false},{"ty":"st","c":{"a":0,"k":[0.8156862745098039,0.00784313725490196,0.10588235294117647,1],"ix":3},"o":{"a":0,"k":100,"ix":4},"w":{"a":1,"k":[{"i":{"x":[0],"y":[1]},"o":{"x":[0.333],"y":[0]},"t":112,"s":[22]},{"t":131.999988575001,"s":[0]}],"ix":5},"lc":1,"lj":1,"ml":4,"bm":0,"nm":"Stroke 1","mn":"ADBE Vector Graphic - Stroke","hd":false},{"ty":"tr","p":{"a":0,"k":[223,-90],"ix":2},"a":{"a":0,"k":[0,0],"ix":1},"s":{"a":0,"k":[80.122,86.719],"ix":3},"r":{"a":0,"k":0,"ix":6},"o":{"a":0,"k":100,"ix":7},"sk":{"a":0,"k":0,"ix":4},"sa":{"a":0,"k":0,"ix":5},"nm":"Transform"}],"nm":"Rectangle 1","np":3,"cix":2,"bm":0,"ix":1,"mn":"ADBE Vector Group","hd":false}],"ip":111.999990306061,"op":114.999990046402,"st":59.9999948068185,"bm":0},{"ddd":0,"ind":21,"ty":4,"nm":"Ping 20","sr":1,"ks":{"o":{"a":0,"k":100,"ix":11},"r":{"a":0,"k":0,"ix":10},"p":{"a":0,"k":[1035,404,0],"ix":2,"l":2},"a":{"a":0,"k":[220,-96,0],"ix":1,"l":2},"s":{"a":1,"k":[{"i":{"x":[0,0,0.667],"y":[1,1,1]},"o":{"x":[0.333,0.333,0.333],"y":[0,0,0]},"t":109,"s":[100,100,100]},{"t":128.99998883466,"s":[191,140,100]}],"ix":6,"l":2}},"ao":0,"shapes":[{"ty":"gr","it":[{"ty":"rc","d":1,"s":{"a":0,"k":[368,568],"ix":2},"p":{"a":0,"k":[0,0],"ix":3},"r":{"a":0,"k":20,"ix":4},"nm":"Rectangle Path 1","mn":"ADBE Vector Shape - Rect","hd":false},{"ty":"st","c":{"a":0,"k":[0.9529411764705882,0.4196078431372549,0.4980392156862745,1],"ix":3},"o":{"a":0,"k":100,"ix":4},"w":{"a":1,"k":[{"i":{"x":[0],"y":[1]},"o":{"x":[0.333],"y":[0]},"t":109,"s":[22]},{"t":128.99998883466,"s":[0]}],"ix":5},"lc":1,"lj":1,"ml":4,"bm":0,"nm":"Stroke 1","mn":"ADBE Vector Graphic - Stroke","hd":false},{"ty":"tr","p":{"a":0,"k":[223,-90],"ix":2},"a":{"a":0,"k":[0,0],"ix":1},"s":{"a":0,"k":[80.122,86.719],"ix":3},"r":{"a":0,"k":0,"ix":6},"o":{"a":0,"k":100,"ix":7},"sk":{"a":0,"k":0,"ix":4},"sa":{"a":0,"k":0,"ix":5},"nm":"Transform"}],"nm":"Rectangle 1","np":3,"cix":2,"bm":0,"ix":1,"mn":"ADBE Vector Group","hd":false}],"ip":108.99999056572,"op":114.999990046402,"st":56.9999950664776,"bm":0},{"ddd":0,"ind":22,"ty":4,"nm":"Ping 19","sr":1,"ks":{"o":{"a":0,"k":100,"ix":11},"r":{"a":0,"k":0,"ix":10},"p":{"a":0,"k":[1035,404,0],"ix":2,"l":2},"a":{"a":0,"k":[220,-96,0],"ix":1,"l":2},"s":{"a":1,"k":[{"i":{"x":[0,0,0.667],"y":[1,1,1]},"o":{"x":[0.333,0.333,0.333],"y":[0,0,0]},"t":106,"s":[100,100,100]},{"t":125.999989094319,"s":[191,140,100]}],"ix":6,"l":2}},"ao":0,"shapes":[{"ty":"gr","it":[{"ty":"rc","d":1,"s":{"a":0,"k":[368,568],"ix":2},"p":{"a":0,"k":[0,0],"ix":3},"r":{"a":0,"k":20,"ix":4},"nm":"Rectangle Path 1","mn":"ADBE Vector Shape - Rect","hd":false},{"ty":"st","c":{"a":0,"k":[0.792156862745098,0,0.16862745098039217,1],"ix":3},"o":{"a":0,"k":100,"ix":4},"w":{"a":1,"k":[{"i":{"x":[0],"y":[1]},"o":{"x":[0.333],"y":[0]},"t":106,"s":[22]},{"t":125.999989094319,"s":[0]}],"ix":5},"lc":1,"lj":1,"ml":4,"bm":0,"nm":"Stroke 1","mn":"ADBE Vector Graphic - Stroke","hd":false},{"ty":"tr","p":{"a":0,"k":[223,-90],"ix":2},"a":{"a":0,"k":[0,0],"ix":1},"s":{"a":0,"k":[80.122,86.719],"ix":3},"r":{"a":0,"k":0,"ix":6},"o":{"a":0,"k":100,"ix":7},"sk":{"a":0,"k":0,"ix":4},"sa":{"a":0,"k":0,"ix":5},"nm":"Transform"}],"nm":"Rectangle 1","np":3,"cix":2,"bm":0,"ix":1,"mn":"ADBE Vector Group","hd":false}],"ip":105.999990825379,"op":114.999990046402,"st":53.9999953261367,"bm":0},{"ddd":0,"ind":23,"ty":4,"nm":"Ping 18","sr":1,"ks":{"o":{"a":0,"k":100,"ix":11},"r":{"a":0,"k":0,"ix":10},"p":{"a":0,"k":[1035,404,0],"ix":2,"l":2},"a":{"a":0,"k":[220,-96,0],"ix":1,"l":2},"s":{"a":1,"k":[{"i":{"x":[0,0,0.667],"y":[1,1,1]},"o":{"x":[0.333,0.333,0.333],"y":[0,0,0]},"t":103,"s":[100,100,100]},{"t":122.999989353978,"s":[191,140,100]}],"ix":6,"l":2}},"ao":0,"shapes":[{"ty":"gr","it":[{"ty":"rc","d":1,"s":{"a":0,"k":[368,568],"ix":2},"p":{"a":0,"k":[0,0],"ix":3},"r":{"a":0,"k":20,"ix":4},"nm":"Rectangle Path 1","mn":"ADBE Vector Shape - Rect","hd":false},{"ty":"st","c":{"a":0,"k":[1,0.8,0.8509803921568627,1],"ix":3},"o":{"a":0,"k":100,"ix":4},"w":{"a":1,"k":[{"i":{"x":[0],"y":[1]},"o":{"x":[0.333],"y":[0]},"t":103,"s":[22]},{"t":122.999989353978,"s":[0]}],"ix":5},"lc":1,"lj":1,"ml":4,"bm":0,"nm":"Stroke 1","mn":"ADBE Vector Graphic - Stroke","hd":false},{"ty":"tr","p":{"a":0,"k":[223,-90],"ix":2},"a":{"a":0,"k":[0,0],"ix":1},"s":{"a":0,"k":[80.122,86.719],"ix":3},"r":{"a":0,"k":0,"ix":6},"o":{"a":0,"k":100,"ix":7},"sk":{"a":0,"k":0,"ix":4},"sa":{"a":0,"k":0,"ix":5},"nm":"Transform"}],"nm":"Rectangle 1","np":3,"cix":2,"bm":0,"ix":1,"mn":"ADBE Vector Group","hd":false}],"ip":102.999991085038,"op":114.999990046402,"st":50.9999955857958,"bm":0},{"ddd":0,"ind":24,"ty":4,"nm":"Ping 17","sr":1,"ks":{"o":{"a":0,"k":100,"ix":11},"r":{"a":0,"k":0,"ix":10},"p":{"a":0,"k":[1035,404,0],"ix":2,"l":2},"a":{"a":0,"k":[220,-96,0],"ix":1,"l":2},"s":{"a":1,"k":[{"i":{"x":[0,0,0.667],"y":[1,1,1]},"o":{"x":[0.333,0.333,0.333],"y":[0,0,0]},"t":100,"s":[100,100,100]},{"t":119.999989613637,"s":[191,140,100]}],"ix":6,"l":2}},"ao":0,"shapes":[{"ty":"gr","it":[{"ty":"rc","d":1,"s":{"a":0,"k":[368,568],"ix":2},"p":{"a":0,"k":[0,0],"ix":3},"r":{"a":0,"k":20,"ix":4},"nm":"Rectangle Path 1","mn":"ADBE Vector Shape - Rect","hd":false},{"ty":"st","c":{"a":0,"k":[0.792156862745098,0,0.16862745098039217,1],"ix":3},"o":{"a":0,"k":100,"ix":4},"w":{"a":1,"k":[{"i":{"x":[0],"y":[1]},"o":{"x":[0.333],"y":[0]},"t":100,"s":[22]},{"t":119.999989613637,"s":[0]}],"ix":5},"lc":1,"lj":1,"ml":4,"bm":0,"nm":"Stroke 1","mn":"ADBE Vector Graphic - Stroke","hd":false},{"ty":"tr","p":{"a":0,"k":[223,-90],"ix":2},"a":{"a":0,"k":[0,0],"ix":1},"s":{"a":0,"k":[80.122,86.719],"ix":3},"r":{"a":0,"k":0,"ix":6},"o":{"a":0,"k":100,"ix":7},"sk":{"a":0,"k":0,"ix":4},"sa":{"a":0,"k":0,"ix":5},"nm":"Transform"}],"nm":"Rectangle 1","np":3,"cix":2,"bm":0,"ix":1,"mn":"ADBE Vector Group","hd":false}],"ip":99.9999913446975,"op":114.999990046402,"st":47.9999958454548,"bm":0},{"ddd":0,"ind":25,"ty":4,"nm":"Ping 16","sr":1,"ks":{"o":{"a":0,"k":100,"ix":11},"r":{"a":0,"k":0,"ix":10},"p":{"a":0,"k":[1035,404,0],"ix":2,"l":2},"a":{"a":0,"k":[220,-96,0],"ix":1,"l":2},"s":{"a":1,"k":[{"i":{"x":[0,0,0.667],"y":[1,1,1]},"o":{"x":[0.333,0.333,0.333],"y":[0,0,0]},"t":97,"s":[100,100,100]},{"t":116.999989873296,"s":[191,140,100]}],"ix":6,"l":2}},"ao":0,"shapes":[{"ty":"gr","it":[{"ty":"rc","d":1,"s":{"a":0,"k":[368,568],"ix":2},"p":{"a":0,"k":[0,0],"ix":3},"r":{"a":0,"k":20,"ix":4},"nm":"Rectangle Path 1","mn":"ADBE Vector Shape - Rect","hd":false},{"ty":"st","c":{"a":0,"k":[0.9019607843137255,0,0.24705882352941178,1],"ix":3},"o":{"a":0,"k":100,"ix":4},"w":{"a":1,"k":[{"i":{"x":[0],"y":[1]},"o":{"x":[0.333],"y":[0]},"t":97,"s":[22]},{"t":116.999989873296,"s":[0]}],"ix":5},"lc":1,"lj":1,"ml":4,"bm":0,"nm":"Stroke 1","mn":"ADBE Vector Graphic - Stroke","hd":false},{"ty":"tr","p":{"a":0,"k":[223,-90],"ix":2},"a":{"a":0,"k":[0,0],"ix":1},"s":{"a":0,"k":[80.122,86.719],"ix":3},"r":{"a":0,"k":0,"ix":6},"o":{"a":0,"k":100,"ix":7},"sk":{"a":0,"k":0,"ix":4},"sa":{"a":0,"k":0,"ix":5},"nm":"Transform"}],"nm":"Rectangle 1","np":3,"cix":2,"bm":0,"ix":1,"mn":"ADBE Vector Group","hd":false}],"ip":96.9999916043566,"op":114.999990046402,"st":44.9999961051139,"bm":0},{"ddd":0,"ind":26,"ty":4,"nm":"Ping 15","sr":1,"ks":{"o":{"a":0,"k":100,"ix":11},"r":{"a":0,"k":0,"ix":10},"p":{"a":0,"k":[1035,404,0],"ix":2,"l":2},"a":{"a":0,"k":[220,-96,0],"ix":1,"l":2},"s":{"a":1,"k":[{"i":{"x":[0,0,0.667],"y":[1,1,1]},"o":{"x":[0.333,0.333,0.333],"y":[0,0,0]},"t":94,"s":[100,100,100]},{"t":113.999990132955,"s":[191,140,100]}],"ix":6,"l":2}},"ao":0,"shapes":[{"ty":"gr","it":[{"ty":"rc","d":1,"s":{"a":0,"k":[368,568],"ix":2},"p":{"a":0,"k":[0,0],"ix":3},"r":{"a":0,"k":20,"ix":4},"nm":"Rectangle Path 1","mn":"ADBE Vector Shape - Rect","hd":false},{"ty":"st","c":{"a":0,"k":[0.9686274509803922,0.13333333333333333,0.13333333333333333,1],"ix":3},"o":{"a":0,"k":100,"ix":4},"w":{"a":1,"k":[{"i":{"x":[0],"y":[1]},"o":{"x":[0.333],"y":[0]},"t":94,"s":[22]},{"t":113.999990132955,"s":[0]}],"ix":5},"lc":1,"lj":1,"ml":4,"bm":0,"nm":"Stroke 1","mn":"ADBE Vector Graphic - Stroke","hd":false},{"ty":"tr","p":{"a":0,"k":[223,-90],"ix":2},"a":{"a":0,"k":[0,0],"ix":1},"s":{"a":0,"k":[80.122,86.719],"ix":3},"r":{"a":0,"k":0,"ix":6},"o":{"a":0,"k":100,"ix":7},"sk":{"a":0,"k":0,"ix":4},"sa":{"a":0,"k":0,"ix":5},"nm":"Transform"}],"nm":"Rectangle 1","np":3,"cix":2,"bm":0,"ix":1,"mn":"ADBE Vector Group","hd":false}],"ip":93.9999918640157,"op":113.999990132955,"st":41.999996364773,"bm":0},{"ddd":0,"ind":27,"ty":4,"nm":"Ping 14","sr":1,"ks":{"o":{"a":0,"k":100,"ix":11},"r":{"a":0,"k":0,"ix":10},"p":{"a":0,"k":[1035,404,0],"ix":2,"l":2},"a":{"a":0,"k":[220,-96,0],"ix":1,"l":2},"s":{"a":1,"k":[{"i":{"x":[0,0,0.667],"y":[1,1,1]},"o":{"x":[0.333,0.333,0.333],"y":[0,0,0]},"t":91,"s":[100,100,100]},{"t":110.999990392614,"s":[191,140,100]}],"ix":6,"l":2}},"ao":0,"shapes":[{"ty":"gr","it":[{"ty":"rc","d":1,"s":{"a":0,"k":[368,568],"ix":2},"p":{"a":0,"k":[0,0],"ix":3},"r":{"a":0,"k":20,"ix":4},"nm":"Rectangle Path 1","mn":"ADBE Vector Shape - Rect","hd":false},{"ty":"st","c":{"a":0,"k":[0.9450980392156862,0.0784313725490196,0.0784313725490196,1],"ix":3},"o":{"a":0,"k":100,"ix":4},"w":{"a":1,"k":[{"i":{"x":[0],"y":[1]},"o":{"x":[0.333],"y":[0]},"t":91,"s":[22]},{"t":110.999990392614,"s":[0]}],"ix":5},"lc":1,"lj":1,"ml":4,"bm":0,"nm":"Stroke 1","mn":"ADBE Vector Graphic - Stroke","hd":false},{"ty":"tr","p":{"a":0,"k":[223,-90],"ix":2},"a":{"a":0,"k":[0,0],"ix":1},"s":{"a":0,"k":[80.122,86.719],"ix":3},"r":{"a":0,"k":0,"ix":6},"o":{"a":0,"k":100,"ix":7},"sk":{"a":0,"k":0,"ix":4},"sa":{"a":0,"k":0,"ix":5},"nm":"Transform"}],"nm":"Rectangle 1","np":3,"cix":2,"bm":0,"ix":1,"mn":"ADBE Vector Group","hd":false}],"ip":90.9999921236748,"op":110.999990392614,"st":38.9999966244321,"bm":0},{"ddd":0,"ind":28,"ty":4,"nm":"Ping 13","sr":1,"ks":{"o":{"a":0,"k":100,"ix":11},"r":{"a":0,"k":0,"ix":10},"p":{"a":0,"k":[1035,404,0],"ix":2,"l":2},"a":{"a":0,"k":[220,-96,0],"ix":1,"l":2},"s":{"a":1,"k":[{"i":{"x":[0,0,0.667],"y":[1,1,1]},"o":{"x":[0.333,0.333,0.333],"y":[0,0,0]},"t":88,"s":[100,100,100]},{"t":107.999990652273,"s":[191,140,100]}],"ix":6,"l":2}},"ao":0,"shapes":[{"ty":"gr","it":[{"ty":"rc","d":1,"s":{"a":0,"k":[368,568],"ix":2},"p":{"a":0,"k":[0,0],"ix":3},"r":{"a":0,"k":20,"ix":4},"nm":"Rectangle Path 1","mn":"ADBE Vector Shape - Rect","hd":false},{"ty":"st","c":{"a":0,"k":[0.8509803921568627,0,0.2196078431372549,1],"ix":3},"o":{"a":0,"k":100,"ix":4},"w":{"a":1,"k":[{"i":{"x":[0],"y":[1]},"o":{"x":[0.333],"y":[0]},"t":88,"s":[22]},{"t":107.999990652273,"s":[0]}],"ix":5},"lc":1,"lj":1,"ml":4,"bm":0,"nm":"Stroke 1","mn":"ADBE Vector Graphic - Stroke","hd":false},{"ty":"tr","p":{"a":0,"k":[223,-90],"ix":2},"a":{"a":0,"k":[0,0],"ix":1},"s":{"a":0,"k":[80.122,86.719],"ix":3},"r":{"a":0,"k":0,"ix":6},"o":{"a":0,"k":100,"ix":7},"sk":{"a":0,"k":0,"ix":4},"sa":{"a":0,"k":0,"ix":5},"nm":"Transform"}],"nm":"Rectangle 1","np":3,"cix":2,"bm":0,"ix":1,"mn":"ADBE Vector Group","hd":false}],"ip":87.9999923833338,"op":107.999990652273,"st":35.9999968840911,"bm":0},{"ddd":0,"ind":29,"ty":4,"nm":"Ping 12","sr":1,"ks":{"o":{"a":0,"k":100,"ix":11},"r":{"a":0,"k":0,"ix":10},"p":{"a":0,"k":[1035,404,0],"ix":2,"l":2},"a":{"a":0,"k":[220,-96,0],"ix":1,"l":2},"s":{"a":1,"k":[{"i":{"x":[0,0,0.667],"y":[1,1,1]},"o":{"x":[0.333,0.333,0.333],"y":[0,0,0]},"t":85,"s":[100,100,100]},{"t":104.999990911932,"s":[191,140,100]}],"ix":6,"l":2}},"ao":0,"shapes":[{"ty":"gr","it":[{"ty":"rc","d":1,"s":{"a":0,"k":[368,568],"ix":2},"p":{"a":0,"k":[0,0],"ix":3},"r":{"a":0,"k":20,"ix":4},"nm":"Rectangle Path 1","mn":"ADBE Vector Shape - Rect","hd":false},{"ty":"st","c":{"a":0,"k":[0.792156862745098,0,0.16862745098039217,1],"ix":3},"o":{"a":0,"k":100,"ix":4},"w":{"a":1,"k":[{"i":{"x":[0],"y":[1]},"o":{"x":[0.333],"y":[0]},"t":85,"s":[22]},{"t":104.999990911932,"s":[0]}],"ix":5},"lc":1,"lj":1,"ml":4,"bm":0,"nm":"Stroke 1","mn":"ADBE Vector Graphic - Stroke","hd":false},{"ty":"tr","p":{"a":0,"k":[223,-90],"ix":2},"a":{"a":0,"k":[0,0],"ix":1},"s":{"a":0,"k":[80.122,86.719],"ix":3},"r":{"a":0,"k":0,"ix":6},"o":{"a":0,"k":100,"ix":7},"sk":{"a":0,"k":0,"ix":4},"sa":{"a":0,"k":0,"ix":5},"nm":"Transform"}],"nm":"Rectangle 1","np":3,"cix":2,"bm":0,"ix":1,"mn":"ADBE Vector Group","hd":false}],"ip":84.9999926429929,"op":104.999990911932,"st":32.9999971437502,"bm":0},{"ddd":0,"ind":30,"ty":4,"nm":"Ping 11","sr":1,"ks":{"o":{"a":0,"k":100,"ix":11},"r":{"a":0,"k":0,"ix":10},"p":{"a":0,"k":[1035,404,0],"ix":2,"l":2},"a":{"a":0,"k":[220,-96,0],"ix":1,"l":2},"s":{"a":1,"k":[{"i":{"x":[0,0,0.667],"y":[1,1,1]},"o":{"x":[0.333,0.333,0.333],"y":[0,0,0]},"t":82,"s":[100,100,100]},{"t":101.999991171592,"s":[191,140,100]}],"ix":6,"l":2}},"ao":0,"shapes":[{"ty":"gr","it":[{"ty":"rc","d":1,"s":{"a":0,"k":[368,568],"ix":2},"p":{"a":0,"k":[0,0],"ix":3},"r":{"a":0,"k":20,"ix":4},"nm":"Rectangle Path 1","mn":"ADBE Vector Shape - Rect","hd":false},{"ty":"st","c":{"a":0,"k":[0.9529411764705882,0.4196078431372549,0.4980392156862745,1],"ix":3},"o":{"a":0,"k":100,"ix":4},"w":{"a":1,"k":[{"i":{"x":[0],"y":[1]},"o":{"x":[0.333],"y":[0]},"t":82,"s":[22]},{"t":101.999991171592,"s":[0]}],"ix":5},"lc":1,"lj":1,"ml":4,"bm":0,"nm":"Stroke 1","mn":"ADBE Vector Graphic - Stroke","hd":false},{"ty":"tr","p":{"a":0,"k":[223,-90],"ix":2},"a":{"a":0,"k":[0,0],"ix":1},"s":{"a":0,"k":[80.122,86.719],"ix":3},"r":{"a":0,"k":0,"ix":6},"o":{"a":0,"k":100,"ix":7},"sk":{"a":0,"k":0,"ix":4},"sa":{"a":0,"k":0,"ix":5},"nm":"Transform"}],"nm":"Rectangle 1","np":3,"cix":2,"bm":0,"ix":1,"mn":"ADBE Vector Group","hd":false}],"ip":81.999992902652,"op":101.999991171592,"st":29.9999974034093,"bm":0},{"ddd":0,"ind":31,"ty":4,"nm":"Ping 10","sr":1,"ks":{"o":{"a":0,"k":100,"ix":11},"r":{"a":0,"k":0,"ix":10},"p":{"a":0,"k":[1035,404,0],"ix":2,"l":2},"a":{"a":0,"k":[220,-96,0],"ix":1,"l":2},"s":{"a":1,"k":[{"i":{"x":[0,0,0.667],"y":[1,1,1]},"o":{"x":[0.333,0.333,0.333],"y":[0,0,0]},"t":79,"s":[100,100,100]},{"t":98.9999914312506,"s":[191,140,100]}],"ix":6,"l":2}},"ao":0,"shapes":[{"ty":"gr","it":[{"ty":"rc","d":1,"s":{"a":0,"k":[368,568],"ix":2},"p":{"a":0,"k":[0,0],"ix":3},"r":{"a":0,"k":20,"ix":4},"nm":"Rectangle Path 1","mn":"ADBE Vector Shape - Rect","hd":false},{"ty":"st","c":{"a":0,"k":[0.8156862745098039,0.00784313725490196,0.10588235294117647,1],"ix":3},"o":{"a":0,"k":100,"ix":4},"w":{"a":1,"k":[{"i":{"x":[0],"y":[1]},"o":{"x":[0.333],"y":[0]},"t":79,"s":[22]},{"t":98.9999914312506,"s":[0]}],"ix":5},"lc":1,"lj":1,"ml":4,"bm":0,"nm":"Stroke 1","mn":"ADBE Vector Graphic - Stroke","hd":false},{"ty":"tr","p":{"a":0,"k":[223,-90],"ix":2},"a":{"a":0,"k":[0,0],"ix":1},"s":{"a":0,"k":[80.122,86.719],"ix":3},"r":{"a":0,"k":0,"ix":6},"o":{"a":0,"k":100,"ix":7},"sk":{"a":0,"k":0,"ix":4},"sa":{"a":0,"k":0,"ix":5},"nm":"Transform"}],"nm":"Rectangle 1","np":3,"cix":2,"bm":0,"ix":1,"mn":"ADBE Vector Group","hd":false}],"ip":78.9999931623111,"op":98.9999914312506,"st":26.9999976630683,"bm":0},{"ddd":0,"ind":32,"ty":4,"nm":"Ping 9","sr":1,"ks":{"o":{"a":0,"k":100,"ix":11},"r":{"a":0,"k":0,"ix":10},"p":{"a":0,"k":[1035,404,0],"ix":2,"l":2},"a":{"a":0,"k":[220,-96,0],"ix":1,"l":2},"s":{"a":1,"k":[{"i":{"x":[0,0,0.667],"y":[1,1,1]},"o":{"x":[0.333,0.333,0.333],"y":[0,0,0]},"t":76,"s":[100,100,100]},{"t":95.9999916909097,"s":[191,140,100]}],"ix":6,"l":2}},"ao":0,"shapes":[{"ty":"gr","it":[{"ty":"rc","d":1,"s":{"a":0,"k":[368,568],"ix":2},"p":{"a":0,"k":[0,0],"ix":3},"r":{"a":0,"k":20,"ix":4},"nm":"Rectangle Path 1","mn":"ADBE Vector Shape - Rect","hd":false},{"ty":"st","c":{"a":0,"k":[0.9450980392156862,0.0784313725490196,0.0784313725490196,1],"ix":3},"o":{"a":0,"k":100,"ix":4},"w":{"a":1,"k":[{"i":{"x":[0],"y":[1]},"o":{"x":[0.333],"y":[0]},"t":76,"s":[22]},{"t":95.9999916909097,"s":[0]}],"ix":5},"lc":1,"lj":1,"ml":4,"bm":0,"nm":"Stroke 1","mn":"ADBE Vector Graphic - Stroke","hd":false},{"ty":"tr","p":{"a":0,"k":[223,-90],"ix":2},"a":{"a":0,"k":[0,0],"ix":1},"s":{"a":0,"k":[80.122,86.719],"ix":3},"r":{"a":0,"k":0,"ix":6},"o":{"a":0,"k":100,"ix":7},"sk":{"a":0,"k":0,"ix":4},"sa":{"a":0,"k":0,"ix":5},"nm":"Transform"}],"nm":"Rectangle 1","np":3,"cix":2,"bm":0,"ix":1,"mn":"ADBE Vector Group","hd":false}],"ip":75.9999934219701,"op":95.9999916909097,"st":23.9999979227274,"bm":0},{"ddd":0,"ind":33,"ty":4,"nm":"Ping 8","sr":1,"ks":{"o":{"a":0,"k":100,"ix":11},"r":{"a":0,"k":0,"ix":10},"p":{"a":0,"k":[1035,404,0],"ix":2,"l":2},"a":{"a":0,"k":[220,-96,0],"ix":1,"l":2},"s":{"a":1,"k":[{"i":{"x":[0,0,0.667],"y":[1,1,1]},"o":{"x":[0.333,0.333,0.333],"y":[0,0,0]},"t":73,"s":[100,100,100]},{"t":92.9999919505687,"s":[191,140,100]}],"ix":6,"l":2}},"ao":0,"shapes":[{"ty":"gr","it":[{"ty":"rc","d":1,"s":{"a":0,"k":[368,568],"ix":2},"p":{"a":0,"k":[0,0],"ix":3},"r":{"a":0,"k":20,"ix":4},"nm":"Rectangle Path 1","mn":"ADBE Vector Shape - Rect","hd":false},{"ty":"st","c":{"a":0,"k":[0.8156862745098039,0.00784313725490196,0.10588235294117647,1],"ix":3},"o":{"a":0,"k":100,"ix":4},"w":{"a":1,"k":[{"i":{"x":[0],"y":[1]},"o":{"x":[0.333],"y":[0]},"t":73,"s":[22]},{"t":92.9999919505687,"s":[0]}],"ix":5},"lc":1,"lj":1,"ml":4,"bm":0,"nm":"Stroke 1","mn":"ADBE Vector Graphic - Stroke","hd":false},{"ty":"tr","p":{"a":0,"k":[223,-90],"ix":2},"a":{"a":0,"k":[0,0],"ix":1},"s":{"a":0,"k":[80.122,86.719],"ix":3},"r":{"a":0,"k":0,"ix":6},"o":{"a":0,"k":100,"ix":7},"sk":{"a":0,"k":0,"ix":4},"sa":{"a":0,"k":0,"ix":5},"nm":"Transform"}],"nm":"Rectangle 1","np":3,"cix":2,"bm":0,"ix":1,"mn":"ADBE Vector Group","hd":false}],"ip":72.9999936816292,"op":92.9999919505687,"st":20.9999981823865,"bm":0},{"ddd":0,"ind":34,"ty":4,"nm":"Ping 7","sr":1,"ks":{"o":{"a":0,"k":100,"ix":11},"r":{"a":0,"k":0,"ix":10},"p":{"a":0,"k":[1035,404,0],"ix":2,"l":2},"a":{"a":0,"k":[220,-96,0],"ix":1,"l":2},"s":{"a":1,"k":[{"i":{"x":[0,0,0.667],"y":[1,1,1]},"o":{"x":[0.333,0.333,0.333],"y":[0,0,0]},"t":70,"s":[100,100,100]},{"t":89.9999922102278,"s":[191,140,100]}],"ix":6,"l":2}},"ao":0,"shapes":[{"ty":"gr","it":[{"ty":"rc","d":1,"s":{"a":0,"k":[368,568],"ix":2},"p":{"a":0,"k":[0,0],"ix":3},"r":{"a":0,"k":20,"ix":4},"nm":"Rectangle Path 1","mn":"ADBE Vector Shape - Rect","hd":false},{"ty":"st","c":{"a":0,"k":[0.9529411764705882,0.4196078431372549,0.4980392156862745,1],"ix":3},"o":{"a":0,"k":100,"ix":4},"w":{"a":1,"k":[{"i":{"x":[0],"y":[1]},"o":{"x":[0.333],"y":[0]},"t":70,"s":[22]},{"t":89.9999922102278,"s":[0]}],"ix":5},"lc":1,"lj":1,"ml":4,"bm":0,"nm":"Stroke 1","mn":"ADBE Vector Graphic - Stroke","hd":false},{"ty":"tr","p":{"a":0,"k":[223,-90],"ix":2},"a":{"a":0,"k":[0,0],"ix":1},"s":{"a":0,"k":[80.122,86.719],"ix":3},"r":{"a":0,"k":0,"ix":6},"o":{"a":0,"k":100,"ix":7},"sk":{"a":0,"k":0,"ix":4},"sa":{"a":0,"k":0,"ix":5},"nm":"Transform"}],"nm":"Rectangle 1","np":3,"cix":2,"bm":0,"ix":1,"mn":"ADBE Vector Group","hd":false}],"ip":69.9999939412883,"op":89.9999922102278,"st":17.9999984420456,"bm":0},{"ddd":0,"ind":35,"ty":4,"nm":"Ping 6","sr":1,"ks":{"o":{"a":0,"k":100,"ix":11},"r":{"a":0,"k":0,"ix":10},"p":{"a":0,"k":[1035,404,0],"ix":2,"l":2},"a":{"a":0,"k":[220,-96,0],"ix":1,"l":2},"s":{"a":1,"k":[{"i":{"x":[0,0,0.667],"y":[1,1,1]},"o":{"x":[0.333,0.333,0.333],"y":[0,0,0]},"t":67,"s":[100,100,100]},{"t":86.9999924698869,"s":[191,140,100]}],"ix":6,"l":2}},"ao":0,"shapes":[{"ty":"gr","it":[{"ty":"rc","d":1,"s":{"a":0,"k":[368,568],"ix":2},"p":{"a":0,"k":[0,0],"ix":3},"r":{"a":0,"k":20,"ix":4},"nm":"Rectangle Path 1","mn":"ADBE Vector Shape - Rect","hd":false},{"ty":"st","c":{"a":0,"k":[0.792156862745098,0,0.16862745098039217,1],"ix":3},"o":{"a":0,"k":100,"ix":4},"w":{"a":1,"k":[{"i":{"x":[0],"y":[1]},"o":{"x":[0.333],"y":[0]},"t":67,"s":[22]},{"t":86.9999924698869,"s":[0]}],"ix":5},"lc":1,"lj":1,"ml":4,"bm":0,"nm":"Stroke 1","mn":"ADBE Vector Graphic - Stroke","hd":false},{"ty":"tr","p":{"a":0,"k":[223,-90],"ix":2},"a":{"a":0,"k":[0,0],"ix":1},"s":{"a":0,"k":[80.122,86.719],"ix":3},"r":{"a":0,"k":0,"ix":6},"o":{"a":0,"k":100,"ix":7},"sk":{"a":0,"k":0,"ix":4},"sa":{"a":0,"k":0,"ix":5},"nm":"Transform"}],"nm":"Rectangle 1","np":3,"cix":2,"bm":0,"ix":1,"mn":"ADBE Vector Group","hd":false}],"ip":66.9999942009474,"op":86.9999924698869,"st":14.9999987017046,"bm":0},{"ddd":0,"ind":36,"ty":4,"nm":"Ping 5","sr":1,"ks":{"o":{"a":0,"k":100,"ix":11},"r":{"a":0,"k":0,"ix":10},"p":{"a":0,"k":[1035,404,0],"ix":2,"l":2},"a":{"a":0,"k":[220,-96,0],"ix":1,"l":2},"s":{"a":1,"k":[{"i":{"x":[0,0,0.667],"y":[1,1,1]},"o":{"x":[0.333,0.333,0.333],"y":[0,0,0]},"t":64,"s":[100,100,100]},{"t":83.999992729546,"s":[191,140,100]}],"ix":6,"l":2}},"ao":0,"shapes":[{"ty":"gr","it":[{"ty":"rc","d":1,"s":{"a":0,"k":[368,568],"ix":2},"p":{"a":0,"k":[0,0],"ix":3},"r":{"a":0,"k":20,"ix":4},"nm":"Rectangle Path 1","mn":"ADBE Vector Shape - Rect","hd":false},{"ty":"st","c":{"a":0,"k":[1,0.8,0.8509803921568627,1],"ix":3},"o":{"a":0,"k":100,"ix":4},"w":{"a":1,"k":[{"i":{"x":[0],"y":[1]},"o":{"x":[0.333],"y":[0]},"t":64,"s":[22]},{"t":83.999992729546,"s":[0]}],"ix":5},"lc":1,"lj":1,"ml":4,"bm":0,"nm":"Stroke 1","mn":"ADBE Vector Graphic - Stroke","hd":false},{"ty":"tr","p":{"a":0,"k":[223,-90],"ix":2},"a":{"a":0,"k":[0,0],"ix":1},"s":{"a":0,"k":[80.122,86.719],"ix":3},"r":{"a":0,"k":0,"ix":6},"o":{"a":0,"k":100,"ix":7},"sk":{"a":0,"k":0,"ix":4},"sa":{"a":0,"k":0,"ix":5},"nm":"Transform"}],"nm":"Rectangle 1","np":3,"cix":2,"bm":0,"ix":1,"mn":"ADBE Vector Group","hd":false}],"ip":63.9999944606064,"op":83.9999927295459,"st":11.9999989613637,"bm":0},{"ddd":0,"ind":37,"ty":4,"nm":"Ping 4","sr":1,"ks":{"o":{"a":0,"k":100,"ix":11},"r":{"a":0,"k":0,"ix":10},"p":{"a":0,"k":[1035,404,0],"ix":2,"l":2},"a":{"a":0,"k":[220,-96,0],"ix":1,"l":2},"s":{"a":1,"k":[{"i":{"x":[0,0,0.667],"y":[1,1,1]},"o":{"x":[0.333,0.333,0.333],"y":[0,0,0]},"t":61,"s":[100,100,100]},{"t":80.999992989205,"s":[191,140,100]}],"ix":6,"l":2}},"ao":0,"shapes":[{"ty":"gr","it":[{"ty":"rc","d":1,"s":{"a":0,"k":[368,568],"ix":2},"p":{"a":0,"k":[0,0],"ix":3},"r":{"a":0,"k":20,"ix":4},"nm":"Rectangle Path 1","mn":"ADBE Vector Shape - Rect","hd":false},{"ty":"st","c":{"a":0,"k":[0.792156862745098,0,0.16862745098039217,1],"ix":3},"o":{"a":0,"k":100,"ix":4},"w":{"a":1,"k":[{"i":{"x":[0],"y":[1]},"o":{"x":[0.333],"y":[0]},"t":61,"s":[22]},{"t":80.999992989205,"s":[0]}],"ix":5},"lc":1,"lj":1,"ml":4,"bm":0,"nm":"Stroke 1","mn":"ADBE Vector Graphic - Stroke","hd":false},{"ty":"tr","p":{"a":0,"k":[223,-90],"ix":2},"a":{"a":0,"k":[0,0],"ix":1},"s":{"a":0,"k":[80.122,86.719],"ix":3},"r":{"a":0,"k":0,"ix":6},"o":{"a":0,"k":100,"ix":7},"sk":{"a":0,"k":0,"ix":4},"sa":{"a":0,"k":0,"ix":5},"nm":"Transform"}],"nm":"Rectangle 1","np":3,"cix":2,"bm":0,"ix":1,"mn":"ADBE Vector Group","hd":false}],"ip":60.9999947202655,"op":80.999992989205,"st":8.99999922102278,"bm":0},{"ddd":0,"ind":38,"ty":4,"nm":"Ping 3","sr":1,"ks":{"o":{"a":0,"k":100,"ix":11},"r":{"a":0,"k":0,"ix":10},"p":{"a":0,"k":[1035,404,0],"ix":2,"l":2},"a":{"a":0,"k":[220,-96,0],"ix":1,"l":2},"s":{"a":1,"k":[{"i":{"x":[0,0,0.667],"y":[1,1,1]},"o":{"x":[0.333,0.333,0.333],"y":[0,0,0]},"t":58,"s":[100,100,100]},{"t":77.9999932488641,"s":[191,140,100]}],"ix":6,"l":2}},"ao":0,"shapes":[{"ty":"gr","it":[{"ty":"rc","d":1,"s":{"a":0,"k":[368,568],"ix":2},"p":{"a":0,"k":[0,0],"ix":3},"r":{"a":0,"k":20,"ix":4},"nm":"Rectangle Path 1","mn":"ADBE Vector Shape - Rect","hd":false},{"ty":"st","c":{"a":0,"k":[0.9019607843137255,0,0.24705882352941178,1],"ix":3},"o":{"a":0,"k":100,"ix":4},"w":{"a":1,"k":[{"i":{"x":[0],"y":[1]},"o":{"x":[0.333],"y":[0]},"t":58,"s":[22]},{"t":77.9999932488641,"s":[0]}],"ix":5},"lc":1,"lj":1,"ml":4,"bm":0,"nm":"Stroke 1","mn":"ADBE Vector Graphic - Stroke","hd":false},{"ty":"tr","p":{"a":0,"k":[223,-90],"ix":2},"a":{"a":0,"k":[0,0],"ix":1},"s":{"a":0,"k":[80.122,86.719],"ix":3},"r":{"a":0,"k":0,"ix":6},"o":{"a":0,"k":100,"ix":7},"sk":{"a":0,"k":0,"ix":4},"sa":{"a":0,"k":0,"ix":5},"nm":"Transform"}],"nm":"Rectangle 1","np":3,"cix":2,"bm":0,"ix":1,"mn":"ADBE Vector Group","hd":false}],"ip":57.9999949799246,"op":77.9999932488641,"st":5.99999948068185,"bm":0},{"ddd":0,"ind":39,"ty":4,"nm":"Ping 2","sr":1,"ks":{"o":{"a":0,"k":100,"ix":11},"r":{"a":0,"k":0,"ix":10},"p":{"a":0,"k":[1035,404,0],"ix":2,"l":2},"a":{"a":0,"k":[220,-96,0],"ix":1,"l":2},"s":{"a":1,"k":[{"i":{"x":[0,0,0.667],"y":[1,1,1]},"o":{"x":[0.333,0.333,0.333],"y":[0,0,0]},"t":55,"s":[100,100,100]},{"t":74.9999935085232,"s":[191,140,100]}],"ix":6,"l":2}},"ao":0,"shapes":[{"ty":"gr","it":[{"ty":"rc","d":1,"s":{"a":0,"k":[368,568],"ix":2},"p":{"a":0,"k":[0,0],"ix":3},"r":{"a":0,"k":20,"ix":4},"nm":"Rectangle Path 1","mn":"ADBE Vector Shape - Rect","hd":false},{"ty":"st","c":{"a":0,"k":[0.9686274509803922,0.13333333333333333,0.13333333333333333,1],"ix":3},"o":{"a":0,"k":100,"ix":4},"w":{"a":1,"k":[{"i":{"x":[0],"y":[1]},"o":{"x":[0.333],"y":[0]},"t":55,"s":[22]},{"t":74.9999935085232,"s":[0]}],"ix":5},"lc":1,"lj":1,"ml":4,"bm":0,"nm":"Stroke 1","mn":"ADBE Vector Graphic - Stroke","hd":false},{"ty":"tr","p":{"a":0,"k":[223,-90],"ix":2},"a":{"a":0,"k":[0,0],"ix":1},"s":{"a":0,"k":[80.122,86.719],"ix":3},"r":{"a":0,"k":0,"ix":6},"o":{"a":0,"k":100,"ix":7},"sk":{"a":0,"k":0,"ix":4},"sa":{"a":0,"k":0,"ix":5},"nm":"Transform"}],"nm":"Rectangle 1","np":3,"cix":2,"bm":0,"ix":1,"mn":"ADBE Vector Group","hd":false}],"ip":54.9999952395837,"op":74.9999935085232,"st":2.99999974034093,"bm":0},{"ddd":0,"ind":40,"ty":4,"nm":"Ping","sr":1,"ks":{"o":{"a":0,"k":100,"ix":11},"r":{"a":0,"k":0,"ix":10},"p":{"a":0,"k":[1035,404,0],"ix":2,"l":2},"a":{"a":0,"k":[220,-96,0],"ix":1,"l":2},"s":{"a":1,"k":[{"i":{"x":[0,0,0.667],"y":[1,1,1]},"o":{"x":[0.333,0.333,0.333],"y":[0,0,0]},"t":52,"s":[100,100,100]},{"t":71.9999937681822,"s":[191,140,100]}],"ix":6,"l":2}},"ao":0,"shapes":[{"ty":"gr","it":[{"ty":"rc","d":1,"s":{"a":0,"k":[368,568],"ix":2},"p":{"a":0,"k":[0,0],"ix":3},"r":{"a":0,"k":20,"ix":4},"nm":"Rectangle Path 1","mn":"ADBE Vector Shape - Rect","hd":false},{"ty":"st","c":{"a":0,"k":[0.9450980392156862,0.0784313725490196,0.0784313725490196,1],"ix":3},"o":{"a":0,"k":100,"ix":4},"w":{"a":1,"k":[{"i":{"x":[0],"y":[1]},"o":{"x":[0.333],"y":[0]},"t":52,"s":[22]},{"t":71.9999937681822,"s":[0]}],"ix":5},"lc":1,"lj":1,"ml":4,"bm":0,"nm":"Stroke 1","mn":"ADBE Vector Graphic - Stroke","hd":false},{"ty":"tr","p":{"a":0,"k":[223,-90],"ix":2},"a":{"a":0,"k":[0,0],"ix":1},"s":{"a":0,"k":[80.122,86.719],"ix":3},"r":{"a":0,"k":0,"ix":6},"o":{"a":0,"k":100,"ix":7},"sk":{"a":0,"k":0,"ix":4},"sa":{"a":0,"k":0,"ix":5},"nm":"Transform"}],"nm":"Rectangle 1","np":3,"cix":2,"bm":0,"ix":1,"mn":"ADBE Vector Group","hd":false}],"ip":51.9999954992427,"op":71.9999937681822,"st":0,"bm":0}],"markers":[]}