{"tgs":1,"v":"5.5.2","fr":60,"ip":0,"op":180,"w":448,"h":480,"nm":"surprised 448x480","ddd":0,"assets":[{"id":"comp_0","layers":[{"ddd":0,"ind":1,"ty":3,"sr":1,"ks":{"o":{"a":0,"k":0},"p":{"a":0,"k":[224,260,0]}},"ao":0,"ip":0,"op":180,"st":0,"bm":0},{"ddd":0,"ind":2,"ty":3,"parent":10,"sr":1,"ks":{"o":{"a":0,"k":0},"p":{"a":1,"k":[{"i":{"x":0.667,"y":1},"o":{"x":0.333,"y":0},"t":29.535,"s":[0,-12,0],"to":[0,0,0],"ti":[0,0,0]},{"i":{"x":0.667,"y":0.667},"o":{"x":0.333,"y":0.333},"t":31.857,"s":[15.19,-13.4,0],"to":[0,0,0],"ti":[0,0,0]},{"i":{"x":0.667,"y":1},"o":{"x":0.333,"y":0},"t":38.441,"s":[15.19,-13.4,0],"to":[0,0,0],"ti":[0,0,0]},{"i":{"x":0.667,"y":0.667},"o":{"x":0.333,"y":0.333},"t":41.535,"s":[-8,-16,0],"to":[0,0,0],"ti":[0,0,0]},{"i":{"x":0.667,"y":1},"o":{"x":0.333,"y":0},"t":58.631,"s":[-8,-16,0],"to":[0,0,0],"ti":[0,0,0]},{"i":{"x":0.667,"y":0.667},"o":{"x":0.333,"y":0.333},"t":62,"s":[-6,-8,0],"to":[0,0,0],"ti":[0,0,0]},{"i":{"x":0.667,"y":1},"o":{"x":0.333,"y":0},"t":76,"s":[-6,-8,0],"to":[0,0,0],"ti":[0,0,0]},{"i":{"x":0.667,"y":0.667},"o":{"x":0.333,"y":0.333},"t":78.941,"s":[0.018,-15.855,0],"to":[0,0,0],"ti":[0,0,0]},{"i":{"x":0.667,"y":1},"o":{"x":0.333,"y":0},"t":101.678,"s":[0.018,-15.855,0],"to":[0,0,0],"ti":[0,0,0]},{"i":{"x":0.667,"y":0.667},"o":{"x":0.167,"y":0.167},"t":104,"s":[0,-12,0],"to":[0,0,0],"ti":[0,0,0]},{"i":{"x":0.667,"y":1},"o":{"x":0.333,"y":0},"t":126,"s":[0,-12,0],"to":[0,0,0],"ti":[0,0,0]},{"i":{"x":0.667,"y":0.667},"o":{"x":0.333,"y":0.333},"t":131,"s":[12,-12,0],"to":[0,0,0],"ti":[0,0,0]},{"i":{"x":0.667,"y":1},"o":{"x":0.333,"y":0},"t":145,"s":[12,-12,0],"to":[0,0,0],"ti":[0,0,0]},{"i":{"x":0.667,"y":0.667},"o":{"x":0.333,"y":0.333},"t":149,"s":[-6,-12,0],"to":[0,0,0],"ti":[0,0,0]},{"i":{"x":0.667,"y":1},"o":{"x":0.333,"y":0},"t":171,"s":[-6,-12,0],"to":[0,0,0],"ti":[0,0,0]},{"t":179,"s":[0,-12,0]}]}},"ao":0,"ip":0,"op":180,"st":0,"bm":0},{"ddd":0,"ind":3,"ty":3,"parent":13,"sr":1,"ks":{"o":{"a":0,"k":0},"p":{"a":1,"k":[{"i":{"x":0.667,"y":1},"o":{"x":0.333,"y":0},"t":29.535,"s":[0,-12,0],"to":[0,0,0],"ti":[0,0,0]},{"i":{"x":0.667,"y":0.667},"o":{"x":0.333,"y":0.333},"t":31.857,"s":[6,-12,0],"to":[0,0,0],"ti":[0,0,0]},{"i":{"x":0.667,"y":1},"o":{"x":0.333,"y":0},"t":38.441,"s":[6,-12,0],"to":[0,0,0],"ti":[0,0,0]},{"i":{"x":0.667,"y":0.667},"o":{"x":0.333,"y":0.333},"t":41.535,"s":[-12.799,-16.126,0],"to":[0,0,0],"ti":[0,0,0]},{"i":{"x":0.667,"y":1},"o":{"x":0.333,"y":0},"t":58.631,"s":[-12.799,-16.126,0],"to":[0,0,0],"ti":[0,0,0]},{"i":{"x":0.667,"y":0.667},"o":{"x":0.333,"y":0.333},"t":62,"s":[-8.034,-8.155,0],"to":[0,0,0],"ti":[0,0,0]},{"i":{"x":0.667,"y":1},"o":{"x":0.333,"y":0},"t":76,"s":[-8.034,-8.155,0],"to":[0,0,0],"ti":[0,0,0]},{"i":{"x":0.667,"y":0.667},"o":{"x":0.333,"y":0.333},"t":78.941,"s":[0.018,-15.855,0],"to":[0,0,0],"ti":[0,0,0]},{"i":{"x":0.667,"y":1},"o":{"x":0.333,"y":0},"t":101.678,"s":[0.018,-15.855,0],"to":[0,0,0],"ti":[0,0,0]},{"i":{"x":0.667,"y":0.667},"o":{"x":0.167,"y":0.167},"t":104,"s":[0,-12,0],"to":[0,0,0],"ti":[0,0,0]},{"i":{"x":0.667,"y":1},"o":{"x":0.333,"y":0},"t":126,"s":[0,-12,0],"to":[0,0,0],"ti":[0,0,0]},{"i":{"x":0.667,"y":0.667},"o":{"x":0.333,"y":0.333},"t":131,"s":[8,-12,0],"to":[0,0,0],"ti":[0,0,0]},{"i":{"x":0.667,"y":1},"o":{"x":0.333,"y":0},"t":145,"s":[8,-12,0],"to":[0,0,0],"ti":[0,0,0]},{"i":{"x":0.667,"y":0.667},"o":{"x":0.333,"y":0.333},"t":149,"s":[-10,-12,0],"to":[0,0,0],"ti":[0,0,0]},{"i":{"x":0.667,"y":1},"o":{"x":0.333,"y":0},"t":171,"s":[-10,-12,0],"to":[0,0,0],"ti":[0,0,0]},{"t":179,"s":[0,-12,0]}]}},"ao":0,"ip":0,"op":180,"st":0,"bm":0},{"ddd":0,"ind":4,"ty":3,"parent":18,"sr":1,"ks":{"o":{"a":0,"k":0},"p":{"a":1,"k":[{"i":{"x":0.17,"y":1},"o":{"x":0.333,"y":0},"t":24,"s":[0,0,0],"to":[0,0,0],"ti":[0,0,0]},{"i":{"x":0.667,"y":0.667},"o":{"x":0.33,"y":0.33},"t":33,"s":[6,0,0],"to":[0,0,0],"ti":[0,0,0]},{"i":{"x":0.17,"y":1},"o":{"x":0.333,"y":0},"t":37,"s":[6,0,0],"to":[0,0,0],"ti":[0,0,0]},{"i":{"x":0.665,"y":1},"o":{"x":0.331,"y":0},"t":48,"s":[-6,0,0],"to":[0,0,0],"ti":[0,0,0]},{"i":{"x":0.667,"y":0.667},"o":{"x":0.333,"y":0.333},"t":79,"s":[0,0,0],"to":[0,0,0],"ti":[0,0,0]},{"i":{"x":0.667,"y":0.667},"o":{"x":0.333,"y":0.333},"t":105,"s":[0,0,0],"to":[0,0,0],"ti":[0,0,0]},{"t":122,"s":[0,0,0]}]}},"ao":0,"ip":0,"op":180,"st":0,"bm":0},{"ddd":0,"ind":5,"ty":3,"parent":1,"sr":1,"ks":{"o":{"a":0,"k":0},"p":{"a":1,"k":[{"i":{"x":0.12,"y":1},"o":{"x":0.333,"y":0},"t":0,"s":[0,140,0],"to":[0,0,0],"ti":[0,0,0]},{"i":{"x":0.12,"y":1},"o":{"x":0.66,"y":0},"t":10,"s":[0,162,0],"to":[0,0,0],"ti":[0,0,0]},{"i":{"x":0.13,"y":1},"o":{"x":0.48,"y":0},"t":20,"s":[0,118,0],"to":[0,0,0],"ti":[0,0,0]},{"i":{"x":0.34,"y":1},"o":{"x":0.26,"y":0},"t":42,"s":[0,152,0],"to":[0,0,0],"ti":[0,0,0]},{"i":{"x":0.667,"y":1},"o":{"x":0.66,"y":0},"t":58,"s":[0,140,0],"to":[0,0,0],"ti":[0,0,0]},{"i":{"x":0.667,"y":1},"o":{"x":0.333,"y":0},"t":77,"s":[0,148,0],"to":[0,0,0],"ti":[0,0,0]},{"i":{"x":0.667,"y":1},"o":{"x":0.333,"y":0},"t":106,"s":[0,142,0],"to":[0,0,0],"ti":[0,0,0]},{"i":{"x":0.33,"y":1},"o":{"x":0.333,"y":0},"t":116,"s":[0,148,0],"to":[0,0,0],"ti":[0,0,0]},{"i":{"x":0.13,"y":1},"o":{"x":0.26,"y":0},"t":135,"s":[0,128,0],"to":[0,0,0],"ti":[0,0,0]},{"t":180,"s":[0,140,0]}]}},"ao":0,"ip":0,"op":180,"st":0,"bm":0},{"ddd":0,"ind":6,"ty":3,"parent":4,"sr":1,"ks":{"o":{"a":0,"k":0},"p":{"a":1,"k":[{"i":{"x":0.12,"y":1},"o":{"x":0.333,"y":0},"t":0,"s":[0,0,0],"to":[0,0,0],"ti":[0,0,0]},{"i":{"x":0.12,"y":1},"o":{"x":0.66,"y":0},"t":12,"s":[0,22,0],"to":[0,0,0],"ti":[0,0,0]},{"i":{"x":0.13,"y":1},"o":{"x":0.48,"y":0},"t":22,"s":[0,-22,0],"to":[0,0,0],"ti":[0,0,0]},{"i":{"x":0.34,"y":1},"o":{"x":0.26,"y":0},"t":44,"s":[0,12,0],"to":[0,0,0],"ti":[0,0,0]},{"i":{"x":0.667,"y":0.667},"o":{"x":0.66,"y":0.66},"t":60,"s":[0,0,0],"to":[0,0,0],"ti":[0,0,0]},{"i":{"x":0.667,"y":1},"o":{"x":0.333,"y":0},"t":79,"s":[0,0,0],"to":[0,0,0],"ti":[0,0,0]},{"i":{"x":0.667,"y":1},"o":{"x":0.333,"y":0},"t":108,"s":[0,2,0],"to":[0,0,0],"ti":[0,0,0]},{"i":{"x":0.33,"y":1},"o":{"x":0.333,"y":0},"t":118,"s":[0,14,0],"to":[0,0,0],"ti":[0,0,0]},{"i":{"x":0.13,"y":1},"o":{"x":0.26,"y":0},"t":137,"s":[0,-18,0],"to":[0,0,0],"ti":[0,0,0]},{"t":180,"s":[0,0,0]}]}},"ao":0,"ip":0,"op":180,"st":0,"bm":0},{"ddd":0,"ind":7,"ty":4,"parent":6,"sr":1,"ks":{"r":{"a":1,"k":[{"i":{"x":[0.34],"y":[1]},"o":{"x":[0.333],"y":[0]},"t":0,"s":[7.531]},{"i":{"x":[0.07],"y":[1]},"o":{"x":[0.66],"y":[0]},"t":14,"s":[12.546]},{"i":{"x":[0.375],"y":[1]},"o":{"x":[0.691],"y":[0]},"t":25,"s":[-7.847]},{"i":{"x":[0.33],"y":[1]},"o":{"x":[0.26],"y":[0]},"t":44,"s":[0]},{"i":{"x":[0.34],"y":[1]},"o":{"x":[0.333],"y":[0]},"t":109,"s":[-8.138]},{"i":{"x":[0.34],"y":[1]},"o":{"x":[0.66],"y":[0]},"t":115,"s":[12.546]},{"i":{"x":[0.513],"y":[1]},"o":{"x":[0.33],"y":[0]},"t":121,"s":[3.757]},{"t":134,"s":[7.531]}]},"p":{"a":1,"k":[{"i":{"x":0.34,"y":1},"o":{"x":0.333,"y":0},"t":0,"s":[-86.25,-107.501,0],"to":[0,0,0],"ti":[0,0,0]},{"i":{"x":0.07,"y":1},"o":{"x":0.66,"y":0},"t":14,"s":[-89.25,-67.001,0],"to":[0,0,0],"ti":[0,0,0]},{"i":{"x":0.375,"y":1},"o":{"x":0.691,"y":0},"t":25,"s":[-86.25,-133.501,0],"to":[0,0,0],"ti":[0,0,0]},{"i":{"x":0.33,"y":1},"o":{"x":0.26,"y":0},"t":44,"s":[-86.25,-119.501,0],"to":[0,0,0],"ti":[0,0,0]},{"i":{"x":0.34,"y":1},"o":{"x":0.333,"y":0},"t":109,"s":[-96.25,-136.501,0],"to":[0,0,0],"ti":[0,0,0]},{"i":{"x":0.34,"y":1},"o":{"x":0.66,"y":0},"t":115,"s":[-89.25,-67.001,0],"to":[0,0,0],"ti":[0,0,0]},{"i":{"x":0.513,"y":1},"o":{"x":0.33,"y":0},"t":121,"s":[-86.25,-113.751,0],"to":[0,0,0],"ti":[0,0,0]},{"t":134,"s":[-86.25,-107.501,0]}]},"a":{"a":0,"k":[-86.25,-119.501,0]}},"ao":0,"shapes":[{"ty":"gr","it":[{"ind":0,"ty":"sh","ks":{"a":0,"k":{"i":[[1.38,-1.412],[0.153,0.254],[2.862,1.4],[21.008,-11.479],[1.691,-5.045],[-19.911,10.87],[-12.376,-6.057],[-0.927,-1.566]],"o":[[-0.123,-0.244],[-0.927,-1.556],[-12.376,-6.067],[-13.897,7.596],[-1.789,-4.372],[21.008,-11.469],[2.862,1.4],[1.501,2.503]],"v":[[-40.873,-122.663],[-41.283,-123.415],[-48.122,-128.898],[-109.878,-126.337],[-131.374,-106.658],[-109.73,-131.655],[-47.974,-134.216],[-41.135,-128.723]],"c":true}},"hd":false},{"ty":"fl","c":{"a":0,"k":[0.419607847929,0.1254902035,0,1]},"o":{"a":0,"k":100},"r":1,"bm":0,"hd":false},{"ty":"tr","p":{"a":0,"k":[0,0]},"a":{"a":0,"k":[0,0]},"s":{"a":0,"k":[100,100]},"r":{"a":0,"k":0},"o":{"a":0,"k":100},"sk":{"a":0,"k":0},"sa":{"a":0,"k":0}}],"bm":0,"hd":false},{"ty":"gr","it":[{"ind":0,"ty":"sh","ks":{"a":0,"k":{"i":[[2.552,4.288],[2.856,1.4],[21.009,-11.476],[-6.495,3.193],[-31.46,-0.915],[-4.679,0.276]],"o":[[-0.93,-1.562],[-12.377,-6.066],[-29.918,16.343],[6.495,-3.193],[8.43,0.245],[6.181,-0.364]],"v":[[-41.13,-128.724],[-47.971,-134.211],[-109.728,-131.653],[-126.061,-104.699],[-65.196,-121.929],[-46.153,-120.857]],"c":true}},"hd":false},{"ty":"fl","c":{"a":0,"k":[0.525490224361,0.247058823705,0.078431375325,1]},"o":{"a":0,"k":100},"r":1,"bm":0,"hd":false},{"ty":"tr","p":{"a":0,"k":[0,0]},"a":{"a":0,"k":[0,0]},"s":{"a":0,"k":[100,100]},"r":{"a":0,"k":0},"o":{"a":0,"k":100},"sk":{"a":0,"k":0},"sa":{"a":0,"k":0}}],"bm":0,"hd":false},{"ty":"gr","it":[{"ind":0,"ty":"sh","ks":{"a":0,"k":{"i":[[2.552,4.288],[2.856,1.4],[21.009,-11.476],[-6.495,3.193],[-31.46,-0.915],[-4.679,0.276]],"o":[[-0.93,-1.562],[-12.377,-6.066],[-29.918,16.343],[6.495,-3.193],[8.43,0.245],[6.181,-0.364]],"v":[[-40.712,-127.951],[-47.971,-133.211],[-112.19,-126.916],[-126.166,-99.953],[-65.3,-117.183],[-46.257,-116.112]],"c":true}},"hd":false},{"ty":"fl","c":{"a":0,"k":[1,0.933333337307,0.741176486015,1]},"o":{"a":0,"k":100},"r":1,"bm":0,"hd":false},{"ty":"tr","p":{"a":0,"k":[0,0]},"a":{"a":0,"k":[0,0]},"s":{"a":0,"k":[100,100]},"r":{"a":0,"k":0},"o":{"a":0,"k":100},"sk":{"a":0,"k":0},"sa":{"a":0,"k":0}}],"bm":0,"hd":false}],"ip":0,"op":180,"st":0,"bm":0},{"ddd":0,"ind":8,"ty":4,"parent":6,"sr":1,"ks":{"r":{"a":1,"k":[{"i":{"x":[0.34],"y":[1]},"o":{"x":[0.333],"y":[0]},"t":0,"s":[-10.4]},{"i":{"x":[0.07],"y":[1]},"o":{"x":[0.66],"y":[0]},"t":14,"s":[-10.652]},{"i":{"x":[0.375],"y":[1]},"o":{"x":[0.691],"y":[0]},"t":25,"s":[10.823]},{"i":{"x":[0.33],"y":[1]},"o":{"x":[0.26],"y":[0]},"t":44,"s":[0]},{"i":{"x":[0.34],"y":[1]},"o":{"x":[0.333],"y":[0]},"t":109,"s":[6.112]},{"i":{"x":[0.34],"y":[1]},"o":{"x":[0.66],"y":[0]},"t":115,"s":[-10.652]},{"i":{"x":[0.513],"y":[1]},"o":{"x":[0.33],"y":[0]},"t":121,"s":[-5.19]},{"t":134,"s":[-10.4]}]},"p":{"a":1,"k":[{"i":{"x":0.34,"y":1},"o":{"x":0.333,"y":0},"t":0,"s":[82.473,-107.501,0],"to":[0,0,0],"ti":[0,0,0]},{"i":{"x":0.07,"y":1},"o":{"x":0.66,"y":0},"t":14,"s":[82.473,-66.001,0],"to":[0,0,0],"ti":[0,0,0]},{"i":{"x":0.375,"y":1},"o":{"x":0.691,"y":0},"t":25,"s":[83.473,-133.501,0],"to":[0,0,0],"ti":[0,0,0]},{"i":{"x":0.33,"y":1},"o":{"x":0.26,"y":0},"t":44,"s":[82.473,-119.501,0],"to":[0,0,0],"ti":[0,0,0]},{"i":{"x":0.34,"y":1},"o":{"x":0.333,"y":0},"t":109,"s":[92.473,-136.501,0],"to":[0,0,0],"ti":[0,0,0]},{"i":{"x":0.34,"y":1},"o":{"x":0.66,"y":0},"t":115,"s":[82.473,-66.001,0],"to":[0,0,0],"ti":[0,0,0]},{"i":{"x":0.513,"y":1},"o":{"x":0.33,"y":0},"t":121,"s":[82.621,-113.751,0],"to":[0,0,0],"ti":[0,0,0]},{"t":134,"s":[82.473,-107.501,0]}]},"a":{"a":0,"k":[82.473,-119.501,0]}},"ao":0,"shapes":[{"ty":"gr","it":[{"ind":0,"ty":"sh","ks":{"a":0,"k":{"i":[[-1.38,-1.412],[-0.153,0.254],[-2.862,1.4],[-21.008,-11.479],[-1.691,-5.045],[19.911,10.87],[12.376,-6.057],[0.927,-1.566]],"o":[[0.123,-0.244],[0.927,-1.556],[12.376,-6.067],[13.897,7.596],[1.789,-4.372],[-21.008,-11.469],[-2.862,1.4],[-1.501,2.503]],"v":[[37.128,-122.663],[37.537,-123.415],[44.377,-128.898],[106.132,-126.337],[127.629,-106.658],[105.984,-131.655],[44.228,-134.216],[37.389,-128.723]],"c":true}},"hd":false},{"ty":"fl","c":{"a":0,"k":[0.419607847929,0.1254902035,0,1]},"o":{"a":0,"k":100},"r":1,"bm":0,"hd":false},{"ty":"tr","p":{"a":0,"k":[0,0]},"a":{"a":0,"k":[0,0]},"s":{"a":0,"k":[100,100]},"r":{"a":0,"k":0},"o":{"a":0,"k":100},"sk":{"a":0,"k":0},"sa":{"a":0,"k":0}}],"bm":0,"hd":false},{"ty":"gr","it":[{"ind":0,"ty":"sh","ks":{"a":0,"k":{"i":[[-2.552,4.288],[-2.856,1.4],[-21.009,-11.476],[6.495,3.193],[31.46,-0.915],[4.679,0.276]],"o":[[0.93,-1.562],[12.377,-6.066],[29.918,16.343],[-6.495,-3.193],[-8.43,0.245],[-6.181,-0.364]],"v":[[37.384,-128.724],[44.226,-134.211],[105.982,-131.653],[122.316,-104.699],[61.45,-121.929],[42.407,-120.857]],"c":true}},"hd":false},{"ty":"fl","c":{"a":0,"k":[0.525490224361,0.247058823705,0.078431375325,1]},"o":{"a":0,"k":100},"r":1,"bm":0,"hd":false},{"ty":"tr","p":{"a":0,"k":[0,0]},"a":{"a":0,"k":[0,0]},"s":{"a":0,"k":[100,100]},"r":{"a":0,"k":0},"o":{"a":0,"k":100},"sk":{"a":0,"k":0},"sa":{"a":0,"k":0}}],"bm":0,"hd":false},{"ty":"gr","it":[{"ind":0,"ty":"sh","ks":{"a":0,"k":{"i":[[-2.552,4.288],[-2.856,1.4],[-21.009,-11.476],[6.495,3.193],[31.46,-0.915],[4.679,0.276]],"o":[[0.93,-1.562],[12.377,-6.066],[29.918,16.343],[-6.495,-3.193],[-8.43,0.245],[-6.181,-0.364]],"v":[[36.889,-127.799],[44.226,-133.211],[108.444,-126.916],[122.42,-99.953],[61.554,-117.183],[42.511,-116.112]],"c":true}},"hd":false},{"ty":"fl","c":{"a":0,"k":[1,0.933333337307,0.741176486015,1]},"o":{"a":0,"k":100},"r":1,"bm":0,"hd":false},{"ty":"tr","p":{"a":0,"k":[0,0]},"a":{"a":0,"k":[0,0]},"s":{"a":0,"k":[100,100]},"r":{"a":0,"k":0},"o":{"a":0,"k":100},"sk":{"a":0,"k":0},"sa":{"a":0,"k":0}}],"bm":0,"hd":false}],"ip":0,"op":180,"st":0,"bm":0},{"ddd":0,"ind":9,"ty":4,"parent":6,"sr":1,"ks":{"p":{"a":0,"k":[-1.873,111.231,0]},"a":{"a":0,"k":[-1.873,111.231,0]}},"ao":0,"shapes":[{"ty":"gr","it":[{"ind":0,"ty":"sh","ks":{"a":1,"k":[{"i":{"x":0.667,"y":1},"o":{"x":0.333,"y":0},"t":0,"s":[{"i":[[0,-1.618],[0.181,-0.295],[2.283,0],[0,0],[0.942,-0.534],[0.257,-0.434],[0,0.329],[-0.947,0.534],[-1.436,0],[0,0]],"o":[[0,0.329],[-0.7,-1.161],[0,0],[-1.436,0],[-0.564,0.318],[-0.181,-0.295],[0,-0.809],[0.942,-0.531],[0,0],[2.867,0]],"v":[[18.81,102.404],[18.533,103.346],[13.595,101.345],[-17.34,101.345],[-21.023,102.208],[-22.278,103.346],[-22.555,102.404],[-21.023,100.325],[-17.34,99.462],[13.595,99.462]],"c":true}]},{"i":{"x":0.667,"y":1},"o":{"x":0.333,"y":0},"t":14,"s":[{"i":[[0,-4.157],[0.36,-0.758],[4.53,0],[0,0],[1.873,-1.366],[0.51,-1.116],[0,0.846],[-1.88,1.371],[-2.85,0],[0,0]],"o":[[0,0.846],[-1.39,-2.983],[0,0],[-2.85,0],[-1.12,0.817],[-0.36,-0.758],[0,-2.078],[1.87,-1.364],[0,0],[5.69,0]],"v":[[39.173,104.106],[38.623,106.527],[28.823,101.386],[-32.567,101.386],[-39.877,103.603],[-42.367,106.527],[-42.917,104.106],[-39.877,98.768],[-32.567,96.551],[28.823,96.551]],"c":true}]},{"i":{"x":0.667,"y":1},"o":{"x":0.333,"y":0},"t":25,"s":[{"i":[[0,-9.555],[0.228,-1.743],[7.666,0],[0,0],[3.043,-3.148],[0.323,-2.565],[0,1.944],[-3.046,3.151],[-4.618,0],[0,0]],"o":[[0,1.944],[-0.881,-6.856],[0,0],[-4.618,0],[-1.815,1.877],[-0.228,-1.743],[0,-4.777],[3.03,-3.135],[0,0],[9.629,0]],"v":[[24.133,106.346],[23.784,111.911],[9.003,100.207],[-12.25,100.094],[-24.096,105.19],[-27.529,111.911],[-27.877,106.346],[-24.096,94.076],[-12.25,88.981],[9.003,89.094]],"c":true}]},{"i":{"x":0.667,"y":1},"o":{"x":0.333,"y":0},"t":41,"s":[{"i":[[0,-5.7],[0.36,-1.04],[4.53,0],[0,0],[1.87,-1.88],[0.51,-1.53],[0,1.16],[-1.88,1.88],[-2.85,0],[0,0]],"o":[[0,1.16],[-1.39,-4.09],[0,0],[-2.85,0],[-1.12,1.12],[-0.36,-1.04],[0,-2.85],[1.87,-1.87],[0,0],[5.69,0]],"v":[[39.173,108.317],[38.623,111.637],[28.823,104.587],[-32.567,104.587],[-39.877,107.627],[-42.367,111.637],[-42.917,108.317],[-39.877,100.997],[-32.567,97.957],[28.823,97.957]],"c":true}]},{"i":{"x":0.667,"y":1},"o":{"x":0.333,"y":0},"t":59.971,"s":[{"i":[[0,-4.157],[0.36,-0.758],[4.53,0],[0,0],[1.873,-1.366],[0.51,-1.116],[0,0.846],[-1.88,1.371],[-2.85,0],[0,0]],"o":[[0,0.846],[-1.39,-2.983],[0,0],[-2.85,0],[-1.12,0.817],[-0.36,-0.758],[0,-2.078],[1.87,-1.364],[0,0],[5.69,0]],"v":[[39.173,104.106],[38.623,106.527],[28.823,101.386],[-32.567,101.386],[-39.877,103.603],[-42.367,106.527],[-42.917,104.106],[-39.877,98.768],[-32.567,96.551],[28.823,96.551]],"c":true}]},{"i":{"x":0.667,"y":1},"o":{"x":0.333,"y":0},"t":78.941,"s":[{"i":[[0,-5.7],[0.36,-1.04],[4.53,0],[0,0],[1.87,-1.88],[0.51,-1.53],[0,1.16],[-1.88,1.88],[-2.85,0],[0,0]],"o":[[0,1.16],[-1.39,-4.09],[0,0],[-2.85,0],[-1.12,1.12],[-0.36,-1.04],[0,-2.85],[1.87,-1.87],[0,0],[5.69,0]],"v":[[39.173,108.317],[38.623,111.637],[28.823,104.587],[-32.567,104.587],[-39.877,107.627],[-42.367,111.637],[-42.917,108.317],[-39.877,100.997],[-32.567,97.957],[28.823,97.957]],"c":true}]},{"i":{"x":0.667,"y":1},"o":{"x":0.333,"y":0},"t":102.971,"s":[{"i":[[0,-4.157],[0.36,-0.758],[4.53,0],[0,0],[1.873,-1.366],[0.51,-1.116],[0,0.846],[-1.88,1.371],[-2.85,0],[0,0]],"o":[[0,0.846],[-1.39,-2.983],[0,0],[-2.85,0],[-1.12,0.817],[-0.36,-0.758],[0,-2.078],[1.87,-1.364],[0,0],[5.69,0]],"v":[[39.173,104.106],[38.623,106.527],[28.823,101.386],[-32.567,101.386],[-39.877,103.603],[-42.367,106.527],[-42.917,104.106],[-39.877,98.768],[-32.567,96.551],[28.823,96.551]],"c":true}]},{"i":{"x":0.17,"y":1},"o":{"x":0.333,"y":0},"t":118,"s":[{"i":[[0,-5.7],[0.36,-1.04],[4.53,0],[0,0],[1.87,-1.88],[0.51,-1.53],[0,1.16],[-1.88,1.88],[-2.85,0],[0,0]],"o":[[0,1.16],[-1.39,-4.09],[0,0],[-2.85,0],[-1.12,1.12],[-0.36,-1.04],[0,-2.85],[1.87,-1.87],[0,0],[5.69,0]],"v":[[39.173,108.317],[38.623,111.637],[28.823,104.587],[-32.567,104.587],[-39.877,107.627],[-42.367,111.637],[-42.917,108.317],[-39.877,100.997],[-32.567,97.957],[28.823,97.957]],"c":true}]},{"t":148,"s":[{"i":[[0,-1.618],[0.181,-0.295],[2.283,0],[0,0],[0.942,-0.534],[0.257,-0.434],[0,0.329],[-0.947,0.534],[-1.436,0],[0,0]],"o":[[0,0.329],[-0.7,-1.161],[0,0],[-1.436,0],[-0.564,0.318],[-0.181,-0.295],[0,-0.809],[0.942,-0.531],[0,0],[2.867,0]],"v":[[18.81,102.404],[18.533,103.346],[13.595,101.345],[-17.34,101.345],[-21.023,102.208],[-22.278,103.346],[-22.555,102.404],[-21.023,100.325],[-17.34,99.462],[13.595,99.462]],"c":true}]}]},"hd":false},{"ty":"fl","c":{"a":0,"k":[0.419607847929,0.1254902035,0,1]},"o":{"a":0,"k":100},"r":1,"bm":0,"hd":false},{"ty":"tr","p":{"a":0,"k":[0,0]},"a":{"a":0,"k":[0,0]},"s":{"a":0,"k":[100,100]},"r":{"a":0,"k":0},"o":{"a":0,"k":100},"sk":{"a":0,"k":0},"sa":{"a":0,"k":0}}],"bm":0,"hd":false},{"ty":"gr","it":[{"ind":0,"ty":"sh","ks":{"a":1,"k":[{"i":{"x":0.667,"y":1},"o":{"x":0.333,"y":0},"t":0,"s":[{"i":[[2.87,0],[0,0],[0,1.617],[0,0],[-2.87,0],[0,0],[0,-1.617],[0,0]],"o":[[0,0],[-2.87,0],[0,0],[0,-1.617],[0,0],[2.87,0],[0,0],[0,1.617]],"v":[[13.594,105.343],[-17.34,105.343],[-22.557,102.403],[-22.557,102.403],[-17.34,99.463],[13.594,99.463],[18.812,102.403],[18.812,102.403]],"c":true}]},{"i":{"x":0.667,"y":1},"o":{"x":0.333,"y":0},"t":14,"s":[{"i":[[5.695,0],[0,0],[0,4.153],[0,0],[-5.695,0],[0,0],[0,-4.153],[0,0]],"o":[[0,0],[-5.695,0],[0,0],[0,-4.153],[0,0],[5.695,0],[0,0],[0,4.153]],"v":[[28.822,111.655],[-32.567,111.655],[-42.922,104.103],[-42.922,104.103],[-32.567,96.552],[28.822,96.552],[39.176,104.103],[39.176,104.103]],"c":true}]},{"i":{"x":0.667,"y":1},"o":{"x":0.333,"y":0},"t":25,"s":[{"i":[[9.637,0],[0,0],[0,9.546],[0,0],[-9.228,0],[0,0],[0,-9.546],[0,0]],"o":[[0,0],[-9.228,0],[0,0],[0,-9.546],[0,0],[9.637,0],[0,0],[0,9.546]],"v":[[9,123.81],[-12.251,123.697],[-27.88,106.341],[-27.88,106.341],[-12.251,88.985],[9,89.098],[24.135,106.341],[24.135,106.341]],"c":true}]},{"i":{"x":0.667,"y":1},"o":{"x":0.333,"y":0},"t":41,"s":[{"i":[[5.695,0],[0,0],[0,5.695],[0,0],[-5.695,0],[0,0],[0,-5.695],[0,0]],"o":[[0,0],[-5.695,0],[0,0],[0,-5.695],[0,0],[5.695,0],[0,0],[0,5.695]],"v":[[28.822,118.668],[-32.567,118.668],[-42.922,108.314],[-42.922,108.314],[-32.567,97.959],[28.822,97.959],[39.176,108.314],[39.176,108.314]],"c":true}]},{"i":{"x":0.667,"y":1},"o":{"x":0.333,"y":0},"t":59.971,"s":[{"i":[[5.695,0],[0,0],[0,4.153],[0,0],[-5.695,0],[0,0],[0,-4.153],[0,0]],"o":[[0,0],[-5.695,0],[0,0],[0,-4.153],[0,0],[5.695,0],[0,0],[0,4.153]],"v":[[28.822,111.655],[-32.567,111.655],[-42.922,104.103],[-42.922,104.103],[-32.567,96.552],[28.822,96.552],[39.176,104.103],[39.176,104.103]],"c":true}]},{"i":{"x":0.667,"y":1},"o":{"x":0.333,"y":0},"t":78.941,"s":[{"i":[[5.695,0],[0,0],[0,5.695],[0,0],[-5.695,0],[0,0],[0,-5.695],[0,0]],"o":[[0,0],[-5.695,0],[0,0],[0,-5.695],[0,0],[5.695,0],[0,0],[0,5.695]],"v":[[28.822,118.668],[-32.567,118.668],[-42.922,108.314],[-42.922,108.314],[-32.567,97.959],[28.822,97.959],[39.176,108.314],[39.176,108.314]],"c":true}]},{"i":{"x":0.667,"y":1},"o":{"x":0.333,"y":0},"t":102.971,"s":[{"i":[[5.695,0],[0,0],[0,4.153],[0,0],[-5.695,0],[0,0],[0,-4.153],[0,0]],"o":[[0,0],[-5.695,0],[0,0],[0,-4.153],[0,0],[5.695,0],[0,0],[0,4.153]],"v":[[28.822,111.655],[-32.567,111.655],[-42.922,104.103],[-42.922,104.103],[-32.567,96.552],[28.822,96.552],[39.176,104.103],[39.176,104.103]],"c":true}]},{"i":{"x":0.17,"y":1},"o":{"x":0.333,"y":0},"t":118,"s":[{"i":[[5.695,0],[0,0],[0,5.695],[0,0],[-5.695,0],[0,0],[0,-5.695],[0,0]],"o":[[0,0],[-5.695,0],[0,0],[0,-5.695],[0,0],[5.695,0],[0,0],[0,5.695]],"v":[[28.822,118.668],[-32.567,118.668],[-42.922,108.314],[-42.922,108.314],[-32.567,97.959],[28.822,97.959],[39.176,108.314],[39.176,108.314]],"c":true}]},{"t":148,"s":[{"i":[[2.87,0],[0,0],[0,1.617],[0,0],[-2.87,0],[0,0],[0,-1.617],[0,0]],"o":[[0,0],[-2.87,0],[0,0],[0,-1.617],[0,0],[2.87,0],[0,0],[0,1.617]],"v":[[13.594,105.343],[-17.34,105.343],[-22.557,102.403],[-22.557,102.403],[-17.34,99.463],[13.594,99.463],[18.812,102.403],[18.812,102.403]],"c":true}]}]},"hd":false},{"ty":"fl","c":{"a":0,"k":[0.525490224361,0.247058823705,0.078431375325,1]},"o":{"a":0,"k":100},"r":1,"bm":0,"hd":false},{"ty":"tr","p":{"a":0,"k":[0,0]},"a":{"a":0,"k":[0,0]},"s":{"a":0,"k":[100,100]},"r":{"a":0,"k":0},"o":{"a":0,"k":100},"sk":{"a":0,"k":0},"sa":{"a":0,"k":0}}],"bm":0,"hd":false},{"ty":"gr","it":[{"ind":0,"ty":"sh","ks":{"a":1,"k":[{"i":{"x":0.667,"y":1},"o":{"x":0.333,"y":0},"t":0,"s":[{"i":[[2.87,0],[0,0],[0,1.617],[0,0],[-2.87,0],[0,0],[0,-1.617],[0,0]],"o":[[0,0],[-2.87,0],[0,0],[0,-1.617],[0,0],[2.87,0],[0,0],[0,1.617]],"v":[[14.282,107],[-18.028,107],[-23.246,104.06],[-23.246,102.88],[-18.028,99.941],[14.282,99.941],[19.5,102.88],[19.5,104.06]],"c":true}]},{"i":{"x":0.667,"y":1},"o":{"x":0.333,"y":0},"t":14,"s":[{"i":[[5.695,0],[0,0],[0,4.153],[0,0],[-5.695,0],[0,0],[0,-4.153],[0,0]],"o":[[0,0],[-5.695,0],[0,0],[0,-4.153],[0,0],[5.695,0],[0,0],[0,4.153]],"v":[[30.188,115.912],[-33.933,115.912],[-44.288,108.361],[-44.288,105.33],[-33.933,97.779],[30.188,97.779],[40.542,105.33],[40.542,108.361]],"c":true}]},{"i":{"x":0.667,"y":1},"o":{"x":0.333,"y":0},"t":25,"s":[{"i":[[12.111,0],[0,0],[0,9.546],[0,0],[-9.228,0],[0,0],[0,-9.546],[0,0]],"o":[[0,0],[-9.228,0],[0,0],[0,-9.546],[0,0],[9.637,0],[0,0],[0,9.546]],"v":[[9.139,133.483],[-14.465,133.482],[-28.746,116.126],[-28.746,109.16],[-14.465,91.804],[11.312,91.917],[25,109.16],[25,116.126]],"c":true}]},{"i":{"x":0.667,"y":1},"o":{"x":0.333,"y":0},"t":41,"s":[{"i":[[5.695,0],[0,0],[0,5.695],[0,0],[-5.695,0],[0,0],[0,-5.695],[0,0]],"o":[[0,0],[-5.695,0],[0,0],[0,-5.695],[0,0],[5.695,0],[0,0],[0,5.695]],"v":[[30.188,124.505],[-33.933,124.505],[-44.288,114.151],[-44.288,109.995],[-33.933,99.641],[30.188,99.641],[40.542,109.995],[40.542,114.151]],"c":true}]},{"i":{"x":0.667,"y":1},"o":{"x":0.333,"y":0},"t":59.971,"s":[{"i":[[5.695,0],[0,0],[0,4.153],[0,0],[-5.695,0],[0,0],[0,-4.153],[0,0]],"o":[[0,0],[-5.695,0],[0,0],[0,-4.153],[0,0],[5.695,0],[0,0],[0,4.153]],"v":[[30.188,115.912],[-33.933,115.912],[-44.288,108.361],[-44.288,105.33],[-33.933,97.779],[30.188,97.779],[40.542,105.33],[40.542,108.361]],"c":true}]},{"i":{"x":0.667,"y":1},"o":{"x":0.333,"y":0},"t":78.941,"s":[{"i":[[5.695,0],[0,0],[0,5.695],[0,0],[-5.695,0],[0,0],[0,-5.695],[0,0]],"o":[[0,0],[-5.695,0],[0,0],[0,-5.695],[0,0],[5.695,0],[0,0],[0,5.695]],"v":[[30.188,124.505],[-33.933,124.505],[-44.288,114.151],[-44.288,109.995],[-33.933,99.641],[30.188,99.641],[40.542,109.995],[40.542,114.151]],"c":true}]},{"i":{"x":0.667,"y":1},"o":{"x":0.333,"y":0},"t":102.971,"s":[{"i":[[5.695,0],[0,0],[0,4.153],[0,0],[-5.695,0],[0,0],[0,-4.153],[0,0]],"o":[[0,0],[-5.695,0],[0,0],[0,-4.153],[0,0],[5.695,0],[0,0],[0,4.153]],"v":[[30.188,115.912],[-33.933,115.912],[-44.288,108.361],[-44.288,105.33],[-33.933,97.779],[30.188,97.779],[40.542,105.33],[40.542,108.361]],"c":true}]},{"i":{"x":0.17,"y":1},"o":{"x":0.333,"y":0},"t":118,"s":[{"i":[[5.695,0],[0,0],[0,5.695],[0,0],[-5.695,0],[0,0],[0,-5.695],[0,0]],"o":[[0,0],[-5.695,0],[0,0],[0,-5.695],[0,0],[5.695,0],[0,0],[0,5.695]],"v":[[30.188,124.505],[-33.933,124.505],[-44.288,114.151],[-44.288,109.995],[-33.933,99.641],[30.188,99.641],[40.542,109.995],[40.542,114.151]],"c":true}]},{"t":148,"s":[{"i":[[2.87,0],[0,0],[0,1.617],[0,0],[-2.87,0],[0,0],[0,-1.617],[0,0]],"o":[[0,0],[-2.87,0],[0,0],[0,-1.617],[0,0],[2.87,0],[0,0],[0,1.617]],"v":[[14.282,107],[-18.028,107],[-23.246,104.06],[-23.246,102.88],[-18.028,99.941],[14.282,99.941],[19.5,102.88],[19.5,104.06]],"c":true}]}]},"hd":false},{"ty":"fl","c":{"a":0,"k":[1,0.886274516582,0.65098041296,1]},"o":{"a":0,"k":100},"r":1,"bm":0,"hd":false},{"ty":"tr","p":{"a":0,"k":[0,0]},"a":{"a":0,"k":[0,0]},"s":{"a":0,"k":[100,100]},"r":{"a":0,"k":0},"o":{"a":0,"k":100},"sk":{"a":0,"k":0},"sa":{"a":0,"k":0}}],"bm":0,"hd":false}],"ip":0,"op":180,"st":0,"bm":0},{"ddd":0,"ind":10,"ty":4,"parent":6,"sr":1,"ks":{"p":{"a":0,"k":[-89.468,-13.458,0]},"a":{"a":0,"k":[-89.468,-13.458,0]},"s":{"a":1,"k":[{"i":{"x":[0.667,0.667,0.667],"y":[1,1,1]},"o":{"x":[0.333,0.333,0.333],"y":[0,0,0]},"t":0,"s":[100,100,100]},{"i":{"x":[0.667,0.667,0.667],"y":[1,1,1]},"o":{"x":[0.333,0.333,0.333],"y":[0,0,0]},"t":14,"s":[100,100,100]},{"i":{"x":[0.667,0.667,0.667],"y":[1,1,1]},"o":{"x":[0.333,0.333,0.333],"y":[0,0,0]},"t":25,"s":[116,116,100]},{"t":34,"s":[100,100,100]}]}},"ao":0,"shapes":[{"ty":"gr","it":[{"ind":0,"ty":"sh","ks":{"a":1,"k":[{"i":{"x":0.34,"y":1},"o":{"x":0.333,"y":0},"t":0,"s":[{"i":[[0,-35.583],[35.583,0],[0,35.583],[-35.583,0]],"o":[[0,35.583],[-35.583,0],[0,-35.583],[35.583,0]],"v":[[-25.041,-13.458],[-89.47,50.971],[-153.899,-13.458],[-89.47,-77.887]],"c":true}]},{"i":{"x":0.34,"y":1},"o":{"x":0.66,"y":0},"t":10,"s":[{"i":[[0,0],[35.583,0],[0,0],[-35.583,0]],"o":[[0,0],[-35.583,0],[0,0],[35.583,0]],"v":[[-25.041,-13.458],[-89.381,11.471],[-153.899,-13.458],[-89.44,11.613]],"c":true}]},{"i":{"x":0.12,"y":1},"o":{"x":0.66,"y":0},"t":14,"s":[{"i":[[0,0],[35.583,0],[0,0],[-35.583,0]],"o":[[0,0],[-35.583,0],[0,0],[35.583,0]],"v":[[-25.041,-13.458],[-89.381,11.471],[-153.899,-13.458],[-89.44,11.613]],"c":true}]},{"i":{"x":0.667,"y":1},"o":{"x":0.66,"y":0},"t":25,"s":[{"i":[[0,-35.583],[35.583,0],[0,35.583],[-35.583,0]],"o":[[0,35.583],[-35.583,0],[0,-35.583],[35.583,0]],"v":[[-25.041,-13.458],[-89.47,50.971],[-153.899,-13.458],[-89.47,-77.887]],"c":true}]},{"i":{"x":0.34,"y":1},"o":{"x":0.333,"y":0},"t":109,"s":[{"i":[[0,-35.583],[35.583,0],[0,35.583],[-35.583,0]],"o":[[0,35.583],[-35.583,0],[0,-35.583],[35.583,0]],"v":[[-25.041,-13.458],[-89.47,50.971],[-153.899,-13.458],[-89.47,-77.887]],"c":true}]},{"i":{"x":0.667,"y":1},"o":{"x":0.66,"y":0},"t":114.715,"s":[{"i":[[0,0],[35.583,0],[0,0],[-35.583,0]],"o":[[0,0],[-35.583,0],[0,0],[35.583,0]],"v":[[-25.041,-13.458],[-89.381,11.471],[-153.899,-13.458],[-89.44,11.613]],"c":true}]},{"t":121,"s":[{"i":[[0,-35.583],[35.583,0],[0,35.583],[-35.583,0]],"o":[[0,35.583],[-35.583,0],[0,-35.583],[35.583,0]],"v":[[-25.041,-13.458],[-89.47,50.971],[-153.899,-13.458],[-89.47,-77.887]],"c":true}]}]},"hd":false},{"ty":"st","c":{"a":0,"k":[0.568627476692,0.505882382393,0.349019616842,1]},"o":{"a":0,"k":100},"w":{"a":0,"k":6},"lc":1,"lj":2,"bm":0,"hd":false},{"ty":"tr","p":{"a":0,"k":[0,0]},"a":{"a":0,"k":[0,0]},"s":{"a":0,"k":[100,100]},"r":{"a":0,"k":0},"o":{"a":0,"k":100},"sk":{"a":0,"k":0},"sa":{"a":0,"k":0}}],"bm":0,"hd":false},{"ty":"gr","it":[{"ind":0,"ty":"sh","ks":{"a":1,"k":[{"i":{"x":0.34,"y":1},"o":{"x":0.333,"y":0},"t":0,"s":[{"i":[[0,-35.59],[0.47,-3.12],[32.32,0],[4.62,-31.04],[0,3.26],[-35.59,0]],"o":[[0,3.26],[-4.63,-31.04],[-32.33,0],[-0.47,-3.12],[0,-35.59],[35.58,0]],"v":[[-25.037,-13.453],[-25.747,-3.873],[-89.467,-58.723],[-153.187,-3.873],[-153.897,-13.453],[-89.467,-77.883]],"c":true}]},{"i":{"x":0.34,"y":1},"o":{"x":0.66,"y":0},"t":10,"s":[{"i":[[0,0],[0,0],[32.32,0],[0,0],[0,0],[-35.59,0]],"o":[[0,0],[0,0],[-32.33,0],[0,0],[0,0],[35.58,0]],"v":[[-25.037,-13.453],[-25.184,-13.248],[-89.434,11.527],[-153.937,-13.436],[-153.897,-13.453],[-89.437,11.617]],"c":true}]},{"i":{"x":0.12,"y":1},"o":{"x":0.66,"y":0},"t":14,"s":[{"i":[[0,0],[0,0],[32.32,0],[0,0],[0,0],[-35.59,0]],"o":[[0,0],[0,0],[-32.33,0],[0,0],[0,0],[35.58,0]],"v":[[-25.037,-13.453],[-25.184,-13.248],[-89.434,11.527],[-153.937,-13.436],[-153.897,-13.453],[-89.437,11.617]],"c":true}]},{"i":{"x":0.667,"y":1},"o":{"x":0.66,"y":0},"t":25,"s":[{"i":[[0,-35.59],[0.47,-3.12],[32.32,0],[4.62,-31.04],[0,3.26],[-35.59,0]],"o":[[0,3.26],[-4.63,-31.04],[-32.33,0],[-0.47,-3.12],[0,-35.59],[35.58,0]],"v":[[-25.037,-13.453],[-25.747,-3.873],[-89.467,-58.723],[-153.187,-3.873],[-153.897,-13.453],[-89.467,-77.883]],"c":true}]},{"i":{"x":0.34,"y":1},"o":{"x":0.333,"y":0},"t":109,"s":[{"i":[[0,-35.59],[0.47,-3.12],[32.32,0],[4.62,-31.04],[0,3.26],[-35.59,0]],"o":[[0,3.26],[-4.63,-31.04],[-32.33,0],[-0.47,-3.12],[0,-35.59],[35.58,0]],"v":[[-25.037,-13.453],[-25.747,-3.873],[-89.467,-58.723],[-153.187,-3.873],[-153.897,-13.453],[-89.467,-77.883]],"c":true}]},{"i":{"x":0.667,"y":1},"o":{"x":0.66,"y":0},"t":114.715,"s":[{"i":[[0,0],[0,0],[32.32,0],[0,0],[0,0],[-35.59,0]],"o":[[0,0],[0,0],[-32.33,0],[0,0],[0,0],[35.58,0]],"v":[[-25.037,-13.453],[-25.184,-13.248],[-89.434,11.527],[-153.937,-13.436],[-153.897,-13.453],[-89.437,11.617]],"c":true}]},{"t":121,"s":[{"i":[[0,-35.59],[0.47,-3.12],[32.32,0],[4.62,-31.04],[0,3.26],[-35.59,0]],"o":[[0,3.26],[-4.63,-31.04],[-32.33,0],[-0.47,-3.12],[0,-35.59],[35.58,0]],"v":[[-25.037,-13.453],[-25.747,-3.873],[-89.467,-58.723],[-153.187,-3.873],[-153.897,-13.453],[-89.467,-77.883]],"c":true}]}]},"hd":false},{"ty":"fl","c":{"a":0,"k":[1,1,1,1]},"o":{"a":0,"k":100},"r":1,"bm":0,"hd":false},{"ty":"tr","p":{"a":0,"k":[0,0]},"a":{"a":0,"k":[0,0]},"s":{"a":0,"k":[100,100]},"r":{"a":0,"k":0},"o":{"a":0,"k":35},"sk":{"a":0,"k":0},"sa":{"a":0,"k":0}}],"bm":0,"hd":false}],"ip":0,"op":180,"st":0,"bm":0},{"ddd":0,"ind":11,"ty":4,"parent":2,"sr":1,"ks":{"p":{"a":0,"k":[-89.945,-1.812,0]},"a":{"a":0,"k":[-89.945,-13.812,0]},"s":{"a":1,"k":[{"i":{"x":[0.667,0.667,0.667],"y":[1,1,1]},"o":{"x":[0.333,0.333,0.333],"y":[0,0,0]},"t":0,"s":[100,100,100]},{"i":{"x":[0.4,0.4,0.4],"y":[1,1,1]},"o":{"x":[0.333,0.333,0.333],"y":[0,0,0]},"t":14,"s":[100,100,100]},{"i":{"x":[0.4,0.4,0.4],"y":[1,1,1]},"o":{"x":[0.6,0.6,0.6],"y":[0,0,0]},"t":24,"s":[60,60,100]},{"i":{"x":[0.667,0.667,0.667],"y":[1,1,1]},"o":{"x":[0.6,0.6,0.6],"y":[0,0,0]},"t":109,"s":[60,60,100]},{"t":117,"s":[100,100,100]}]}},"ao":0,"shapes":[{"ty":"gr","it":[{"ind":0,"ty":"sh","ks":{"a":1,"k":[{"i":{"x":0.34,"y":1},"o":{"x":0.333,"y":0},"t":0,"s":[{"i":[[0,0],[-1.451,0.854]],"o":[[1.328,-0.829],[0,0]],"v":[[-73.864,-22.003],[-69.694,-24.531]],"c":false}]},{"i":{"x":0.34,"y":1},"o":{"x":0.66,"y":0},"t":10,"s":[{"i":[[0,0],[-1.451,0.854]],"o":[[1.328,-0.829],[0,0]],"v":[[-71.255,9.997],[-67.709,8.969]],"c":false}]},{"i":{"x":0.12,"y":1},"o":{"x":0.66,"y":0},"t":14,"s":[{"i":[[0,0],[-1.451,0.854]],"o":[[1.328,-0.829],[0,0]],"v":[[-71.255,9.997],[-67.709,8.969]],"c":false}]},{"i":{"x":0.667,"y":1},"o":{"x":0.66,"y":0},"t":25,"s":[{"i":[[0,0],[-1.451,0.854]],"o":[[1.328,-0.829],[0,0]],"v":[[-73.864,-22.003],[-69.694,-24.531]],"c":false}]},{"i":{"x":0.833,"y":0.833},"o":{"x":0.333,"y":0},"t":109,"s":[{"i":[[0,0],[-1.451,0.854]],"o":[[1.328,-0.829],[0,0]],"v":[[-73.864,-22.003],[-69.694,-24.531]],"c":false}]},{"i":{"x":0.833,"y":0.833},"o":{"x":0.167,"y":0.167},"t":113,"s":[{"i":[[0,0],[-1.451,0.854]],"o":[[1.328,-0.829],[0,0]],"v":[[-71.75,8.436],[-68.033,6.999]],"c":false}]},{"i":{"x":0.34,"y":1},"o":{"x":0.167,"y":0.167},"t":114,"s":[{"i":[[0,0],[-1.451,0.854]],"o":[[1.328,-0.829],[0,0]],"v":[[-71.136,14.355],[-67.574,13.289]],"c":false}]},{"i":{"x":0.667,"y":1},"o":{"x":0.66,"y":0},"t":115,"s":[{"i":[[0,0],[-1.451,0.854]],"o":[[1.328,-0.829],[0,0]],"v":[[-71.146,12.807],[-67.599,11.777]],"c":false}]},{"t":121,"s":[{"i":[[0,0],[-1.451,0.854]],"o":[[1.328,-0.829],[0,0]],"v":[[-73.864,-22.003],[-69.694,-24.531]],"c":false}]}]},"hd":false},{"ty":"st","c":{"a":0,"k":[1,1,1,1]},"o":{"a":0,"k":100},"w":{"a":1,"k":[{"i":{"x":[0.34],"y":[1]},"o":{"x":[0.333],"y":[0]},"t":0,"s":[6]},{"i":{"x":[0.34],"y":[1]},"o":{"x":[0.66],"y":[0]},"t":10,"s":[0]},{"i":{"x":[0.12],"y":[1]},"o":{"x":[0.66],"y":[0]},"t":14,"s":[0]},{"i":{"x":[0.667],"y":[1]},"o":{"x":[0.66],"y":[0]},"t":25,"s":[6]},{"i":{"x":[0.34],"y":[1]},"o":{"x":[0.333],"y":[0]},"t":109,"s":[6]},{"i":{"x":[0.667],"y":[1]},"o":{"x":[0.66],"y":[0]},"t":114.715,"s":[0]},{"t":121,"s":[6]}]},"lc":2,"lj":2,"bm":0,"hd":false},{"ty":"tr","p":{"a":0,"k":[0,0]},"a":{"a":0,"k":[0,0]},"s":{"a":0,"k":[100,100]},"r":{"a":0,"k":0},"o":{"a":0,"k":100},"sk":{"a":0,"k":0},"sa":{"a":0,"k":0}}],"bm":0,"hd":false},{"ty":"gr","it":[{"ind":0,"ty":"sh","ks":{"a":1,"k":[{"i":{"x":0.833,"y":0.833},"o":{"x":0.333,"y":0},"t":0,"s":[{"i":[[0,-11.657],[11.904,0],[0,11.657],[-11.904,0]],"o":[[0,11.657],[-11.904,0],[0,-11.657],[11.904,0]],"v":[[-68.39,-13.812],[-89.945,7.295],[-111.5,-13.812],[-89.945,-34.918]],"c":true}]},{"i":{"x":0.833,"y":0.833},"o":{"x":0.167,"y":0.167},"t":5,"s":[{"i":[[0,-9.173],[20.576,0],[0,3.369],[-11.904,0]],"o":[[0,3.369],[-19.37,0],[0,-10.033],[11.904,0]],"v":[[-68.334,2.631],[-90.428,20.428],[-111.433,2.453],[-88.896,-12.84]],"c":true}]},{"i":{"x":0.34,"y":1},"o":{"x":0.167,"y":0.167},"t":6,"s":[{"i":[[0,-5.875],[17.458,0],[0,2.157],[-11.904,0]],"o":[[0,2.157],[-16.686,0],[0,-6.426],[11.904,0]],"v":[[-68.326,5.033],[-90.201,17.234],[-111.423,4.83],[-89.214,-2.275]],"c":true}]},{"i":{"x":0.34,"y":1},"o":{"x":0.66,"y":0},"t":10,"s":[{"i":[[0,0],[11.904,0],[0,0],[-11.904,0]],"o":[[0,0],[-11.904,0],[0,0],[11.904,0]],"v":[[-68.311,9.313],[-89.796,11.545],[-111.406,9.063],[-89.21,11.457]],"c":true}]},{"i":{"x":0.833,"y":0.833},"o":{"x":0.66,"y":0},"t":14,"s":[{"i":[[0,0],[11.904,0],[0,0],[-11.904,0]],"o":[[0,0],[-11.904,0],[0,0],[11.904,0]],"v":[[-68.311,9.313],[-89.796,11.545],[-111.406,9.063],[-89.21,11.457]],"c":true}]},{"i":{"x":0.833,"y":0.833},"o":{"x":0.167,"y":0.167},"t":16,"s":[{"i":[[0,-2.053],[13.846,0],[0,0.754],[-11.904,0]],"o":[[0,0.754],[-13.576,0],[0,-2.246],[11.904,0]],"v":[[-68.316,7.817],[-89.938,13.534],[-111.412,7.584],[-89.684,10.401]],"c":true}]},{"i":{"x":0.833,"y":0.833},"o":{"x":0.167,"y":0.167},"t":17,"s":[{"i":[[0,-5.015],[16.645,0],[0,1.842],[-11.904,0]],"o":[[0,1.842],[-15.986,0],[0,-5.485],[11.904,0]],"v":[[-68.324,5.66],[-90.142,16.401],[-111.421,5.449],[-89.85,5.31]],"c":true}]},{"i":{"x":0.12,"y":1},"o":{"x":0.167,"y":0.167},"t":18,"s":[{"i":[[0,-9.173],[20.576,0],[0,3.369],[-11.904,0]],"o":[[0,3.369],[-19.37,0],[0,-10.033],[11.904,0]],"v":[[-68.334,2.631],[-90.428,20.428],[-111.433,2.453],[-88.896,-12.84]],"c":true}]},{"i":{"x":0.667,"y":1},"o":{"x":0.66,"y":0},"t":25,"s":[{"i":[[0,-11.657],[11.904,0],[0,11.657],[-11.904,0]],"o":[[0,11.657],[-11.904,0],[0,-11.657],[11.904,0]],"v":[[-68.39,-13.812],[-89.945,7.295],[-111.5,-13.812],[-89.945,-34.918]],"c":true}]},{"i":{"x":0.833,"y":0.833},"o":{"x":0.333,"y":0},"t":109,"s":[{"i":[[0,-11.657],[11.904,0],[0,11.657],[-11.904,0]],"o":[[0,11.657],[-11.904,0],[0,-11.657],[11.904,0]],"v":[[-68.39,-13.812],[-89.945,7.295],[-111.5,-13.812],[-89.945,-34.918]],"c":true}]},{"i":{"x":0.833,"y":0.833},"o":{"x":0.167,"y":0.167},"t":111,"s":[{"i":[[0,-6.48],[11.904,0],[0,6.48],[-11.904,0]],"o":[[0,6.48],[-11.904,0],[0,-6.48],[11.904,0]],"v":[[-68.355,-3.541],[-89.832,16.487],[-111.458,-3.652],[-89.633,-23.451]],"c":true}]},{"i":{"x":0.833,"y":0.833},"o":{"x":0.167,"y":0.167},"t":113,"s":[{"i":[[0,-1.117],[11.904,0],[0,1.117],[-11.904,0]],"o":[[0,1.117],[-11.904,0],[0,-1.117],[11.904,0]],"v":[[-68.24,10.409],[-89.652,17.872],[-111.415,6.871],[-89.133,10.914]],"c":true}]},{"i":{"x":0.34,"y":1},"o":{"x":0.167,"y":0.167},"t":114,"s":[{"i":[[0,-0.268],[11.939,0],[0,0.245],[-11.904,0]],"o":[[0,0.245],[-11.934,0],[0,-0.271],[11.904,0]],"v":[[-68.148,13.479],[-89.604,17.541],[-111.243,13.234],[-89.028,15.899]],"c":true}]},{"i":{"x":0.833,"y":0.833},"o":{"x":0.66,"y":0},"t":115,"s":[{"i":[[0,-0.046],[11.948,0],[0,0.017],[-11.904,0]],"o":[[0,0.017],[-11.942,0],[0,-0.05],[11.904,0]],"v":[[-68.198,12.142],[-89.686,14.452],[-111.293,11.892],[-89.096,14.197]],"c":true}]},{"i":{"x":0.667,"y":1},"o":{"x":0.167,"y":0.167},"t":118,"s":[{"i":[[0,-9.173],[20.576,0],[0,3.369],[-11.904,0]],"o":[[0,3.369],[-19.37,0],[0,-10.033],[11.904,0]],"v":[[-68.334,2.631],[-90.428,20.428],[-111.433,2.453],[-88.896,-12.84]],"c":true}]},{"t":121,"s":[{"i":[[0,-11.657],[11.904,0],[0,11.657],[-11.904,0]],"o":[[0,11.657],[-11.904,0],[0,-11.657],[11.904,0]],"v":[[-68.39,-13.812],[-89.945,7.295],[-111.5,-13.812],[-89.945,-34.918]],"c":true}]}]},"hd":false},{"ty":"fl","c":{"a":0,"k":[0.003921568859,0.003921568859,0.003921568859,1]},"o":{"a":0,"k":100},"r":1,"bm":0,"hd":false},{"ty":"tr","p":{"a":0,"k":[0,0]},"a":{"a":0,"k":[0,0]},"s":{"a":0,"k":[100,100]},"r":{"a":0,"k":0},"o":{"a":0,"k":100},"sk":{"a":0,"k":0},"sa":{"a":0,"k":0}}],"bm":0,"hd":false}],"ip":0,"op":180,"st":0,"bm":0},{"ddd":0,"ind":12,"ty":4,"parent":10,"sr":1,"ks":{"p":{"a":0,"k":[-89.47,-13.458,0]},"a":{"a":0,"k":[-89.47,-13.458,0]}},"ao":0,"shapes":[{"ty":"gr","it":[{"ind":0,"ty":"sh","ks":{"a":1,"k":[{"i":{"x":0.34,"y":1},"o":{"x":0.333,"y":0},"t":0,"s":[{"i":[[0,-29.457],[29.457,0],[0,29.457],[-29.457,0]],"o":[[0,29.457],[-29.457,0],[0,-29.457],[29.457,0]],"v":[[-36.133,-21.022],[-89.47,32.316],[-142.808,-21.022],[-89.47,-74.359]],"c":true}]},{"i":{"x":0.34,"y":1},"o":{"x":0.66,"y":0},"t":10,"s":[{"i":[[0,0],[29.457,0],[0,0],[-29.457,0]],"o":[[0,0],[-29.457,0],[0,0],[29.457,0]],"v":[[-25.008,-12.772],[-89.44,11.566],[-153.933,-13.022],[-89.44,11.391]],"c":true}]},{"i":{"x":0.12,"y":1},"o":{"x":0.66,"y":0},"t":14,"s":[{"i":[[0,0],[29.457,0],[0,0],[-29.457,0]],"o":[[0,0],[-29.457,0],[0,0],[29.457,0]],"v":[[-25.008,-12.772],[-89.44,11.566],[-153.933,-13.022],[-89.44,11.391]],"c":true}]},{"i":{"x":0.667,"y":1},"o":{"x":0.66,"y":0},"t":25,"s":[{"i":[[0,-29.457],[29.457,0],[0,29.457],[-29.457,0]],"o":[[0,29.457],[-29.457,0],[0,-29.457],[29.457,0]],"v":[[-36.133,-21.022],[-89.47,32.316],[-142.808,-21.022],[-89.47,-74.359]],"c":true}]},{"i":{"x":0.34,"y":1},"o":{"x":0.333,"y":0},"t":109,"s":[{"i":[[0,-29.457],[29.457,0],[0,29.457],[-29.457,0]],"o":[[0,29.457],[-29.457,0],[0,-29.457],[29.457,0]],"v":[[-36.133,-21.022],[-89.47,32.316],[-142.808,-21.022],[-89.47,-74.359]],"c":true}]},{"i":{"x":0.667,"y":1},"o":{"x":0.66,"y":0},"t":114.715,"s":[{"i":[[0,0],[29.457,0],[0,0],[-29.457,0]],"o":[[0,0],[-29.457,0],[0,0],[29.457,0]],"v":[[-25.008,-12.772],[-89.44,11.566],[-153.933,-13.022],[-89.44,11.391]],"c":true}]},{"t":121,"s":[{"i":[[0,-29.457],[29.457,0],[0,29.457],[-29.457,0]],"o":[[0,29.457],[-29.457,0],[0,-29.457],[29.457,0]],"v":[[-36.133,-21.022],[-89.47,32.316],[-142.808,-21.022],[-89.47,-74.359]],"c":true}]}]},"hd":false},{"ty":"fl","c":{"a":0,"k":[0.930000035903,0.930000035903,0.930000035903,1]},"o":{"a":0,"k":100},"r":1,"bm":0,"hd":false},{"ty":"tr","p":{"a":0,"k":[0,0]},"a":{"a":0,"k":[0,0]},"s":{"a":0,"k":[100,100]},"r":{"a":0,"k":0},"o":{"a":0,"k":100},"sk":{"a":0,"k":0},"sa":{"a":0,"k":0}}],"bm":0,"hd":false},{"ty":"gr","it":[{"ind":0,"ty":"sh","ks":{"a":1,"k":[{"i":{"x":0.34,"y":1},"o":{"x":0.333,"y":0},"t":0,"s":[{"i":[[0,-35.583],[35.583,0],[0,35.583],[-35.583,0]],"o":[[0,35.583],[-35.583,0],[0,-35.583],[35.583,0]],"v":[[-25.041,-13.458],[-89.47,50.971],[-153.899,-13.458],[-89.47,-77.887]],"c":true}]},{"i":{"x":0.34,"y":1},"o":{"x":0.66,"y":0},"t":10,"s":[{"i":[[0,0],[35.583,0],[0,0],[-35.583,0]],"o":[[0,0],[-35.583,0],[0,0],[35.583,0]],"v":[[-25.041,-13.458],[-89.44,11.471],[-153.899,-13.458],[-89.44,11.613]],"c":true}]},{"i":{"x":0.12,"y":1},"o":{"x":0.66,"y":0},"t":14,"s":[{"i":[[0,0],[35.583,0],[0,0],[-35.583,0]],"o":[[0,0],[-35.583,0],[0,0],[35.583,0]],"v":[[-25.041,-13.458],[-89.44,11.471],[-153.899,-13.458],[-89.44,11.613]],"c":true}]},{"i":{"x":0.667,"y":1},"o":{"x":0.66,"y":0},"t":25,"s":[{"i":[[0,-35.583],[35.583,0],[0,35.583],[-35.583,0]],"o":[[0,35.583],[-35.583,0],[0,-35.583],[35.583,0]],"v":[[-25.041,-13.458],[-89.47,50.971],[-153.899,-13.458],[-89.47,-77.887]],"c":true}]},{"i":{"x":0.34,"y":1},"o":{"x":0.333,"y":0},"t":109,"s":[{"i":[[0,-35.583],[35.583,0],[0,35.583],[-35.583,0]],"o":[[0,35.583],[-35.583,0],[0,-35.583],[35.583,0]],"v":[[-25.041,-13.458],[-89.47,50.971],[-153.899,-13.458],[-89.47,-77.887]],"c":true}]},{"i":{"x":0.667,"y":1},"o":{"x":0.66,"y":0},"t":114.715,"s":[{"i":[[0,0],[35.583,0],[0,0],[-35.583,0]],"o":[[0,0],[-35.583,0],[0,0],[35.583,0]],"v":[[-25.041,-13.458],[-89.44,11.471],[-153.899,-13.458],[-89.44,11.613]],"c":true}]},{"t":121,"s":[{"i":[[0,-35.583],[35.583,0],[0,35.583],[-35.583,0]],"o":[[0,35.583],[-35.583,0],[0,-35.583],[35.583,0]],"v":[[-25.041,-13.458],[-89.47,50.971],[-153.899,-13.458],[-89.47,-77.887]],"c":true}]}]},"hd":false},{"ty":"fl","c":{"a":0,"k":[0.803921580315,0.803921580315,0.803921580315,1]},"o":{"a":0,"k":100},"r":1,"bm":0,"hd":false},{"ty":"tr","p":{"a":0,"k":[0,0]},"a":{"a":0,"k":[0,0]},"s":{"a":0,"k":[100,100]},"r":{"a":0,"k":0},"o":{"a":0,"k":100},"sk":{"a":0,"k":0},"sa":{"a":0,"k":0}}],"bm":0,"hd":false},{"ty":"gr","it":[{"ind":0,"ty":"sh","ks":{"a":1,"k":[{"i":{"x":0.34,"y":1},"o":{"x":0.333,"y":0},"t":0,"s":[{"i":[[0,-35.583],[37.294,0],[0,35.583],[-37.294,0]],"o":[[0,35.583],[-37.294,0],[0,-35.583],[37.294,0]],"v":[[-21.944,-24.458],[-89.47,39.971],[-156.997,-24.458],[-89.47,-88.887]],"c":true}]},{"i":{"x":0.34,"y":1},"o":{"x":0.66,"y":0},"t":10,"s":[{"i":[[1.194,-28.792],[37.294,0],[0.497,-0.292],[-37.294,0]],"o":[[0.444,1.958],[-37.294,0],[-1.253,-30.042],[37.294,0]],"v":[[-23.194,-12.958],[-89.44,11.471],[-155.747,-13.708],[-89.72,4.113]],"c":true}]},{"i":{"x":0.12,"y":1},"o":{"x":0.66,"y":0},"t":14,"s":[{"i":[[1.194,-28.792],[37.294,0],[0.497,-0.292],[-37.294,0]],"o":[[0.444,1.958],[-37.294,0],[-1.253,-30.042],[37.294,0]],"v":[[-23.194,-12.958],[-89.44,11.471],[-155.747,-13.708],[-89.72,4.113]],"c":true}]},{"i":{"x":0.667,"y":1},"o":{"x":0.66,"y":0},"t":25,"s":[{"i":[[0,-35.583],[37.294,0],[0,35.583],[-37.294,0]],"o":[[0,35.583],[-37.294,0],[0,-35.583],[37.294,0]],"v":[[-21.944,-24.458],[-89.47,39.971],[-156.997,-24.458],[-89.47,-88.887]],"c":true}]},{"i":{"x":0.34,"y":1},"o":{"x":0.333,"y":0},"t":109,"s":[{"i":[[0,-35.583],[37.294,0],[0,35.583],[-37.294,0]],"o":[[0,35.583],[-37.294,0],[0,-35.583],[37.294,0]],"v":[[-21.944,-24.458],[-89.47,39.971],[-156.997,-24.458],[-89.47,-88.887]],"c":true}]},{"i":{"x":0.667,"y":1},"o":{"x":0.66,"y":0},"t":114.715,"s":[{"i":[[1.194,-28.792],[37.294,0],[0.497,-0.292],[-37.294,0]],"o":[[0.444,1.958],[-37.294,0],[-1.253,-30.042],[37.294,0]],"v":[[-23.194,-12.958],[-89.44,11.471],[-155.747,-13.708],[-89.72,4.113]],"c":true}]},{"t":121,"s":[{"i":[[0,-35.583],[37.294,0],[0,35.583],[-37.294,0]],"o":[[0,35.583],[-37.294,0],[0,-35.583],[37.294,0]],"v":[[-21.944,-24.458],[-89.47,39.971],[-156.997,-24.458],[-89.47,-88.887]],"c":true}]}]},"hd":false},{"ty":"fl","c":{"a":0,"k":[1,0.694117665291,0.223529413342,1]},"o":{"a":0,"k":100},"r":1,"bm":0,"hd":false},{"ty":"tr","p":{"a":0,"k":[0,0]},"a":{"a":0,"k":[0,0]},"s":{"a":0,"k":[100,100]},"r":{"a":0,"k":0},"o":{"a":0,"k":100},"sk":{"a":0,"k":0},"sa":{"a":0,"k":0}}],"bm":0,"hd":false},{"ty":"gr","it":[{"ind":0,"ty":"sh","ks":{"a":1,"k":[{"i":{"x":0.34,"y":1},"o":{"x":0.333,"y":0},"t":0,"s":[{"i":[[0,-35.583],[37.294,0],[0,35.583],[-37.294,0]],"o":[[0,35.583],[-37.294,0],[0,-35.583],[37.294,0]],"v":[[-21.944,-2.458],[-89.47,61.971],[-156.997,-2.458],[-89.47,-66.887]],"c":true}]},{"i":{"x":0.34,"y":1},"o":{"x":0.66,"y":0},"t":10,"s":[{"i":[[-1.306,-0.542],[37.294,0],[0.809,19.083],[-37.294,0]],"o":[[-0.556,18.208],[-37.294,0],[0.059,-0.167],[37.294,0]],"v":[[-23.194,-13.208],[-90.47,20.971],[-156.309,-13.833],[-89.44,11.613]],"c":true}]},{"i":{"x":0.12,"y":1},"o":{"x":0.66,"y":0},"t":14,"s":[{"i":[[-1.306,-0.542],[37.294,0],[0.809,19.083],[-37.294,0]],"o":[[-0.556,18.208],[-37.294,0],[0.059,-0.167],[37.294,0]],"v":[[-23.194,-13.208],[-90.47,20.971],[-156.309,-13.833],[-89.44,11.613]],"c":true}]},{"i":{"x":0.667,"y":1},"o":{"x":0.66,"y":0},"t":25,"s":[{"i":[[0,-35.583],[37.294,0],[0,35.583],[-37.294,0]],"o":[[0,35.583],[-37.294,0],[0,-35.583],[37.294,0]],"v":[[-21.944,-2.458],[-89.47,61.971],[-156.997,-2.458],[-89.47,-66.887]],"c":true}]},{"i":{"x":0.34,"y":1},"o":{"x":0.333,"y":0},"t":109,"s":[{"i":[[0,-35.583],[37.294,0],[0,35.583],[-37.294,0]],"o":[[0,35.583],[-37.294,0],[0,-35.583],[37.294,0]],"v":[[-21.944,-2.458],[-89.47,61.971],[-156.997,-2.458],[-89.47,-66.887]],"c":true}]},{"i":{"x":0.667,"y":1},"o":{"x":0.66,"y":0},"t":114.715,"s":[{"i":[[-1.306,-0.542],[37.294,0],[0.809,19.083],[-37.294,0]],"o":[[-0.556,18.208],[-37.294,0],[0.059,-0.167],[37.294,0]],"v":[[-23.194,-13.208],[-90.47,20.971],[-156.309,-13.833],[-89.44,11.613]],"c":true}]},{"t":121,"s":[{"i":[[0,-35.583],[37.294,0],[0,35.583],[-37.294,0]],"o":[[0,35.583],[-37.294,0],[0,-35.583],[37.294,0]],"v":[[-21.944,-2.458],[-89.47,61.971],[-156.997,-2.458],[-89.47,-66.887]],"c":true}]}]},"hd":false},{"ty":"fl","c":{"a":0,"k":[1,0.886274516582,0.65098041296,1]},"o":{"a":0,"k":100},"r":1,"bm":0,"hd":false},{"ty":"tr","p":{"a":0,"k":[0,0]},"a":{"a":0,"k":[0,0]},"s":{"a":0,"k":[100,100]},"r":{"a":0,"k":0},"o":{"a":0,"k":90},"sk":{"a":0,"k":0},"sa":{"a":0,"k":0}}],"bm":0,"hd":false}],"ip":0,"op":180,"st":0,"bm":0},{"ddd":0,"ind":13,"ty":4,"parent":6,"sr":1,"ks":{"p":{"a":0,"k":[85.724,-13.458,0]},"a":{"a":0,"k":[85.724,-13.458,0]},"s":{"a":1,"k":[{"i":{"x":[0.667,0.667,0.667],"y":[1,1,1]},"o":{"x":[0.333,0.333,0.333],"y":[0,0,0]},"t":0,"s":[100,100,100]},{"i":{"x":[0.667,0.667,0.667],"y":[1,1,1]},"o":{"x":[0.333,0.333,0.333],"y":[0,0,0]},"t":14,"s":[100,100,100]},{"i":{"x":[0.667,0.667,0.667],"y":[1,1,1]},"o":{"x":[0.333,0.333,0.333],"y":[0,0,0]},"t":25,"s":[116,116,100]},{"t":34,"s":[100,100,100]}]}},"ao":0,"shapes":[{"ty":"gr","it":[{"ind":0,"ty":"sh","ks":{"a":1,"k":[{"i":{"x":0.34,"y":1},"o":{"x":0.333,"y":0},"t":0,"s":[{"i":[[0,-35.583],[35.583,0],[0,35.583],[-35.583,0]],"o":[[0,35.583],[-35.583,0],[0,-35.583],[35.583,0]],"v":[[150.154,-13.458],[85.724,50.971],[21.295,-13.458],[85.724,-77.887]],"c":true}]},{"i":{"x":0.34,"y":1},"o":{"x":0.66,"y":0},"t":10,"s":[{"i":[[0,0],[35.583,0],[0,0],[-35.583,0]],"o":[[0,0],[-35.583,0],[0,0],[35.583,0]],"v":[[150.154,-13.458],[85.949,12.471],[21.295,-13.458],[85.949,11.613]],"c":true}]},{"i":{"x":0.12,"y":1},"o":{"x":0.66,"y":0},"t":14,"s":[{"i":[[0,0],[35.583,0],[0,0],[-35.583,0]],"o":[[0,0],[-35.583,0],[0,0],[35.583,0]],"v":[[150.154,-13.458],[85.949,12.471],[21.295,-13.458],[85.949,11.613]],"c":true}]},{"i":{"x":0.667,"y":1},"o":{"x":0.66,"y":0},"t":25,"s":[{"i":[[0,-35.583],[35.583,0],[0,35.583],[-35.583,0]],"o":[[0,35.583],[-35.583,0],[0,-35.583],[35.583,0]],"v":[[150.154,-13.458],[85.724,50.971],[21.295,-13.458],[85.724,-77.887]],"c":true}]},{"i":{"x":0.34,"y":1},"o":{"x":0.333,"y":0},"t":109,"s":[{"i":[[0,-35.583],[35.583,0],[0,35.583],[-35.583,0]],"o":[[0,35.583],[-35.583,0],[0,-35.583],[35.583,0]],"v":[[150.154,-13.458],[85.724,50.971],[21.295,-13.458],[85.724,-77.887]],"c":true}]},{"i":{"x":0.667,"y":1},"o":{"x":0.66,"y":0},"t":114.715,"s":[{"i":[[0,0],[35.583,0],[0,0],[-35.583,0]],"o":[[0,0],[-35.583,0],[0,0],[35.583,0]],"v":[[150.154,-13.458],[85.949,12.471],[21.295,-13.458],[85.949,11.613]],"c":true}]},{"t":121,"s":[{"i":[[0,-35.583],[35.583,0],[0,35.583],[-35.583,0]],"o":[[0,35.583],[-35.583,0],[0,-35.583],[35.583,0]],"v":[[150.154,-13.458],[85.724,50.971],[21.295,-13.458],[85.724,-77.887]],"c":true}]}]},"hd":false},{"ty":"st","c":{"a":0,"k":[0.568627476692,0.505882382393,0.349019616842,1]},"o":{"a":0,"k":100},"w":{"a":0,"k":6},"lc":1,"lj":2,"bm":0,"hd":false},{"ty":"tr","p":{"a":0,"k":[0,0]},"a":{"a":0,"k":[0,0]},"s":{"a":0,"k":[100,100]},"r":{"a":0,"k":0},"o":{"a":0,"k":100},"sk":{"a":0,"k":0},"sa":{"a":0,"k":0}}],"bm":0,"hd":false},{"ty":"gr","it":[{"ind":0,"ty":"sh","ks":{"a":1,"k":[{"i":{"x":0.34,"y":1},"o":{"x":0.333,"y":0},"t":0,"s":[{"i":[[0,-35.59],[0.47,-3.12],[32.32,0],[4.62,-31.04],[0,3.26],[-35.59,0]],"o":[[0,3.26],[-4.63,-31.04],[-32.33,0],[-0.47,-3.12],[0,-35.59],[35.58,0]],"v":[[150.154,-13.453],[149.444,-3.873],[85.724,-58.723],[22.004,-3.873],[21.294,-13.453],[85.724,-77.883]],"c":true}]},{"i":{"x":0.34,"y":1},"o":{"x":0.66,"y":0},"t":10,"s":[{"i":[[0,0],[0,0],[32.32,0],[0,0],[0,0],[-35.59,0]],"o":[[0,0],[0,0],[-32.33,0],[0,0],[0,0],[35.58,0]],"v":[[150.154,-13.453],[150.194,-13.498],[85.699,11.777],[21.379,-13.311],[21.294,-13.453],[85.949,11.617]],"c":true}]},{"i":{"x":0.12,"y":1},"o":{"x":0.66,"y":0},"t":14,"s":[{"i":[[0,0],[0,0],[32.32,0],[0,0],[0,0],[-35.59,0]],"o":[[0,0],[0,0],[-32.33,0],[0,0],[0,0],[35.58,0]],"v":[[150.154,-13.453],[150.194,-13.498],[85.699,11.777],[21.379,-13.311],[21.294,-13.453],[85.949,11.617]],"c":true}]},{"i":{"x":0.667,"y":1},"o":{"x":0.66,"y":0},"t":25,"s":[{"i":[[0,-35.59],[0.47,-3.12],[32.32,0],[4.62,-31.04],[0,3.26],[-35.59,0]],"o":[[0,3.26],[-4.63,-31.04],[-32.33,0],[-0.47,-3.12],[0,-35.59],[35.58,0]],"v":[[150.154,-13.453],[149.444,-3.873],[85.724,-58.723],[22.004,-3.873],[21.294,-13.453],[85.724,-77.883]],"c":true}]},{"i":{"x":0.34,"y":1},"o":{"x":0.333,"y":0},"t":109,"s":[{"i":[[0,-35.59],[0.47,-3.12],[32.32,0],[4.62,-31.04],[0,3.26],[-35.59,0]],"o":[[0,3.26],[-4.63,-31.04],[-32.33,0],[-0.47,-3.12],[0,-35.59],[35.58,0]],"v":[[150.154,-13.453],[149.444,-3.873],[85.724,-58.723],[22.004,-3.873],[21.294,-13.453],[85.724,-77.883]],"c":true}]},{"i":{"x":0.667,"y":1},"o":{"x":0.66,"y":0},"t":114.715,"s":[{"i":[[0,0],[0,0],[32.32,0],[0,0],[0,0],[-35.59,0]],"o":[[0,0],[0,0],[-32.33,0],[0,0],[0,0],[35.58,0]],"v":[[150.154,-13.453],[150.194,-13.498],[85.699,11.777],[21.379,-13.311],[21.294,-13.453],[85.949,11.617]],"c":true}]},{"t":121,"s":[{"i":[[0,-35.59],[0.47,-3.12],[32.32,0],[4.62,-31.04],[0,3.26],[-35.59,0]],"o":[[0,3.26],[-4.63,-31.04],[-32.33,0],[-0.47,-3.12],[0,-35.59],[35.58,0]],"v":[[150.154,-13.453],[149.444,-3.873],[85.724,-58.723],[22.004,-3.873],[21.294,-13.453],[85.724,-77.883]],"c":true}]}]},"hd":false},{"ty":"fl","c":{"a":0,"k":[1,1,1,1]},"o":{"a":0,"k":100},"r":1,"bm":0,"hd":false},{"ty":"tr","p":{"a":0,"k":[0,0]},"a":{"a":0,"k":[0,0]},"s":{"a":0,"k":[100,100]},"r":{"a":0,"k":0},"o":{"a":0,"k":35},"sk":{"a":0,"k":0},"sa":{"a":0,"k":0}}],"bm":0,"hd":false}],"ip":0,"op":180,"st":0,"bm":0},{"ddd":0,"ind":14,"ty":4,"parent":3,"sr":1,"ks":{"p":{"a":0,"k":[85.724,-1.812,0]},"a":{"a":0,"k":[85.724,-13.812,0]},"s":{"a":1,"k":[{"i":{"x":[0.667,0.667,0.667],"y":[1,1,1]},"o":{"x":[0.333,0.333,0.333],"y":[0,0,0]},"t":0,"s":[100,100,100]},{"i":{"x":[0.4,0.4,0.4],"y":[1,1,1]},"o":{"x":[0.333,0.333,0.333],"y":[0,0,0]},"t":14,"s":[100,100,100]},{"i":{"x":[0.4,0.4,0.4],"y":[1,1,1]},"o":{"x":[0.6,0.6,0.6],"y":[0,0,0]},"t":24,"s":[60,60,100]},{"i":{"x":[0.667,0.667,0.667],"y":[1,1,1]},"o":{"x":[0.6,0.6,0.6],"y":[0,0,0]},"t":109,"s":[60,60,100]},{"t":117,"s":[100,100,100]}]}},"ao":0,"shapes":[{"ty":"gr","it":[{"ind":0,"ty":"sh","ks":{"a":1,"k":[{"i":{"x":0.34,"y":1},"o":{"x":0.333,"y":0},"t":0,"s":[{"i":[[0,0],[-1.451,0.854]],"o":[[1.328,-0.829],[0,0]],"v":[[101.805,-22.003],[105.976,-24.531]],"c":false}]},{"i":{"x":0.34,"y":1},"o":{"x":0.66,"y":0},"t":10,"s":[{"i":[[0,0],[-1.451,0.854]],"o":[[1.328,-0.829],[0,0]],"v":[[105.96,9.747],[108.881,8.344]],"c":false}]},{"i":{"x":0.12,"y":1},"o":{"x":0.66,"y":0},"t":14,"s":[{"i":[[0,0],[-1.451,0.854]],"o":[[1.328,-0.829],[0,0]],"v":[[105.96,9.747],[108.881,8.344]],"c":false}]},{"i":{"x":0.667,"y":1},"o":{"x":0.66,"y":0},"t":25,"s":[{"i":[[0,0],[-1.451,0.854]],"o":[[1.328,-0.829],[0,0]],"v":[[101.805,-22.003],[105.976,-24.531]],"c":false}]},{"i":{"x":0.833,"y":0.833},"o":{"x":0.333,"y":0},"t":109,"s":[{"i":[[0,0],[-1.451,0.854]],"o":[[1.328,-0.829],[0,0]],"v":[[101.805,-22.003],[105.976,-24.531]],"c":false}]},{"i":{"x":0.833,"y":0.833},"o":{"x":0.167,"y":0.167},"t":113,"s":[{"i":[[0,0],[-1.451,0.854]],"o":[[1.328,-0.829],[0,0]],"v":[[105.703,13.176],[108.763,11.648]],"c":false}]},{"i":{"x":0.34,"y":1},"o":{"x":0.167,"y":0.167},"t":114,"s":[{"i":[[0,0],[-1.451,0.854]],"o":[[1.328,-0.829],[0,0]],"v":[[106.091,15.86],[109.042,14.43]],"c":false}]},{"i":{"x":0.667,"y":1},"o":{"x":0.66,"y":0},"t":115,"s":[{"i":[[0,0],[-1.451,0.854]],"o":[[1.328,-0.829],[0,0]],"v":[[106.066,12.557],[108.989,11.153]],"c":false}]},{"t":121,"s":[{"i":[[0,0],[-1.451,0.854]],"o":[[1.328,-0.829],[0,0]],"v":[[101.805,-22.003],[105.976,-24.531]],"c":false}]}]},"hd":false},{"ty":"st","c":{"a":0,"k":[1,1,1,1]},"o":{"a":0,"k":100},"w":{"a":1,"k":[{"i":{"x":[0.34],"y":[1]},"o":{"x":[0.333],"y":[0]},"t":0,"s":[6]},{"i":{"x":[0.34],"y":[1]},"o":{"x":[0.66],"y":[0]},"t":10,"s":[0]},{"i":{"x":[0.12],"y":[1]},"o":{"x":[0.66],"y":[0]},"t":14,"s":[0]},{"i":{"x":[0.667],"y":[1]},"o":{"x":[0.66],"y":[0]},"t":25,"s":[6]},{"i":{"x":[0.34],"y":[1]},"o":{"x":[0.333],"y":[0]},"t":109,"s":[6]},{"i":{"x":[0.667],"y":[1]},"o":{"x":[0.66],"y":[0]},"t":114.715,"s":[0]},{"t":121,"s":[6]}]},"lc":2,"lj":2,"bm":0,"hd":false},{"ty":"tr","p":{"a":0,"k":[0,0]},"a":{"a":0,"k":[0,0]},"s":{"a":0,"k":[100,100]},"r":{"a":0,"k":0},"o":{"a":0,"k":100},"sk":{"a":0,"k":0},"sa":{"a":0,"k":0}}],"bm":0,"hd":false},{"ty":"gr","it":[{"ind":0,"ty":"sh","ks":{"a":1,"k":[{"i":{"x":0.833,"y":0.833},"o":{"x":0.333,"y":0},"t":0,"s":[{"i":[[0,-11.657],[11.904,0],[0,11.657],[-11.904,0]],"o":[[0,11.657],[-11.904,0],[0,-11.657],[11.904,0]],"v":[[107.279,-13.812],[85.724,7.295],[64.169,-13.812],[85.724,-34.918]],"c":true}]},{"i":{"x":0.833,"y":0.833},"o":{"x":0.167,"y":0.167},"t":5,"s":[{"i":[[0,-11.324],[11.904,0],[0,9.313],[-11.904,0]],"o":[[0,8.965],[-11.904,0],[0,-9.679],[11.904,0]],"v":[[107.034,2.986],[85.319,20.178],[64.19,2.897],[86.424,-14.043]],"c":true}]},{"i":{"x":0.34,"y":1},"o":{"x":0.167,"y":0.167},"t":6,"s":[{"i":[[0,-7.253],[11.904,0],[0,5.964],[-11.904,0]],"o":[[0,5.742],[-11.904,0],[0,-6.199],[11.904,0]],"v":[[106.998,5.441],[85.476,17.074],[64.193,5.339],[86.062,-2.465]],"c":true}]},{"i":{"x":0.34,"y":1},"o":{"x":0.66,"y":0},"t":10,"s":[{"i":[[0,0],[11.904,0],[0,0],[-11.904,0]],"o":[[0,0],[-11.904,0],[0,0],[11.904,0]],"v":[[106.934,9.813],[85.758,11.545],[64.199,9.688],[85.758,11.582]],"c":true}]},{"i":{"x":0.833,"y":0.833},"o":{"x":0.66,"y":0},"t":14,"s":[{"i":[[0,0],[11.904,0],[0,0],[-11.904,0]],"o":[[0,0],[-11.904,0],[0,0],[11.904,0]],"v":[[106.934,9.813],[85.758,11.545],[64.199,9.688],[85.758,11.582]],"c":true}]},{"i":{"x":0.833,"y":0.833},"o":{"x":0.167,"y":0.167},"t":16,"s":[{"i":[[0,-2.535],[11.904,0],[0,2.085],[-11.904,0]],"o":[[0,2.007],[-11.904,0],[0,-2.167],[11.904,0]],"v":[[106.934,8.01],[85.638,13.203],[64.175,7.893],[85.236,9.418]],"c":true}]},{"i":{"x":0.833,"y":0.833},"o":{"x":0.167,"y":0.167},"t":17,"s":[{"i":[[0,-6.191],[11.904,0],[0,5.091],[-11.904,0]],"o":[[0,4.901],[-11.904,0],[0,-5.291],[11.904,0]],"v":[[106.988,6.081],[85.518,16.264],[64.194,5.976],[85.173,4.413]],"c":true}]},{"i":{"x":0.12,"y":1},"o":{"x":0.167,"y":0.167},"t":18,"s":[{"i":[[0,-11.324],[11.904,0],[0,9.313],[-11.904,0]],"o":[[0,8.965],[-11.904,0],[0,-9.679],[11.904,0]],"v":[[107.034,2.986],[85.319,20.178],[64.19,2.897],[86.424,-14.043]],"c":true}]},{"i":{"x":0.667,"y":1},"o":{"x":0.66,"y":0},"t":25,"s":[{"i":[[0,-11.657],[11.904,0],[0,11.657],[-11.904,0]],"o":[[0,11.657],[-11.904,0],[0,-11.657],[11.904,0]],"v":[[107.279,-13.812],[85.724,7.295],[64.169,-13.812],[85.724,-34.918]],"c":true}]},{"i":{"x":0.833,"y":0.833},"o":{"x":0.333,"y":0},"t":109,"s":[{"i":[[0,-11.657],[11.904,0],[0,11.657],[-11.904,0]],"o":[[0,11.657],[-11.904,0],[0,-11.657],[11.904,0]],"v":[[107.279,-13.812],[85.724,7.295],[64.169,-13.812],[85.724,-34.918]],"c":true}]},{"i":{"x":0.833,"y":0.833},"o":{"x":0.167,"y":0.167},"t":111,"s":[{"i":[[0,-6.48],[11.904,0],[0,6.48],[-11.904,0]],"o":[[0,6.48],[-11.904,0],[0,-6.48],[11.904,0]],"v":[[107.126,-3.319],[85.889,16.485],[64.183,-3.374],[85.651,-22.381]],"c":true}]},{"i":{"x":0.833,"y":0.833},"o":{"x":0.167,"y":0.167},"t":113,"s":[{"i":[[0,-1.341],[11.904,0],[0,1.341],[-11.904,0]],"o":[[0,1.341],[-11.904,0],[0,-1.341],[11.904,0]],"v":[[107.168,13.78],[85.979,19.253],[64.39,13.67],[85.93,11.236]],"c":true}]},{"i":{"x":0.34,"y":1},"o":{"x":0.167,"y":0.167},"t":114,"s":[{"i":[[0,-0.278],[11.904,0],[0,0.278],[-11.904,0]],"o":[[0,0.278],[-11.904,0],[0,-0.278],[11.904,0]],"v":[[107.172,16.079],[85.993,18.585],[64.428,15.957],[85.983,16.955]],"c":true}]},{"i":{"x":0.833,"y":0.833},"o":{"x":0.66,"y":0},"t":115,"s":[{"i":[[0,0],[11.904,0],[0,0],[-11.904,0]],"o":[[0,0],[-11.904,0],[0,0],[11.904,0]],"v":[[107.047,12.675],[85.871,14.407],[64.312,12.55],[85.871,14.444]],"c":true}]},{"i":{"x":0.667,"y":1},"o":{"x":0.167,"y":0.167},"t":118,"s":[{"i":[[0,-11.324],[11.904,0],[0,9.313],[-11.904,0]],"o":[[0,8.965],[-11.904,0],[0,-9.679],[11.904,0]],"v":[[107.034,2.986],[85.319,20.178],[64.19,2.897],[86.424,-14.043]],"c":true}]},{"t":121,"s":[{"i":[[0,-11.657],[11.904,0],[0,11.657],[-11.904,0]],"o":[[0,11.657],[-11.904,0],[0,-11.657],[11.904,0]],"v":[[107.279,-13.812],[85.724,7.295],[64.169,-13.812],[85.724,-34.918]],"c":true}]}]},"hd":false},{"ty":"fl","c":{"a":0,"k":[0.003921568859,0.003921568859,0.003921568859,1]},"o":{"a":0,"k":100},"r":1,"bm":0,"hd":false},{"ty":"tr","p":{"a":0,"k":[0,0]},"a":{"a":0,"k":[0,0]},"s":{"a":0,"k":[100,100]},"r":{"a":0,"k":0},"o":{"a":0,"k":100},"sk":{"a":0,"k":0},"sa":{"a":0,"k":0}}],"bm":0,"hd":false}],"ip":0,"op":180,"st":0,"bm":0},{"ddd":0,"ind":15,"ty":4,"parent":13,"sr":1,"ks":{"p":{"a":0,"k":[85.724,-13.458,0]},"a":{"a":0,"k":[85.724,-13.458,0]}},"ao":0,"shapes":[{"ty":"gr","it":[{"ind":0,"ty":"sh","ks":{"a":1,"k":[{"i":{"x":0.34,"y":1},"o":{"x":0.333,"y":0},"t":0,"s":[{"i":[[0,-29.457],[29.457,0],[0,29.457],[-29.457,0]],"o":[[0,29.457],[-29.457,0],[0,-29.457],[29.457,0]],"v":[[139.062,-21.022],[85.724,32.316],[32.387,-21.022],[85.724,-74.359]],"c":true}]},{"i":{"x":0.34,"y":1},"o":{"x":0.66,"y":0},"t":10,"s":[{"i":[[0,0],[29.457,0],[0,0],[-29.457,0]],"o":[[0,0],[-29.457,0],[0,0],[29.457,0]],"v":[[150.812,-12.272],[85.699,11.566],[20.387,-13.022],[85.699,11.391]],"c":true}]},{"i":{"x":0.12,"y":1},"o":{"x":0.66,"y":0},"t":14,"s":[{"i":[[0,0],[29.457,0],[0,0],[-29.457,0]],"o":[[0,0],[-29.457,0],[0,0],[29.457,0]],"v":[[150.812,-12.272],[85.699,11.566],[20.387,-13.022],[85.699,11.391]],"c":true}]},{"i":{"x":0.667,"y":1},"o":{"x":0.66,"y":0},"t":25,"s":[{"i":[[0,-29.457],[29.457,0],[0,29.457],[-29.457,0]],"o":[[0,29.457],[-29.457,0],[0,-29.457],[29.457,0]],"v":[[139.062,-21.022],[85.724,32.316],[32.387,-21.022],[85.724,-74.359]],"c":true}]},{"i":{"x":0.34,"y":1},"o":{"x":0.333,"y":0},"t":109,"s":[{"i":[[0,-29.457],[29.457,0],[0,29.457],[-29.457,0]],"o":[[0,29.457],[-29.457,0],[0,-29.457],[29.457,0]],"v":[[139.062,-21.022],[85.724,32.316],[32.387,-21.022],[85.724,-74.359]],"c":true}]},{"i":{"x":0.667,"y":1},"o":{"x":0.66,"y":0},"t":114.715,"s":[{"i":[[0,0],[29.457,0],[0,0],[-29.457,0]],"o":[[0,0],[-29.457,0],[0,0],[29.457,0]],"v":[[150.812,-12.272],[85.699,11.566],[20.387,-13.022],[85.699,11.391]],"c":true}]},{"t":121,"s":[{"i":[[0,-29.457],[29.457,0],[0,29.457],[-29.457,0]],"o":[[0,29.457],[-29.457,0],[0,-29.457],[29.457,0]],"v":[[139.062,-21.022],[85.724,32.316],[32.387,-21.022],[85.724,-74.359]],"c":true}]}]},"hd":false},{"ty":"fl","c":{"a":0,"k":[0.930000007153,0.930000007153,0.930000007153,1]},"o":{"a":0,"k":100},"r":1,"bm":0,"hd":false},{"ty":"tr","p":{"a":0,"k":[0,0]},"a":{"a":0,"k":[0,0]},"s":{"a":0,"k":[100,100]},"r":{"a":0,"k":0},"o":{"a":0,"k":100},"sk":{"a":0,"k":0},"sa":{"a":0,"k":0}}],"bm":0,"hd":false},{"ty":"gr","it":[{"ind":0,"ty":"sh","ks":{"a":1,"k":[{"i":{"x":0.34,"y":1},"o":{"x":0.333,"y":0},"t":0,"s":[{"i":[[0,-35.583],[35.583,0],[0,35.583],[-35.583,0]],"o":[[0,35.583],[-35.583,0],[0,-35.583],[35.583,0]],"v":[[150.154,-13.458],[85.724,50.971],[21.295,-13.458],[85.724,-77.887]],"c":true}]},{"i":{"x":0.34,"y":1},"o":{"x":0.66,"y":0},"t":10,"s":[{"i":[[0,0],[35.583,0],[0,0],[-35.583,0]],"o":[[0,0],[-35.583,0],[0,0],[35.583,0]],"v":[[150.154,-13.458],[85.699,11.471],[21.295,-13.458],[85.699,11.613]],"c":true}]},{"i":{"x":0.12,"y":1},"o":{"x":0.66,"y":0},"t":14,"s":[{"i":[[0,0],[35.583,0],[0,0],[-35.583,0]],"o":[[0,0],[-35.583,0],[0,0],[35.583,0]],"v":[[150.154,-13.458],[85.699,11.471],[21.295,-13.458],[85.699,11.613]],"c":true}]},{"i":{"x":0.667,"y":1},"o":{"x":0.66,"y":0},"t":25,"s":[{"i":[[0,-35.583],[35.583,0],[0,35.583],[-35.583,0]],"o":[[0,35.583],[-35.583,0],[0,-35.583],[35.583,0]],"v":[[150.154,-13.458],[85.724,50.971],[21.295,-13.458],[85.724,-77.887]],"c":true}]},{"i":{"x":0.34,"y":1},"o":{"x":0.333,"y":0},"t":109,"s":[{"i":[[0,-35.583],[35.583,0],[0,35.583],[-35.583,0]],"o":[[0,35.583],[-35.583,0],[0,-35.583],[35.583,0]],"v":[[150.154,-13.458],[85.724,50.971],[21.295,-13.458],[85.724,-77.887]],"c":true}]},{"i":{"x":0.667,"y":1},"o":{"x":0.66,"y":0},"t":114.715,"s":[{"i":[[0,0],[35.583,0],[0,0],[-35.583,0]],"o":[[0,0],[-35.583,0],[0,0],[35.583,0]],"v":[[150.154,-13.458],[85.699,11.471],[21.295,-13.458],[85.699,11.613]],"c":true}]},{"t":121,"s":[{"i":[[0,-35.583],[35.583,0],[0,35.583],[-35.583,0]],"o":[[0,35.583],[-35.583,0],[0,-35.583],[35.583,0]],"v":[[150.154,-13.458],[85.724,50.971],[21.295,-13.458],[85.724,-77.887]],"c":true}]}]},"hd":false},{"ty":"fl","c":{"a":0,"k":[0.803921580315,0.803921580315,0.803921580315,1]},"o":{"a":0,"k":100},"r":1,"bm":0,"hd":false},{"ty":"tr","p":{"a":0,"k":[0,0]},"a":{"a":0,"k":[0,0]},"s":{"a":0,"k":[100,100]},"r":{"a":0,"k":0},"o":{"a":0,"k":100},"sk":{"a":0,"k":0},"sa":{"a":0,"k":0}}],"bm":0,"hd":false},{"ty":"gr","it":[{"ind":0,"ty":"sh","ks":{"a":1,"k":[{"i":{"x":0.34,"y":1},"o":{"x":0.333,"y":0},"t":0,"s":[{"i":[[0,-35.583],[37.404,0],[0,35.583],[-37.404,0]],"o":[[0,35.583],[-37.404,0],[0,-35.583],[37.404,0]],"v":[[153.45,-24.458],[85.724,39.971],[17.999,-24.458],[85.724,-88.887]],"c":true}]},{"i":{"x":0.34,"y":1},"o":{"x":0.66,"y":0},"t":10,"s":[{"i":[[-0.575,-25.917],[37.404,0],[-0.124,1.208],[-37.404,0]],"o":[[0.175,0.333],[-37.404,0],[0.376,-24.792],[37.404,0]],"v":[[151.825,-14.083],[85.699,11.471],[19.874,-13.708],[86.724,3.613]],"c":true}]},{"i":{"x":0.12,"y":1},"o":{"x":0.66,"y":0},"t":14,"s":[{"i":[[-0.575,-25.917],[37.404,0],[-0.124,1.208],[-37.404,0]],"o":[[0.175,0.333],[-37.404,0],[0.376,-24.792],[37.404,0]],"v":[[151.825,-14.083],[85.699,11.471],[19.874,-13.708],[86.724,3.613]],"c":true}]},{"i":{"x":0.667,"y":1},"o":{"x":0.66,"y":0},"t":25,"s":[{"i":[[0,-35.583],[37.404,0],[0,35.583],[-37.404,0]],"o":[[0,35.583],[-37.404,0],[0,-35.583],[37.404,0]],"v":[[153.45,-24.458],[85.724,39.971],[17.999,-24.458],[85.724,-88.887]],"c":true}]},{"i":{"x":0.34,"y":1},"o":{"x":0.333,"y":0},"t":109,"s":[{"i":[[0,-35.583],[37.404,0],[0,35.583],[-37.404,0]],"o":[[0,35.583],[-37.404,0],[0,-35.583],[37.404,0]],"v":[[153.45,-24.458],[85.724,39.971],[17.999,-24.458],[85.724,-88.887]],"c":true}]},{"i":{"x":0.667,"y":1},"o":{"x":0.66,"y":0},"t":114.715,"s":[{"i":[[-0.575,-25.917],[37.404,0],[-0.124,1.208],[-37.404,0]],"o":[[0.175,0.333],[-37.404,0],[0.376,-24.792],[37.404,0]],"v":[[151.825,-14.083],[85.699,11.471],[19.874,-13.708],[86.724,3.613]],"c":true}]},{"t":121,"s":[{"i":[[0,-35.583],[37.404,0],[0,35.583],[-37.404,0]],"o":[[0,35.583],[-37.404,0],[0,-35.583],[37.404,0]],"v":[[153.45,-24.458],[85.724,39.971],[17.999,-24.458],[85.724,-88.887]],"c":true}]}]},"hd":false},{"ty":"fl","c":{"a":0,"k":[1,0.694117665291,0.223529413342,1]},"o":{"a":0,"k":100},"r":1,"bm":0,"hd":false},{"ty":"tr","p":{"a":0,"k":[0,0]},"a":{"a":0,"k":[0,0]},"s":{"a":0,"k":[100,100]},"r":{"a":0,"k":0},"o":{"a":0,"k":100},"sk":{"a":0,"k":0},"sa":{"a":0,"k":0}}],"bm":0,"hd":false},{"ty":"gr","it":[{"ind":0,"ty":"sh","ks":{"a":1,"k":[{"i":{"x":0.34,"y":1},"o":{"x":0.333,"y":0},"t":0,"s":[{"i":[[0,-35.583],[37.404,0],[0,35.583],[-37.404,0]],"o":[[0,35.583],[-37.404,0],[0,-35.583],[37.404,0]],"v":[[153.45,-2.458],[85.724,61.971],[17.999,-2.458],[85.724,-66.887]],"c":true}]},{"i":{"x":0.34,"y":1},"o":{"x":0.66,"y":0},"t":10,"s":[{"i":[[0.55,-1.042],[37.404,0],[-0.499,20.958],[-37.404,0]],"o":[[-0.45,20.458],[-37.404,0],[0.501,0.958],[37.404,0]],"v":[[151.7,-12.958],[87.224,23.471],[19.749,-13.458],[85.699,11.613]],"c":true}]},{"i":{"x":0.12,"y":1},"o":{"x":0.66,"y":0},"t":14,"s":[{"i":[[0.55,-1.042],[37.404,0],[-0.499,20.958],[-37.404,0]],"o":[[-0.45,20.458],[-37.404,0],[0.501,0.958],[37.404,0]],"v":[[151.7,-12.958],[87.224,23.471],[19.749,-13.458],[85.699,11.613]],"c":true}]},{"i":{"x":0.667,"y":1},"o":{"x":0.66,"y":0},"t":25,"s":[{"i":[[0,-35.583],[37.404,0],[0,35.583],[-37.404,0]],"o":[[0,35.583],[-37.404,0],[0,-35.583],[37.404,0]],"v":[[153.45,-2.458],[85.724,61.971],[17.999,-2.458],[85.724,-66.887]],"c":true}]},{"i":{"x":0.34,"y":1},"o":{"x":0.333,"y":0},"t":109,"s":[{"i":[[0,-35.583],[37.404,0],[0,35.583],[-37.404,0]],"o":[[0,35.583],[-37.404,0],[0,-35.583],[37.404,0]],"v":[[153.45,-2.458],[85.724,61.971],[17.999,-2.458],[85.724,-66.887]],"c":true}]},{"i":{"x":0.667,"y":1},"o":{"x":0.66,"y":0},"t":114.715,"s":[{"i":[[0.55,-1.042],[37.404,0],[-0.499,20.958],[-37.404,0]],"o":[[-0.45,20.458],[-37.404,0],[0.501,0.958],[37.404,0]],"v":[[151.7,-12.958],[87.224,23.471],[19.749,-13.458],[85.699,11.613]],"c":true}]},{"t":121,"s":[{"i":[[0,-35.583],[37.404,0],[0,35.583],[-37.404,0]],"o":[[0,35.583],[-37.404,0],[0,-35.583],[37.404,0]],"v":[[153.45,-2.458],[85.724,61.971],[17.999,-2.458],[85.724,-66.887]],"c":true}]}]},"hd":false},{"ty":"fl","c":{"a":0,"k":[1,0.886274516582,0.65098041296,1]},"o":{"a":0,"k":100},"r":1,"bm":0,"hd":false},{"ty":"tr","p":{"a":0,"k":[0,0]},"a":{"a":0,"k":[0,0]},"s":{"a":0,"k":[100,100]},"r":{"a":0,"k":0},"o":{"a":0,"k":90},"sk":{"a":0,"k":0},"sa":{"a":0,"k":0}}],"bm":0,"hd":false}],"ip":0,"op":180,"st":0,"bm":0},{"ddd":0,"ind":16,"ty":4,"parent":18,"sr":1,"ks":{"o":{"a":1,"k":[{"i":{"x":[0.667],"y":[1]},"o":{"x":[0.333],"y":[0]},"t":0,"s":[0]},{"i":{"x":[0.12],"y":[1]},"o":{"x":[0.333],"y":[0]},"t":13,"s":[0]},{"i":{"x":[0.833],"y":[1]},"o":{"x":[0.66],"y":[0]},"t":27,"s":[100]},{"i":{"x":[0.833],"y":[1]},"o":{"x":[0.167],"y":[0]},"t":122,"s":[100]},{"t":140,"s":[0]}]},"p":{"a":0,"k":[-112.21,60.284,0]},"a":{"a":0,"k":[-112.21,60.284,0]}},"ao":0,"shapes":[{"ty":"gr","it":[{"ind":0,"ty":"sh","ks":{"a":0,"k":{"i":[[2.727,-6.33],[7.068,3.045],[-2.727,6.33],[-7.068,-3.045]],"o":[[-2.727,6.33],[-7.068,-3.045],[2.727,-6.33],[7.068,3.045]],"v":[[-110.762,64.874],[-128.497,70.824],[-136.356,53.849],[-119.697,50.396]],"c":true}},"hd":false},{"ty":"fl","c":{"a":0,"k":[0.886274516582,0.023529412225,0.074509806931,1]},"o":{"a":0,"k":100},"r":1,"bm":0,"hd":false},{"ty":"tr","p":{"a":0,"k":[0,0]},"a":{"a":0,"k":[0,0]},"s":{"a":0,"k":[100,100]},"r":{"a":0,"k":0},"o":{"a":0,"k":4},"sk":{"a":0,"k":0},"sa":{"a":0,"k":0}}],"bm":0,"hd":false},{"ty":"gr","it":[{"ind":0,"ty":"sh","ks":{"a":0,"k":{"i":[[4.226,-9.811],[10.953,4.718],[-4.226,9.811],[-10.953,-4.718]],"o":[[-4.226,9.811],[-10.953,-4.718],[4.226,-9.811],[10.953,4.718]],"v":[[-103.726,67.905],[-131.212,77.126],[-143.392,50.818],[-116.982,44.094]],"c":true}},"hd":false},{"ty":"fl","c":{"a":0,"k":[0.886274516582,0.023529412225,0.074509806931,1]},"o":{"a":0,"k":100},"r":1,"bm":0,"hd":false},{"ty":"tr","p":{"a":0,"k":[0,0]},"a":{"a":0,"k":[0,0]},"s":{"a":0,"k":[100,100]},"r":{"a":0,"k":0},"o":{"a":0,"k":4},"sk":{"a":0,"k":0},"sa":{"a":0,"k":0}}],"bm":0,"hd":false},{"ty":"gr","it":[{"ind":0,"ty":"sh","ks":{"a":0,"k":{"i":[[5.563,-12.914],[14.418,6.211],[-5.563,12.914],[-14.418,-6.211]],"o":[[-5.563,12.914],[-14.418,-6.211],[5.563,-12.914],[14.418,6.211]],"v":[[-97.453,70.608],[-133.632,82.745],[-149.665,48.116],[-114.562,38.475]],"c":true}},"hd":false},{"ty":"fl","c":{"a":0,"k":[0.886274516582,0.023529412225,0.074509806931,1]},"o":{"a":0,"k":100},"r":1,"bm":0,"hd":false},{"ty":"tr","p":{"a":0,"k":[0,0]},"a":{"a":0,"k":[0,0]},"s":{"a":0,"k":[100,100]},"r":{"a":0,"k":0},"o":{"a":0,"k":4},"sk":{"a":0,"k":0},"sa":{"a":0,"k":0}}],"bm":0,"hd":false},{"ty":"gr","it":[{"ind":0,"ty":"sh","ks":{"a":0,"k":{"i":[[7.667,-17.797],[19.87,8.559],[-7.667,17.797],[-19.87,-8.559]],"o":[[-7.667,17.797],[-19.87,-8.559],[7.667,-17.797],[19.87,8.559]],"v":[[-87.582,74.86],[-137.441,91.587],[-159.537,43.864],[-110.753,29.633]],"c":true}},"hd":false},{"ty":"fl","c":{"a":0,"k":[0.886274516582,0.023529412225,0.074509806931,1]},"o":{"a":0,"k":100},"r":1,"bm":0,"hd":false},{"ty":"tr","p":{"a":0,"k":[0,0]},"a":{"a":0,"k":[0,0]},"s":{"a":0,"k":[100,100]},"r":{"a":0,"k":0},"o":{"a":0,"k":4},"sk":{"a":0,"k":0},"sa":{"a":0,"k":0}}],"bm":0,"hd":false},{"ty":"gr","it":[{"ind":0,"ty":"sh","ks":{"a":0,"k":{"i":[[9.65,-22.401],[25.009,10.773],[-9.65,22.401],[-25.009,-10.773]],"o":[[-9.65,22.401],[-25.009,-10.773],[9.65,-22.401],[25.009,10.773]],"v":[[-78.276,78.869],[-141.031,99.922],[-168.842,39.855],[-107.162,21.298]],"c":true}},"hd":false},{"ty":"fl","c":{"a":0,"k":[0.886274516582,0.023529412225,0.074509806931,1]},"o":{"a":0,"k":100},"r":1,"bm":0,"hd":false},{"ty":"tr","p":{"a":0,"k":[0,0]},"a":{"a":0,"k":[0,0]},"s":{"a":0,"k":[100,100]},"r":{"a":0,"k":0},"o":{"a":0,"k":4},"sk":{"a":0,"k":0},"sa":{"a":0,"k":0}}],"bm":0,"hd":false},{"ty":"gr","it":[{"ind":0,"ty":"sh","ks":{"a":0,"k":{"i":[[11.45,-26.57],[29.67,12.78],[2.39,1.43],[6.69,19.74],[-1.85,4.29],[-29.67,-12.78]],"o":[[-11.45,26.57],[-2.64,-1.14],[-12.43,-16.2],[0.53,-4.46],[11.44,-26.57],[29.66,12.78]],"v":[[-69.847,82.497],[-144.287,107.467],[-151.837,103.617],[-180.807,49.407],[-177.267,36.227],[-103.907,13.747]],"c":true}},"hd":false},{"ty":"fl","c":{"a":0,"k":[0.886274516582,0.023529412225,0.074509806931,1]},"o":{"a":0,"k":100},"r":1,"bm":0,"hd":false},{"ty":"tr","p":{"a":0,"k":[0,0]},"a":{"a":0,"k":[0,0]},"s":{"a":0,"k":[100,100]},"r":{"a":0,"k":0},"o":{"a":0,"k":4},"sk":{"a":0,"k":0},"sa":{"a":0,"k":0}}],"bm":0,"hd":false},{"ty":"gr","it":[{"ind":0,"ty":"sh","ks":{"a":0,"k":{"i":[[13.05,-30.28],[32.13,10.61],[3.43,4.47],[6.69,19.74],[1.27,5.17],[-0.17,0.38],[-33.81,-14.56]],"o":[[-12.25,28.45],[-3.81,-4.14],[-12.43,-16.2],[-1.69,-4.99],[0.15,-0.39],[13.05,-30.29],[33.81,14.57]],"v":[[-62.347,85.727],[-140.977,116.537],[-151.837,103.617],[-180.807,49.407],[-185.257,34.157],[-184.777,32.997],[-101.017,7.027]],"c":true}},"hd":false},{"ty":"fl","c":{"a":0,"k":[0.886274516582,0.023529412225,0.074509806931,1]},"o":{"a":0,"k":100},"r":1,"bm":0,"hd":false},{"ty":"tr","p":{"a":0,"k":[0,0]},"a":{"a":0,"k":[0,0]},"s":{"a":0,"k":[100,100]},"r":{"a":0,"k":0},"o":{"a":0,"k":4},"sk":{"a":0,"k":0},"sa":{"a":0,"k":0}}],"bm":0,"hd":false},{"ty":"gr","it":[{"ind":0,"ty":"sh","ks":{"a":0,"k":{"i":[[14.77,-34.27],[32.25,5.16],[3.39,3.7],[3.43,4.47],[6.69,19.74],[1.27,5.17],[0.77,4.58],[-34.73,-14.96]],"o":[[-12.23,28.4],[-3.68,-3.41],[-3.81,-4.14],[-12.43,-16.2],[-1.69,-4.99],[-1.1,-4.47],[17.72,-27.31],[38.26,16.49]],"v":[[-54.277,89.207],[-130.357,127.217],[-140.977,116.537],[-151.837,103.617],[-180.807,49.407],[-185.257,34.157],[-188.077,20.587],[-97.897,-0.203]],"c":true}},"hd":false},{"ty":"fl","c":{"a":0,"k":[0.886274516582,0.023529412225,0.074509806931,1]},"o":{"a":0,"k":100},"r":1,"bm":0,"hd":false},{"ty":"tr","p":{"a":0,"k":[0,0]},"a":{"a":0,"k":[0,0]},"s":{"a":0,"k":[100,100]},"r":{"a":0,"k":0},"o":{"a":0,"k":4},"sk":{"a":0,"k":0},"sa":{"a":0,"k":0}}],"bm":0,"hd":false},{"ty":"gr","it":[{"ind":0,"ty":"sh","ks":{"a":0,"k":{"i":[[16.3,-37.85],[31.96,1.45],[3.02,2.81],[3.39,3.7],[3.43,4.47],[6.69,19.74],[1.27,5.17],[0.77,4.58],[0.4,3.7],[-35.23,-15.17]],"o":[[-12.24,28.4],[-3.2,-2.6],[-3.68,-3.41],[-3.81,-4.14],[-12.43,-16.2],[-1.69,-4.99],[-1.1,-4.47],[-0.62,-3.64],[21.15,-24.62],[42.26,18.21]],"v":[[-47.037,92.327],[-121.027,135.337],[-130.357,127.217],[-140.977,116.537],[-151.837,103.617],[-180.807,49.407],[-185.257,34.157],[-188.077,20.587],[-189.607,9.577],[-95.107,-6.683]],"c":true}},"hd":false},{"ty":"fl","c":{"a":0,"k":[0.886274516582,0.023529412225,0.074509806931,1]},"o":{"a":0,"k":100},"r":1,"bm":0,"hd":false},{"ty":"tr","p":{"a":0,"k":[0,0]},"a":{"a":0,"k":[0,0]},"s":{"a":0,"k":[100,100]},"r":{"a":0,"k":0},"o":{"a":0,"k":4},"sk":{"a":0,"k":0},"sa":{"a":0,"k":0}}],"bm":0,"hd":false},{"ty":"gr","it":[{"ind":0,"ty":"sh","ks":{"a":0,"k":{"i":[[17.83,-41.39],[31.5,-1.5],[2.97,2.42],[3.02,2.81],[3.39,3.7],[3.43,4.47],[6.69,19.74],[1.27,5.17],[0.77,4.58],[0.4,3.7],[0.19,3.45],[-35.75,-15.4]],"o":[[-12.24,28.41],[-3.12,-2.23],[-3.2,-2.6],[-3.68,-3.41],[-3.81,-4.14],[-12.43,-16.2],[-1.69,-4.99],[-1.1,-4.47],[-0.62,-3.64],[-0.38,-3.39],[23.83,-22.37],[46.21,19.91]],"v":[[-39.847,95.287],[-111.897,142.317],[-121.027,135.337],[-130.357,127.217],[-140.977,116.537],[-151.837,103.617],[-180.807,49.407],[-185.257,34.157],[-188.077,20.587],[-189.607,9.577],[-190.457,-0.683],[-92.407,-12.963]],"c":true}},"hd":false},{"ty":"fl","c":{"a":0,"k":[0.886274516582,0.023529412225,0.074509806931,1]},"o":{"a":0,"k":100},"r":1,"bm":0,"hd":false},{"ty":"tr","p":{"a":0,"k":[0,0]},"a":{"a":0,"k":[0,0]},"s":{"a":0,"k":[100,100]},"r":{"a":0,"k":0},"o":{"a":0,"k":4},"sk":{"a":0,"k":0},"sa":{"a":0,"k":0}}],"bm":0,"hd":false}],"ip":0,"op":180,"st":0,"bm":0},{"ddd":0,"ind":17,"ty":4,"parent":18,"sr":1,"ks":{"o":{"a":1,"k":[{"i":{"x":[0.667],"y":[1]},"o":{"x":[0.333],"y":[0]},"t":0,"s":[0]},{"i":{"x":[0.12],"y":[1]},"o":{"x":[0.333],"y":[0]},"t":13,"s":[0]},{"i":{"x":[0.833],"y":[1]},"o":{"x":[0.66],"y":[0]},"t":27,"s":[100]},{"i":{"x":[0.833],"y":[1]},"o":{"x":[0.167],"y":[0]},"t":122,"s":[100]},{"t":140,"s":[0]}]},"p":{"a":0,"k":[108.572,60.278,0]},"a":{"a":0,"k":[108.572,60.278,0]}},"ao":0,"shapes":[{"ty":"gr","it":[{"ind":0,"ty":"sh","ks":{"a":0,"k":{"i":[[-2.727,-6.33],[-7.068,3.045],[2.727,6.33],[7.068,-3.045]],"o":[[2.727,6.33],[7.068,-3.045],[-2.727,-6.33],[-7.068,3.045]],"v":[[107.219,64.874],[124.954,70.824],[132.813,53.849],[116.154,50.396]],"c":true}},"hd":false},{"ty":"fl","c":{"a":0,"k":[0.886274516582,0.023529412225,0.074509806931,1]},"o":{"a":0,"k":100},"r":1,"bm":0,"hd":false},{"ty":"tr","p":{"a":0,"k":[0,0]},"a":{"a":0,"k":[0,0]},"s":{"a":0,"k":[100,100]},"r":{"a":0,"k":0},"o":{"a":0,"k":4},"sk":{"a":0,"k":0},"sa":{"a":0,"k":0}}],"bm":0,"hd":false},{"ty":"gr","it":[{"ind":0,"ty":"sh","ks":{"a":0,"k":{"i":[[-4.226,-9.811],[-10.953,4.718],[4.226,9.811],[10.953,-4.718]],"o":[[4.226,9.811],[10.953,-4.718],[-4.226,-9.811],[-10.953,4.718]],"v":[[100.184,67.905],[127.669,77.126],[139.849,50.818],[113.439,44.094]],"c":true}},"hd":false},{"ty":"fl","c":{"a":0,"k":[0.886274516582,0.023529412225,0.074509806931,1]},"o":{"a":0,"k":100},"r":1,"bm":0,"hd":false},{"ty":"tr","p":{"a":0,"k":[0,0]},"a":{"a":0,"k":[0,0]},"s":{"a":0,"k":[100,100]},"r":{"a":0,"k":0},"o":{"a":0,"k":4},"sk":{"a":0,"k":0},"sa":{"a":0,"k":0}}],"bm":0,"hd":false},{"ty":"gr","it":[{"ind":0,"ty":"sh","ks":{"a":0,"k":{"i":[[-5.563,-12.914],[-14.418,6.211],[5.563,12.914],[14.418,-6.211]],"o":[[5.563,12.914],[14.418,-6.211],[-5.563,-12.914],[-14.418,6.211]],"v":[[93.91,70.608],[130.089,82.745],[146.123,48.116],[111.019,38.475]],"c":true}},"hd":false},{"ty":"fl","c":{"a":0,"k":[0.886274516582,0.023529412225,0.074509806931,1]},"o":{"a":0,"k":100},"r":1,"bm":0,"hd":false},{"ty":"tr","p":{"a":0,"k":[0,0]},"a":{"a":0,"k":[0,0]},"s":{"a":0,"k":[100,100]},"r":{"a":0,"k":0},"o":{"a":0,"k":4},"sk":{"a":0,"k":0},"sa":{"a":0,"k":0}}],"bm":0,"hd":false},{"ty":"gr","it":[{"ind":0,"ty":"sh","ks":{"a":0,"k":{"i":[[-7.667,-17.797],[-19.87,8.559],[7.667,17.797],[19.87,-8.559]],"o":[[7.667,17.797],[19.87,-8.559],[-7.667,-17.797],[-19.87,8.559]],"v":[[84.039,74.86],[133.898,91.587],[155.994,43.864],[107.21,29.633]],"c":true}},"hd":false},{"ty":"fl","c":{"a":0,"k":[0.886274516582,0.023529412225,0.074509806931,1]},"o":{"a":0,"k":100},"r":1,"bm":0,"hd":false},{"ty":"tr","p":{"a":0,"k":[0,0]},"a":{"a":0,"k":[0,0]},"s":{"a":0,"k":[100,100]},"r":{"a":0,"k":0},"o":{"a":0,"k":4},"sk":{"a":0,"k":0},"sa":{"a":0,"k":0}}],"bm":0,"hd":false},{"ty":"gr","it":[{"ind":0,"ty":"sh","ks":{"a":0,"k":{"i":[[-9.65,-22.401],[-25.009,10.773],[9.65,22.401],[25.009,-10.773]],"o":[[9.65,22.401],[25.009,-10.773],[-9.65,-22.401],[-25.009,10.773]],"v":[[74.733,78.869],[137.488,99.922],[165.299,39.855],[103.619,21.298]],"c":true}},"hd":false},{"ty":"fl","c":{"a":0,"k":[0.886274516582,0.023529412225,0.074509806931,1]},"o":{"a":0,"k":100},"r":1,"bm":0,"hd":false},{"ty":"tr","p":{"a":0,"k":[0,0]},"a":{"a":0,"k":[0,0]},"s":{"a":0,"k":[100,100]},"r":{"a":0,"k":0},"o":{"a":0,"k":4},"sk":{"a":0,"k":0},"sa":{"a":0,"k":0}}],"bm":0,"hd":false},{"ty":"gr","it":[{"ind":0,"ty":"sh","ks":{"a":0,"k":{"i":[[-0.55,-4.31],[12.6,-16.37],[0.01,0],[2.5,-1.08],[11.45,26.57],[-29.66,12.78],[-11.45,-26.57]],"o":[[-6.72,20],[0,0],[-2.28,1.33],[-29.67,12.78],[-11.45,-26.57],[29.67,-12.78],[1.79,4.15]],"v":[[177.213,48.967],[147.923,103.837],[147.913,103.847],[140.743,107.467],[66.303,82.497],[100.363,13.747],[173.733,36.227]],"c":true}},"hd":false},{"ty":"fl","c":{"a":0,"k":[0.886274516582,0.023529412225,0.074509806931,1]},"o":{"a":0,"k":100},"r":1,"bm":0,"hd":false},{"ty":"tr","p":{"a":0,"k":[0,0]},"a":{"a":0,"k":[0,0]},"s":{"a":0,"k":[100,100]},"r":{"a":0,"k":0},"o":{"a":0,"k":4},"sk":{"a":0,"k":0},"sa":{"a":0,"k":0}}],"bm":0,"hd":false},{"ty":"gr","it":[{"ind":0,"ty":"sh","ks":{"a":0,"k":{"i":[[-0.11,-0.29],[0.01,-0.01],[1.66,-4.95],[12.6,-16.37],[0.01,0],[3.77,-4.1],[12.21,28.37],[-33.81,14.57],[-13.05,-30.29]],"o":[[0,0],[-1.25,5.12],[-6.72,20],[0,0],[-3.4,4.42],[-32.05,10.44],[-13.05,-30.28],[33.81,-14.56],[0.12,0.28]],"v":[[181.583,33.847],[181.583,33.857],[177.213,48.967],[147.923,103.837],[147.913,103.847],[137.153,116.627],[58.803,85.727],[97.473,7.027],[181.233,32.997]],"c":true}},"hd":false},{"ty":"fl","c":{"a":0,"k":[0.886274516582,0.023529412225,0.074509806931,1]},"o":{"a":0,"k":100},"r":1,"bm":0,"hd":false},{"ty":"tr","p":{"a":0,"k":[0,0]},"a":{"a":0,"k":[0,0]},"s":{"a":0,"k":[100,100]},"r":{"a":0,"k":0},"o":{"a":0,"k":4},"sk":{"a":0,"k":0},"sa":{"a":0,"k":0}}],"bm":0,"hd":false},{"ty":"gr","it":[{"ind":0,"ty":"sh","ks":{"a":0,"k":{"i":[[-17.77,-27.13],[1.1,-4.44],[0.01,-0.01],[1.66,-4.95],[12.6,-16.37],[0.01,0],[3.77,-4.1],[3.67,-3.4],[12.2,28.33],[-38.26,16.49]],"o":[[-0.76,4.55],[0,0],[-1.25,5.12],[-6.72,20],[0,0],[-3.4,4.42],[-3.38,3.68],[-32.16,5.05],[-14.77,-34.27],[34.63,-14.91]],"v":[[184.373,20.357],[181.583,33.847],[181.583,33.857],[177.213,48.967],[147.923,103.837],[147.913,103.847],[137.153,116.627],[126.573,127.257],[50.733,89.207],[94.353,-0.203]],"c":true}},"hd":false},{"ty":"fl","c":{"a":0,"k":[0.886274516582,0.023529412225,0.074509806931,1]},"o":{"a":0,"k":100},"r":1,"bm":0,"hd":false},{"ty":"tr","p":{"a":0,"k":[0,0]},"a":{"a":0,"k":[0,0]},"s":{"a":0,"k":[100,100]},"r":{"a":0,"k":0},"o":{"a":0,"k":4},"sk":{"a":0,"k":0},"sa":{"a":0,"k":0}}],"bm":0,"hd":false},{"ty":"gr","it":[{"ind":0,"ty":"sh","ks":{"a":0,"k":{"i":[[-21.19,-24.45],[0,-0.01],[0.61,-3.63],[1.1,-4.44],[0.01,-0.01],[1.66,-4.95],[12.6,-16.37],[0.01,0],[3.77,-4.1],[3.67,-3.4],[3.19,-2.61],[0,0],[12.21,28.34],[-42.26,18.21]],"o":[[0,0],[-0.39,3.69],[-0.76,4.55],[0,0],[-1.25,5.12],[-6.72,20],[0,0],[-3.4,4.42],[-3.38,3.68],[-3.01,2.8],[0,0],[-31.88,1.37],[-16.3,-37.85],[35.13,-15.13]],"v":[[185.883,9.367],[185.883,9.377],[184.373,20.357],[181.583,33.847],[181.583,33.857],[177.213,48.967],[147.923,103.837],[147.913,103.847],[137.153,116.627],[126.573,127.257],[117.283,135.347],[117.273,135.347],[43.493,92.327],[91.563,-6.683]],"c":true}},"hd":false},{"ty":"fl","c":{"a":0,"k":[0.886274516582,0.023529412225,0.074509806931,1]},"o":{"a":0,"k":100},"r":1,"bm":0,"hd":false},{"ty":"tr","p":{"a":0,"k":[0,0]},"a":{"a":0,"k":[0,0]},"s":{"a":0,"k":[100,100]},"r":{"a":0,"k":0},"o":{"a":0,"k":4},"sk":{"a":0,"k":0},"sa":{"a":0,"k":0}}],"bm":0,"hd":false},{"ty":"gr","it":[{"ind":0,"ty":"sh","ks":{"a":0,"k":{"i":[[-23.84,-22.22],[0.38,-3.39],[0,-0.01],[0.61,-3.63],[1.1,-4.44],[0.01,-0.01],[1.66,-4.95],[12.6,-16.37],[0.01,0],[3.77,-4.1],[3.67,-3.4],[3.19,-2.61],[0,0],[3.11,-2.23],[12.22,28.36],[-46.21,19.91]],"o":[[-0.19,3.44],[0,0],[-0.39,3.69],[-0.76,4.55],[0,0],[-1.25,5.12],[-6.72,20],[0,0],[-3.4,4.42],[-3.38,3.68],[-3.01,2.8],[0,0],[-2.96,2.41],[-31.42,-1.56],[-17.83,-41.39],[35.66,-15.36]],"v":[[186.723,-0.863],[185.883,9.367],[185.883,9.377],[184.373,20.357],[181.583,33.847],[181.583,33.857],[177.213,48.967],[147.923,103.837],[147.913,103.847],[137.153,116.627],[126.573,127.257],[117.283,135.347],[117.273,135.347],[108.163,142.307],[36.303,95.287],[88.863,-12.963]],"c":true}},"hd":false},{"ty":"fl","c":{"a":0,"k":[0.886274516582,0.023529412225,0.074509806931,1]},"o":{"a":0,"k":100},"r":1,"bm":0,"hd":false},{"ty":"tr","p":{"a":0,"k":[0,0]},"a":{"a":0,"k":[0,0]},"s":{"a":0,"k":[100,100]},"r":{"a":0,"k":0},"o":{"a":0,"k":4},"sk":{"a":0,"k":0},"sa":{"a":0,"k":0}}],"bm":0,"hd":false}],"ip":0,"op":180,"st":0,"bm":0},{"ddd":0,"ind":18,"ty":4,"parent":5,"sr":1,"ks":{"r":{"a":1,"k":[{"i":{"x":[0.667],"y":[1]},"o":{"x":[0.333],"y":[0]},"t":0,"s":[0]},{"i":{"x":[0.667],"y":[1]},"o":{"x":[0.333],"y":[0]},"t":13,"s":[-9.8]},{"i":{"x":[0.667],"y":[1]},"o":{"x":[0.333],"y":[0]},"t":30,"s":[9.844]},{"i":{"x":[0.667],"y":[1]},"o":{"x":[0.44],"y":[0]},"t":55,"s":[-5]},{"i":{"x":[0.493],"y":[1]},"o":{"x":[0.333],"y":[0]},"t":79,"s":[0]},{"i":{"x":[0.667],"y":[1]},"o":{"x":[0.33],"y":[0]},"t":108,"s":[0]},{"i":{"x":[0.667],"y":[1]},"o":{"x":[0.417],"y":[0]},"t":122,"s":[4.935]},{"i":{"x":[0.389],"y":[1]},"o":{"x":[0.333],"y":[0]},"t":143,"s":[-5.94]},{"t":179,"s":[0]}]},"p":{"a":0,"k":[-1.873,-140.144,0]},"a":{"a":0,"k":[-1.873,-0.144,0]},"s":{"a":1,"k":[{"i":{"x":[0.667,0.667,0.667],"y":[1,1,1]},"o":{"x":[0.333,0.333,0.333],"y":[0,0,0]},"t":0,"s":[100,100,100]},{"i":{"x":[0.34,0.34,0.34],"y":[1,1,1]},"o":{"x":[0.333,0.333,0.333],"y":[0,0,0]},"t":12,"s":[110,90,100]},{"i":{"x":[0.667,0.667,0.667],"y":[1,1,1]},"o":{"x":[0.33,0.33,0.33],"y":[0,0,0]},"t":25,"s":[90,110,100]},{"i":{"x":[0.667,0.667,0.667],"y":[1,1,1]},"o":{"x":[0.333,0.333,0.333],"y":[0,0,0]},"t":44,"s":[105,95,100]},{"i":{"x":[0.34,0.34,0.34],"y":[1,1,1]},"o":{"x":[0.333,0.333,0.333],"y":[0,0,0]},"t":67,"s":[98,102,100]},{"i":{"x":[0.34,0.34,0.34],"y":[1,1,1]},"o":{"x":[0.167,0.167,0.167],"y":[0,0,0]},"t":90,"s":[100,100,100]},{"i":{"x":[0.667,0.667,0.667],"y":[1,1,1]},"o":{"x":[0.167,0.167,0.167],"y":[0,0,0]},"t":108,"s":[100,100,100]},{"i":{"x":[0.34,0.34,0.34],"y":[1,1,1]},"o":{"x":[0.333,0.333,0.333],"y":[0,0,0]},"t":117,"s":[105,95,100]},{"i":{"x":[0.12,0.12,0.12],"y":[1,1,1]},"o":{"x":[0.33,0.33,0.33],"y":[0,0,0]},"t":137,"s":[98,103,100]},{"t":180,"s":[100,100,100]}]}},"ao":0,"shapes":[{"ty":"gr","it":[{"ind":0,"ty":"sh","ks":{"a":0,"k":{"i":[[0,0],[-7.723,-1.278]],"o":[[0,0],[0,0]],"v":[[13.145,-184.179],[25.735,-182.641]],"c":false}},"hd":false},{"ty":"st","c":{"a":0,"k":[1,1,1,1]},"o":{"a":0,"k":100},"w":{"a":0,"k":6},"lc":2,"lj":2,"bm":0,"hd":false},{"ty":"tr","p":{"a":0,"k":[0,0]},"a":{"a":0,"k":[0,0]},"s":{"a":0,"k":[100,100]},"r":{"a":0,"k":0},"o":{"a":0,"k":100},"sk":{"a":0,"k":0},"sa":{"a":0,"k":0}}],"bm":0,"hd":false},{"ty":"gr","it":[{"ind":0,"ty":"sh","ks":{"a":0,"k":{"i":[[0,0],[-1.644,-0.406]],"o":[[1.538,0.335],[0,0]],"v":[[34.5,-180.96],[39.277,-179.849]],"c":false}},"hd":false},{"ty":"st","c":{"a":0,"k":[1,1,1,1]},"o":{"a":0,"k":100},"w":{"a":0,"k":6},"lc":2,"lj":2,"bm":0,"hd":false},{"ty":"tr","p":{"a":0,"k":[0,0]},"a":{"a":0,"k":[0,0]},"s":{"a":0,"k":[100,100]},"r":{"a":0,"k":0},"o":{"a":0,"k":100},"sk":{"a":0,"k":0},"sa":{"a":0,"k":0}}],"bm":0,"hd":false},{"ty":"gr","it":[{"ind":0,"ty":"sh","ks":{"a":0,"k":{"i":[[0,-72.643],[82.438,0],[0,72.643],[-82.438,0]],"o":[[0,72.643],[-82.438,0],[0,-72.643],[82.438,0]],"v":[[147.395,-53.647],[-1.873,-38.468],[-151.14,-53.647],[-1.873,-185.179]],"c":true}},"hd":false},{"ty":"fl","c":{"a":0,"k":[1,0.874509811401,0.474509805441,1]},"o":{"a":0,"k":100},"r":1,"bm":0,"hd":false},{"ty":"tr","p":{"a":0,"k":[0,0]},"a":{"a":0,"k":[0,0]},"s":{"a":0,"k":[100,100]},"r":{"a":0,"k":0},"o":{"a":0,"k":100},"sk":{"a":0,"k":0},"sa":{"a":0,"k":0}}],"bm":0,"hd":false},{"ty":"gr","it":[{"ind":0,"ty":"sh","ks":{"a":0,"k":{"i":[[1.457,-95.029],[92.978,1.425],[-1.457,95.028],[-92.978,-1.425]],"o":[[-1.457,95.029],[-92.978,-1.425],[1.457,-95.029],[92.978,1.425]],"v":[[166.534,-10.506],[-4.455,158.978],[-170.169,-15.666],[0.82,-185.15]],"c":true}},"hd":false},{"ty":"fl","c":{"a":0,"k":[1,0.819607853889,0.250980407,1]},"o":{"a":0,"k":100},"r":1,"bm":0,"hd":false},{"ty":"tr","p":{"a":0,"k":[0,0]},"a":{"a":0,"k":[0,0]},"s":{"a":0,"k":[100,100]},"r":{"a":0,"k":0},"o":{"a":0,"k":100},"sk":{"a":0,"k":0},"sa":{"a":0,"k":0}}],"bm":0,"hd":false},{"ty":"gr","it":[{"ind":0,"ty":"sh","ks":{"a":0,"k":{"i":[[0,-104.313],[104.313,0],[0,104.313],[-104.313,0]],"o":[[0,104.313],[-104.313,0],[0,-104.313],[104.313,0]],"v":[[187.003,-11.218],[-1.873,177.657],[-190.748,-11.218],[-1.873,-200.094]],"c":true}},"hd":false},{"ty":"st","c":{"a":0,"k":[0.96862745285,0.494117647409,0.254901975393,1]},"o":{"a":0,"k":100},"w":{"a":0,"k":8},"lc":1,"lj":1,"ml":10,"bm":0,"hd":false},{"ty":"fl","c":{"a":0,"k":[1,0.694117665291,0.223529413342,1]},"o":{"a":0,"k":100},"r":1,"bm":0,"hd":false},{"ty":"tr","p":{"a":0,"k":[0,0]},"a":{"a":0,"k":[0,0]},"s":{"a":0,"k":[100,100]},"r":{"a":0,"k":0},"o":{"a":0,"k":100},"sk":{"a":0,"k":0},"sa":{"a":0,"k":0}}],"bm":0,"hd":false},{"ty":"gr","it":[{"ind":0,"ty":"sh","ks":{"a":0,"k":{"i":[[0,-108.261],[108.261,0],[0,108.261],[-108.261,0]],"o":[[0,108.261],[-108.261,0],[0,-108.261],[108.261,0]],"v":[[194.152,3.782],[-1.873,199.806],[-197.897,3.782],[-1.873,-192.243]],"c":true}},"hd":false},{"ty":"fl","c":{"a":0,"k":[0,0,0,1]},"o":{"a":0,"k":100},"r":1,"bm":0,"hd":false},{"ty":"tr","p":{"a":0,"k":[0,0]},"a":{"a":0,"k":[0,0]},"s":{"a":0,"k":[100,100]},"r":{"a":0,"k":0},"o":{"a":0,"k":10},"sk":{"a":0,"k":0},"sa":{"a":0,"k":0}}],"bm":0,"hd":false}],"ip":0,"op":180,"st":0,"bm":0}]}],"layers":[{"ddd":0,"ind":1,"ty":0,"refId":"comp_0","sr":1,"ks":{"p":{"a":0,"k":[224,240,0]},"a":{"a":0,"k":[224,240,0]}},"ao":0,"w":448,"h":480,"ip":0,"op":101,"st":-79,"bm":0},{"ddd":0,"ind":2,"ty":0,"refId":"comp_0","sr":1,"ks":{"p":{"a":0,"k":[224,240,0]},"a":{"a":0,"k":[224,240,0]}},"ao":0,"w":448,"h":480,"ip":101,"op":180,"st":101,"bm":0}]}