{"tgs":1,"v":"5.5.2","fr":60,"ip":0,"op":180,"w":432,"h":448,"nm":"meh 432x448","ddd":0,"assets":[],"layers":[{"ddd":0,"ind":1,"ty":3,"sr":1,"ks":{"o":{"a":0,"k":0},"p":{"a":0,"k":[216,233,0]}},"ao":0,"ip":0,"op":180,"st":0,"bm":0},{"ddd":0,"ind":2,"ty":3,"parent":1,"sr":1,"ks":{"o":{"a":0,"k":0},"p":{"a":1,"k":[{"i":{"x":0.667,"y":1},"o":{"x":0.333,"y":0},"t":0,"s":[0,0,0],"to":[0,0,0],"ti":[0,0,0]},{"i":{"x":0.14,"y":1},"o":{"x":0.333,"y":0},"t":31,"s":[0,-20,0],"to":[0,0,0],"ti":[0,0,0]},{"i":{"x":0.14,"y":0.14},"o":{"x":0.43,"y":0.43},"t":64.289,"s":[0,0,0],"to":[0,0,0],"ti":[0,0,0]},{"i":{"x":0.34,"y":1},"o":{"x":0.63,"y":0},"t":75.908,"s":[0,0,0],"to":[0,0,0],"ti":[0,0,0]},{"i":{"x":0.34,"y":1},"o":{"x":0.33,"y":0},"t":103,"s":[0,-20,0],"to":[0,0,0],"ti":[0,0,0]},{"t":180,"s":[0,0,0]}]},"s":{"a":1,"k":[{"i":{"x":[0.667,0.667,0.667],"y":[1,1,1]},"o":{"x":[0.333,0.333,0.333],"y":[0,0,0]},"t":0,"s":[100,100,100]},{"i":{"x":[0.667,0.667,0.667],"y":[1,1,1]},"o":{"x":[0.333,0.333,0.333],"y":[0,0,0]},"t":19,"s":[105,95,100]},{"i":{"x":[0.34,0.34,0.34],"y":[1,1,1]},"o":{"x":[0.333,0.333,0.333],"y":[0,0,0]},"t":39,"s":[95,105,100]},{"i":{"x":[0.34,0.34,0.34],"y":[1,1,1]},"o":{"x":[0.33,0.33,0.33],"y":[0,0,0]},"t":63.65,"s":[100,100,100]},{"i":{"x":[0.667,0.667,0.667],"y":[1,1,1]},"o":{"x":[0.33,0.33,0.33],"y":[0,0,0]},"t":73.699,"s":[100,100,100]},{"i":{"x":[0.34,0.34,0.34],"y":[1,1,1]},"o":{"x":[0.333,0.333,0.333],"y":[0,0,0]},"t":99.125,"s":[95,105,100]},{"t":137.474609375,"s":[100,100,100]}]}},"ao":0,"ip":0,"op":180,"st":0,"bm":0},{"ddd":0,"ind":3,"ty":3,"parent":9,"sr":1,"ks":{"o":{"a":0,"k":0},"r":{"a":1,"k":[{"i":{"x":[0.14],"y":[1]},"o":{"x":[0.333],"y":[0]},"t":0,"s":[0]},{"i":{"x":[0.14],"y":[1]},"o":{"x":[0.43],"y":[0]},"t":37.025,"s":[7.42]},{"i":{"x":[0.14],"y":[1]},"o":{"x":[0.43],"y":[0]},"t":50,"s":[7.42]},{"i":{"x":[0.34],"y":[1]},"o":{"x":[0.43],"y":[0]},"t":73.584,"s":[7.42]},{"t":125.96875,"s":[0]}]},"p":{"a":1,"k":[{"i":{"x":0.667,"y":1},"o":{"x":0.333,"y":0},"t":0,"s":[0,0,0],"to":[0,0,0],"ti":[0,0,0]},{"i":{"x":0.14,"y":1},"o":{"x":0.333,"y":0},"t":18.197,"s":[0,-20,0],"to":[0,0,0],"ti":[0,0,0]},{"i":{"x":0.14,"y":0.14},"o":{"x":0.43,"y":0.43},"t":50,"s":[0,0,0],"to":[0,0,0],"ti":[0,0,0]},{"i":{"x":0.34,"y":1},"o":{"x":0.63,"y":0},"t":73.584,"s":[0,0,0],"to":[0,0,0],"ti":[0,0,0]},{"i":{"x":0.34,"y":1},"o":{"x":0.33,"y":0},"t":100,"s":[4,-28,0],"to":[0,0,0],"ti":[0,0,0]},{"t":143,"s":[0,0,0]}]}},"ao":0,"ip":0,"op":180,"st":0,"bm":0},{"ddd":0,"ind":4,"ty":4,"parent":3,"sr":1,"ks":{"r":{"a":1,"k":[{"i":{"x":[0.14],"y":[1]},"o":{"x":[0.43],"y":[0]},"t":0,"s":[0]},{"i":{"x":[0.667],"y":[1]},"o":{"x":[0.333],"y":[0]},"t":44,"s":[-1.85]},{"i":{"x":[0],"y":[1]},"o":{"x":[0.333],"y":[0]},"t":56,"s":[-3.168]},{"i":{"x":[0.14],"y":[1]},"o":{"x":[0.333],"y":[0]},"t":74,"s":[0.136]},{"i":{"x":[0.667],"y":[1]},"o":{"x":[0.33],"y":[0]},"t":88,"s":[2.869]},{"t":124.265625,"s":[0]}]},"p":{"a":1,"k":[{"i":{"x":0.14,"y":1},"o":{"x":0.43,"y":0},"t":0,"s":[-116.073,-44.203,0],"to":[0,0,0],"ti":[0,0,0]},{"i":{"x":0.667,"y":1},"o":{"x":0.333,"y":0},"t":43.928,"s":[-121.67,-59.875,0],"to":[0,0,0],"ti":[0,0,0]},{"i":{"x":0.14,"y":1},"o":{"x":0.333,"y":0},"t":56,"s":[-116.975,-39.309,0],"to":[0,0,0],"ti":[0,0,0]},{"i":{"x":0.14,"y":1},"o":{"x":0.333,"y":0},"t":74,"s":[-121.67,-59.875,0],"to":[0,0,0],"ti":[0,0,0]},{"i":{"x":0.667,"y":1},"o":{"x":0.33,"y":0},"t":88,"s":[-120.806,-59.91,0],"to":[0,0,0],"ti":[0,0,0]},{"t":124.265625,"s":[-116.073,-44.203,0]}]},"a":{"a":0,"k":[-116.073,-44.203,0]}},"ao":0,"shapes":[{"ty":"gr","it":[{"ind":0,"ty":"sh","ks":{"a":0,"k":{"i":[[-4.11,1.55],[-0.13,0.06],[-14.75,9.84],[-20.83,-7.2],[-1.56,-2.44],[10.35,3.58],[12.41,-8.27]],"o":[[0.13,-0.05],[2.01,-8.27],[12.41,-8.27],[6.85,2.37],[0.55,-3.02],[-20.83,-7.2],[-19.28,12.86]],"v":[[-161.128,-18.963],[-160.748,-19.133],[-134.068,-57.473],[-82.378,-63.903],[-70.248,-56.373],[-83.238,-67.333],[-134.928,-60.903]],"c":true}},"hd":false},{"ty":"fl","c":{"a":0,"k":[0.419607847929,0.1254902035,0,1]},"o":{"a":0,"k":100},"r":1,"bm":0,"hd":false},{"ty":"tr","p":{"a":0,"k":[0,0]},"a":{"a":0,"k":[0,0]},"s":{"a":0,"k":[100,100]},"r":{"a":0,"k":0},"o":{"a":0,"k":100},"sk":{"a":0,"k":0},"sa":{"a":0,"k":0}}],"bm":0,"hd":false},{"ty":"gr","it":[{"ind":0,"ty":"sh","ks":{"a":0,"k":{"i":[[-19.286,12.857],[-20.829,-7.2],[9.359,3.747],[18.771,-14.886],[4.114,-1.543]],"o":[[12.406,-8.27],[20.829,7.2],[-15.914,-6.371],[-18.69,14.821],[-4.114,1.543]],"v":[[-134.925,-60.902],[-83.239,-67.33],[-79.925,-53.502],[-137.496,-47.302],[-161.125,-18.959]],"c":true}},"hd":false},{"ty":"fl","c":{"a":0,"k":[0.525490224361,0.247058823705,0.078431375325,1]},"o":{"a":0,"k":100},"r":1,"bm":0,"hd":false},{"ty":"tr","p":{"a":0,"k":[0,0]},"a":{"a":0,"k":[0,0]},"s":{"a":0,"k":[100,100]},"r":{"a":0,"k":0},"o":{"a":0,"k":100},"sk":{"a":0,"k":0},"sa":{"a":0,"k":0}}],"bm":0,"hd":false},{"ty":"gr","it":[{"ind":0,"ty":"sh","ks":{"a":0,"k":{"i":[[-19.286,12.857],[-20.971,-6.775],[9.359,3.747],[18.771,-14.886],[4.169,-1.39]],"o":[[12.406,-8.27],[19.453,6.285],[-15.914,-6.371],[-18.69,14.821],[-6.943,2.314]],"v":[[-134.925,-57.816],[-82.12,-66.929],[-79.925,-50.416],[-137.496,-44.216],[-160.125,-17.83]],"c":true}},"hd":false},{"ty":"fl","c":{"a":0,"k":[1,0.886274516582,0.65098041296,1]},"o":{"a":0,"k":100},"r":1,"bm":0,"hd":false},{"ty":"tr","p":{"a":0,"k":[0,0]},"a":{"a":0,"k":[0,0]},"s":{"a":0,"k":[100,100]},"r":{"a":0,"k":0},"o":{"a":0,"k":100},"sk":{"a":0,"k":0},"sa":{"a":0,"k":0}}],"bm":0,"hd":false}],"ip":0,"op":180,"st":0,"bm":0},{"ddd":0,"ind":5,"ty":4,"parent":3,"sr":1,"ks":{"p":{"a":1,"k":[{"i":{"x":0.14,"y":1},"o":{"x":0.43,"y":0},"t":0,"s":[115.87,-44.203,0],"to":[0,0,0],"ti":[0,0,0]},{"i":{"x":0.667,"y":1},"o":{"x":0.333,"y":0},"t":43.928,"s":[115.87,-54.203,0],"to":[0,0,0],"ti":[0,0,0]},{"i":{"x":0,"y":1},"o":{"x":0.333,"y":0},"t":56,"s":[114.445,-41.916,0],"to":[0,0,0],"ti":[0,0,0]},{"i":{"x":0.14,"y":0.14},"o":{"x":0.333,"y":0.333},"t":73.584,"s":[115.87,-54.203,0],"to":[0,0,0],"ti":[0,0,0]},{"i":{"x":0.667,"y":1},"o":{"x":0.33,"y":0},"t":88,"s":[115.87,-54.203,0],"to":[0,0,0],"ti":[0,0,0]},{"t":124.265625,"s":[115.87,-44.203,0]}]},"a":{"a":0,"k":[115.87,-44.203,0]}},"ao":0,"shapes":[{"ty":"gr","it":[{"ind":0,"ty":"sh","ks":{"a":0,"k":{"i":[[4.11,1.55],[0.13,0.06],[14.75,9.84],[20.83,-7.2],[1.56,-2.44],[-10.35,3.58],[-12.41,-8.27]],"o":[[-0.13,-0.05],[-2.01,-8.27],[-12.41,-8.27],[-6.85,2.37],[-0.55,-3.02],[20.83,-7.2],[19.28,12.86]],"v":[[160.925,-18.963],[160.545,-19.133],[133.865,-57.473],[82.175,-63.903],[70.045,-56.373],[83.035,-67.333],[134.725,-60.903]],"c":true}},"hd":false},{"ty":"fl","c":{"a":0,"k":[0.419607847929,0.1254902035,0,1]},"o":{"a":0,"k":100},"r":1,"bm":0,"hd":false},{"ty":"tr","p":{"a":0,"k":[0,0]},"a":{"a":0,"k":[0,0]},"s":{"a":0,"k":[100,100]},"r":{"a":0,"k":0},"o":{"a":0,"k":100},"sk":{"a":0,"k":0},"sa":{"a":0,"k":0}}],"bm":0,"hd":false},{"ty":"gr","it":[{"ind":0,"ty":"sh","ks":{"a":0,"k":{"i":[[19.286,12.857],[20.829,-7.2],[-9.359,3.747],[-18.771,-14.886],[-4.114,-1.543]],"o":[[-12.406,-8.27],[-20.829,7.2],[15.914,-6.371],[18.69,14.821],[4.114,1.543]],"v":[[134.722,-60.902],[83.036,-67.33],[79.722,-53.502],[137.294,-47.302],[160.922,-18.959]],"c":true}},"hd":false},{"ty":"fl","c":{"a":0,"k":[0.525490224361,0.247058823705,0.078431375325,1]},"o":{"a":0,"k":100},"r":1,"bm":0,"hd":false},{"ty":"tr","p":{"a":0,"k":[0,0]},"a":{"a":0,"k":[0,0]},"s":{"a":0,"k":[100,100]},"r":{"a":0,"k":0},"o":{"a":0,"k":100},"sk":{"a":0,"k":0},"sa":{"a":0,"k":0}}],"bm":0,"hd":false},{"ty":"gr","it":[{"ind":0,"ty":"sh","ks":{"a":0,"k":{"i":[[19.286,12.857],[20.971,-6.775],[-9.359,3.747],[-18.771,-14.886],[-4.169,-1.39]],"o":[[-12.406,-8.27],[-19.453,6.285],[15.914,-6.371],[18.69,14.821],[6.943,2.314]],"v":[[134.722,-57.816],[81.918,-66.929],[79.722,-50.416],[137.294,-44.216],[159.922,-17.83]],"c":true}},"hd":false},{"ty":"fl","c":{"a":0,"k":[1,0.886274516582,0.65098041296,1]},"o":{"a":0,"k":100},"r":1,"bm":0,"hd":false},{"ty":"tr","p":{"a":0,"k":[0,0]},"a":{"a":0,"k":[0,0]},"s":{"a":0,"k":[100,100]},"r":{"a":0,"k":0},"o":{"a":0,"k":100},"sk":{"a":0,"k":0},"sa":{"a":0,"k":0}}],"bm":0,"hd":false}],"ip":0,"op":180,"st":0,"bm":0},{"ddd":0,"ind":6,"ty":4,"parent":3,"sr":1,"ks":{"p":{"a":0,"k":[-0.101,102.876,0]},"a":{"a":0,"k":[-0.101,102.876,0]}},"ao":0,"shapes":[{"ty":"gr","it":[{"ind":0,"ty":"sh","ks":{"a":1,"k":[{"i":{"x":0.667,"y":1},"o":{"x":0.33,"y":0},"t":6.275,"s":[{"i":[[2.63,-1.93],[5.86,6.29],[14.71,0],[11.33,-12.17],[1.54,-4.26],[-9.86,10.6],[-14.74,0],[-11.32,-12.17]],"o":[[-1.54,-4.26],[-11.32,-12.17],[-14.74,0],[-5.85,6.29],[-2.63,-1.93],[11.33,-12.17],[14.71,0],[9.86,10.6]],"v":[[52.706,125.797],[41.546,109.227],[-0.104,88.337],[-41.764,109.227],[-52.914,125.797],[-41.764,103.437],[-0.104,81.557],[41.546,103.437]],"c":true}]},{"i":{"x":0.667,"y":1},"o":{"x":0.333,"y":0},"t":25,"s":[{"i":[[2.493,-1.23],[6.185,2.167],[14.71,0],[11.327,-5.686],[1.54,-1.989],[-9.862,4.946],[-14.74,0],[-11.954,-4.188]],"o":[[-1.782,-1.776],[-11.953,-4.188],[-14.74,0],[-5.85,2.937],[-2.63,-0.901],[11.33,-5.682],[14.71,0],[10.412,3.648]],"v":[[53.943,91.125],[41.886,84.88],[-0.104,79.449],[-41.764,89.202],[-52.914,96.938],[-41.764,86.499],[-0.104,76.284],[41.54,82.199]],"c":true}]},{"i":{"x":0.667,"y":1},"o":{"x":0.333,"y":0},"t":79,"s":[{"i":[[2.493,-1.23],[6.185,2.167],[14.71,0],[11.327,-5.686],[1.54,-1.989],[-9.862,4.946],[-14.74,0],[-11.954,-4.188]],"o":[[-1.782,-1.776],[-11.953,-4.188],[-14.74,0],[-5.85,2.937],[-2.63,-0.901],[11.33,-5.682],[14.71,0],[10.412,3.648]],"v":[[53.943,91.125],[41.886,84.88],[-0.104,79.449],[-41.764,89.202],[-52.914,96.938],[-41.764,86.499],[-0.104,76.284],[41.54,82.199]],"c":true}]},{"i":{"x":0.667,"y":1},"o":{"x":0.333,"y":0},"t":96,"s":[{"i":[[2.63,-2.31],[5.854,7.533],[14.71,0],[11.323,-14.571],[1.54,-5.099],[-9.865,12.683],[-14.74,0],[-11.32,-14.566]],"o":[[-1.54,-5.099],[-11.32,-14.566],[-14.74,0],[-5.85,7.528],[-2.63,-2.31],[11.33,-14.566],[14.71,0],[9.86,12.687]],"v":[[52.706,124.632],[41.546,104.8],[-0.104,79.798],[-41.764,104.8],[-52.914,124.632],[-41.764,97.87],[-0.104,71.683],[41.546,97.87]],"c":true}]},{"t":118,"s":[{"i":[[2.63,-1.93],[5.86,6.29],[14.71,0],[11.33,-12.17],[1.54,-4.26],[-9.86,10.6],[-14.74,0],[-11.32,-12.17]],"o":[[-1.54,-4.26],[-11.32,-12.17],[-14.74,0],[-5.85,6.29],[-2.63,-1.93],[11.33,-12.17],[14.71,0],[9.86,10.6]],"v":[[52.706,125.797],[41.546,109.227],[-0.104,88.337],[-41.764,109.227],[-52.914,125.797],[-41.764,103.437],[-0.104,81.557],[41.546,103.437]],"c":true}]}]},"hd":false},{"ty":"fl","c":{"a":0,"k":[0.419607847929,0.1254902035,0,1]},"o":{"a":0,"k":100},"r":1,"bm":0,"hd":false},{"ty":"tr","p":{"a":0,"k":[0,0]},"a":{"a":0,"k":[0,0]},"s":{"a":0,"k":[100,100]},"r":{"a":0,"k":0},"o":{"a":0,"k":100},"sk":{"a":0,"k":0},"sa":{"a":0,"k":0}}],"bm":0,"hd":false},{"ty":"gr","it":[{"ind":0,"ty":"sh","ks":{"a":1,"k":[{"i":{"x":0.667,"y":1},"o":{"x":0.33,"y":0},"t":6.275,"s":[{"i":[[10.286,11.057],[14.71,0],[11.325,-12.174],[-3.343,-1.286],[-29.898,0.322],[-4.198,1.615]],"o":[[-11.325,-12.174],[-14.733,0],[-10.286,11.057],[4.198,1.615],[29.898,0.322],[3.343,-1.286]],"v":[[41.55,103.441],[-0.107,81.555],[-41.764,103.441],[-52.535,126.013],[-0.107,108.555],[52.322,126.013]],"c":true}]},{"i":{"x":0.667,"y":1},"o":{"x":0.333,"y":0},"t":25,"s":[{"i":[[10.861,3.805],[14.71,0],[11.325,-5.684],[-3.343,-0.6],[-29.898,0.15],[-4.068,1.284]],"o":[[-11.958,-4.189],[-14.733,0],[-10.286,5.162],[4.198,0.754],[29.898,0.15],[3.239,-1.023]],"v":[[41.545,82.2],[-0.107,76.283],[-41.764,86.501],[-52.535,97.038],[-0.127,89.817],[53.575,91.274]],"c":true}]},{"i":{"x":0.667,"y":1},"o":{"x":0.333,"y":0},"t":79,"s":[{"i":[[10.861,3.805],[14.71,0],[11.325,-5.684],[-3.343,-0.6],[-29.898,0.15],[-4.068,1.284]],"o":[[-11.958,-4.189],[-14.733,0],[-10.286,5.162],[4.198,0.754],[29.898,0.15],[3.239,-1.023]],"v":[[41.545,82.2],[-0.107,76.283],[-41.764,86.501],[-52.535,97.038],[-0.127,89.817],[53.575,91.274]],"c":true}]},{"i":{"x":0.667,"y":1},"o":{"x":0.333,"y":0},"t":96,"s":[{"i":[[10.286,13.234],[14.71,0],[11.325,-14.571],[-3.343,-1.539],[-29.898,0.385],[-4.198,1.933]],"o":[[-11.325,-14.571],[-14.733,0],[-10.286,13.234],[4.198,1.933],[29.898,0.385],[3.343,-1.539]],"v":[[41.55,97.875],[-0.107,71.681],[-41.764,97.875],[-52.535,124.89],[-0.214,114.997],[52.322,124.89]],"c":true}]},{"t":118,"s":[{"i":[[10.286,11.057],[14.71,0],[11.325,-12.174],[-3.343,-1.286],[-29.898,0.322],[-4.198,1.615]],"o":[[-11.325,-12.174],[-14.733,0],[-10.286,11.057],[4.198,1.615],[29.898,0.322],[3.343,-1.286]],"v":[[41.55,103.441],[-0.107,81.555],[-41.764,103.441],[-52.535,126.013],[-0.107,108.555],[52.322,126.013]],"c":true}]}]},"hd":false},{"ty":"fl","c":{"a":0,"k":[0.525490224361,0.247058823705,0.078431375325,1]},"o":{"a":0,"k":100},"r":1,"bm":0,"hd":false},{"ty":"tr","p":{"a":0,"k":[0,0]},"a":{"a":0,"k":[0,0]},"s":{"a":0,"k":[100,100]},"r":{"a":0,"k":0},"o":{"a":0,"k":100},"sk":{"a":0,"k":0},"sa":{"a":0,"k":0}}],"bm":0,"hd":false},{"ty":"gr","it":[{"ind":0,"ty":"sh","ks":{"a":1,"k":[{"i":{"x":0.667,"y":1},"o":{"x":0.33,"y":0},"t":6.275,"s":[{"i":[[10.286,11.057],[14.71,0],[11.325,-12.174],[-3.343,-1.286],[-29.898,0.322],[-4.198,1.615]],"o":[[-11.325,-12.174],[-14.733,0],[-10.286,11.057],[4.198,1.615],[29.898,0.322],[3.343,-1.286]],"v":[[41.55,97.441],[-0.107,75.555],[-41.764,97.441],[-52.535,126.111],[-0.107,103.555],[52.322,126.111]],"c":true}]},{"i":{"x":0.667,"y":1},"o":{"x":0.333,"y":0},"t":25,"s":[{"i":[[10.861,3.805],[14.71,0],[11.325,-5.684],[-3.343,-0.6],[-29.898,0.15],[-4.068,1.284]],"o":[[-11.958,-4.189],[-14.733,0],[-10.286,5.162],[4.198,0.754],[29.898,0.15],[3.239,-1.023]],"v":[[41.187,79.422],[-0.107,73.482],[-41.764,83.7],[-52.535,97.084],[-0.127,87.483],[53.581,91.32]],"c":true}]},{"i":{"x":0.667,"y":1},"o":{"x":0.333,"y":0},"t":79,"s":[{"i":[[10.861,3.805],[14.71,0],[11.325,-5.684],[-3.343,-0.6],[-29.898,0.15],[-4.068,1.284]],"o":[[-11.958,-4.189],[-14.733,0],[-10.286,5.162],[4.198,0.754],[29.898,0.15],[3.239,-1.023]],"v":[[41.187,79.422],[-0.107,73.482],[-41.764,83.7],[-52.535,97.084],[-0.127,87.483],[53.581,91.32]],"c":true}]},{"i":{"x":0.667,"y":1},"o":{"x":0.333,"y":0},"t":96,"s":[{"i":[[10.286,13.234],[14.71,0],[11.325,-14.571],[-3.343,-1.539],[-29.898,0.385],[-4.198,1.933]],"o":[[-11.325,-14.571],[-14.733,0],[-10.286,13.234],[4.198,1.933],[29.898,0.385],[3.343,-1.539]],"v":[[41.55,90.694],[-0.107,64.5],[-41.764,90.694],[-52.535,125.008],[-0.214,109.012],[52.322,125.008]],"c":true}]},{"t":118,"s":[{"i":[[10.286,11.057],[14.71,0],[11.325,-12.174],[-3.343,-1.286],[-29.898,0.322],[-4.198,1.615]],"o":[[-11.325,-12.174],[-14.733,0],[-10.286,11.057],[4.198,1.615],[29.898,0.322],[3.343,-1.286]],"v":[[41.55,97.441],[-0.107,75.555],[-41.764,97.441],[-52.535,126.111],[-0.107,103.555],[52.322,126.111]],"c":true}]}]},"hd":false},{"ty":"fl","c":{"a":0,"k":[1,0.694117665291,0.223529413342,1]},"o":{"a":0,"k":100},"r":1,"bm":0,"hd":false},{"ty":"tr","p":{"a":0,"k":[0,0]},"a":{"a":0,"k":[0,0]},"s":{"a":0,"k":[100,100]},"r":{"a":0,"k":0},"o":{"a":0,"k":60},"sk":{"a":0,"k":0},"sa":{"a":0,"k":0}}],"bm":0,"hd":false},{"ty":"gr","it":[{"ind":0,"ty":"sh","ks":{"a":1,"k":[{"i":{"x":0.667,"y":1},"o":{"x":0.33,"y":0},"t":6.275,"s":[{"i":[[10.286,11.057],[14.71,0],[11.325,-12.174],[-3.343,-1.286],[-29.898,0.322],[-4.198,1.615]],"o":[[-11.325,-12.174],[-14.733,0],[-10.286,11.057],[4.198,1.615],[29.898,0.322],[3.343,-1.286]],"v":[[44.624,107.527],[-0.107,85.641],[-44.797,107.527],[-52.535,130.098],[-0.107,112.641],[52.322,130.098]],"c":true}]},{"i":{"x":0.667,"y":1},"o":{"x":0.333,"y":0},"t":25,"s":[{"i":[[10.861,3.805],[14.71,0],[11.325,-5.684],[-3.343,-0.6],[-29.898,0.15],[-4.068,1.284]],"o":[[-11.958,-4.189],[-14.733,0],[-10.286,5.162],[4.198,0.754],[29.898,0.15],[3.239,-1.023]],"v":[[44.838,83.699],[-0.107,78.191],[-44.797,88.408],[-52.535,98.946],[-0.127,91.725],[53.819,93.166]],"c":true}]},{"i":{"x":0.667,"y":1},"o":{"x":0.333,"y":0},"t":79,"s":[{"i":[[10.861,3.805],[14.71,0],[11.325,-5.684],[-3.343,-0.6],[-29.898,0.15],[-4.068,1.284]],"o":[[-11.958,-4.189],[-14.733,0],[-10.286,5.162],[4.198,0.754],[29.898,0.15],[3.239,-1.023]],"v":[[44.838,83.699],[-0.107,78.191],[-44.797,88.408],[-52.535,98.946],[-0.127,91.725],[53.819,93.166]],"c":true}]},{"i":{"x":0.667,"y":1},"o":{"x":0.333,"y":0},"t":96,"s":[{"i":[[10.286,13.234],[14.71,0],[11.325,-14.571],[-3.343,-1.539],[-29.898,0.385],[-4.198,1.933]],"o":[[-11.325,-14.571],[-14.733,0],[-10.286,13.234],[4.198,1.933],[29.898,0.385],[3.343,-1.539]],"v":[[44.624,102.766],[-0.107,76.571],[-44.797,102.766],[-52.535,129.78],[-0.214,119.887],[52.322,129.78]],"c":true}]},{"t":118,"s":[{"i":[[10.286,11.057],[14.71,0],[11.325,-12.174],[-3.343,-1.286],[-29.898,0.322],[-4.198,1.615]],"o":[[-11.325,-12.174],[-14.733,0],[-10.286,11.057],[4.198,1.615],[29.898,0.322],[3.343,-1.286]],"v":[[44.624,107.527],[-0.107,85.641],[-44.797,107.527],[-52.535,130.098],[-0.107,112.641],[52.322,130.098]],"c":true}]}]},"hd":false},{"ty":"fl","c":{"a":0,"k":[1,0.886274516582,0.65098041296,1]},"o":{"a":0,"k":100},"r":1,"bm":0,"hd":false},{"ty":"tr","p":{"a":0,"k":[0,0]},"a":{"a":0,"k":[0,0]},"s":{"a":0,"k":[100,100]},"r":{"a":0,"k":0},"o":{"a":0,"k":100},"sk":{"a":0,"k":0},"sa":{"a":0,"k":0}}],"bm":0,"hd":false}],"ip":0,"op":180,"st":0,"bm":0},{"ddd":0,"ind":7,"ty":4,"parent":3,"sr":1,"ks":{"p":{"a":0,"k":[-88.016,14.496,0]},"a":{"a":0,"k":[84.984,14.496,0]}},"ao":0,"shapes":[{"ty":"gr","it":[{"ind":0,"ty":"sh","ks":{"a":1,"k":[{"i":{"x":0.34,"y":1},"o":{"x":0.33,"y":0},"t":0,"s":[{"i":[[1.238,-2.471],[2.058,4.076],[4.131,2.339],[13.78,-8.04],[0.78,-1.42],[0.09,0.3],[-5.82,3.4],[-17.43,-9.87],[0.361,-6.671]],"o":[[1.249,-4.323],[-1.599,-3.166],[-17.13,-9.7],[-3.23,1.89],[-0.2,-0.23],[-0.51,-1.74],[14.02,-8.19],[7.781,4.406],[-0.154,2.837]],"v":[[123.525,21.819],[122.562,8.904],[114.085,0.499],[51.435,9.069],[45.715,13.089],[45.285,12.289],[51.545,4.349],[115.295,-4.381],[125.671,13.741]],"c":true}]},{"i":{"x":0.34,"y":1},"o":{"x":0.33,"y":0},"t":18.826,"s":[{"i":[[14.475,-4.338],[0.145,1.206],[18.649,7.918],[14.59,-6.455],[0.935,-1.323],[0.054,0.308],[-6.166,2.723],[-16.782,-6.4],[0.316,-1.7]],"o":[[8.6,-7.462],[0.264,-0.666],[-15.931,-6.764],[-3.422,1.514],[-0.173,-0.251],[-0.311,-1.786],[14.853,-6.559],[18.897,11.551],[-0.946,1.911]],"v":[[90.775,26.221],[104.986,6.072],[115.163,1.77],[51.947,5.068],[45.81,8.418],[45.473,7.575],[52.588,0.39],[116.915,-0.988],[105.246,6.357]],"c":true}]},{"i":{"x":0.667,"y":1},"o":{"x":0.218,"y":0},"t":43.928,"s":[{"i":[[14.475,-4.338],[0.145,1.206],[18.649,7.918],[25.178,-14.555],[0.935,-1.323],[0.054,0.308],[-8.395,4.622],[-16.782,-6.4],[0.316,-1.7]],"o":[[8.6,-7.462],[0.264,-0.666],[-15.931,-6.764],[-3.24,1.873],[-0.173,-0.251],[-0.311,-1.786],[20.222,-11.134],[18.897,11.551],[-0.946,1.911]],"v":[[90.775,26.221],[104.986,6.072],[115.163,1.77],[52.322,3.693],[45.81,8.418],[45.473,7.575],[56.117,-1.682],[116.915,-0.988],[105.246,6.357]],"c":true}]},{"i":{"x":0.667,"y":1},"o":{"x":0.333,"y":0},"t":56,"s":[{"i":[[12.187,-5.114],[0.196,0.012],[15.695,-7.955],[23.751,-1.942],[1.05,-0.482],[-0.022,0.174],[-7.869,0.527],[-13.85,7.431],[0.078,-0.322]],"o":[[7.082,-2.796],[0.126,-0.208],[-13.407,6.795],[-3.056,0.25],[-0.088,-0.17],[0.129,-1.006],[18.956,-1.268],[17.234,-6.733],[-0.491,0.709]],"v":[[95.882,19.313],[107.713,14.253],[112.928,6.569],[59.67,20.015],[53.321,21.021],[53.226,20.503],[63.933,18.056],[113.082,4.504],[107.913,14.123]],"c":true}]},{"i":{"x":0.34,"y":1},"o":{"x":0.333,"y":0},"t":69.711,"s":[{"i":[[14.475,-4.338],[0.145,1.206],[18.649,7.918],[25.178,-14.555],[0.935,-1.323],[0.054,0.308],[-8.395,4.622],[-16.782,-6.4],[0.316,-1.7]],"o":[[8.6,-7.462],[0.264,-0.666],[-15.931,-6.764],[-3.24,1.873],[-0.173,-0.251],[-0.311,-1.786],[20.222,-11.134],[18.897,11.551],[-0.946,1.911]],"v":[[90.775,26.221],[104.986,6.072],[115.163,1.77],[52.322,3.693],[45.81,8.418],[45.473,7.575],[56.117,-1.682],[116.915,-0.988],[105.246,6.357]],"c":true}]},{"i":{"x":0.34,"y":1},"o":{"x":0.218,"y":0},"t":73.584,"s":[{"i":[[14.475,-4.338],[0.145,1.206],[18.649,7.918],[25.178,-14.555],[0.935,-1.323],[0.054,0.308],[-8.395,4.622],[-16.782,-6.4],[0.316,-1.7]],"o":[[8.6,-7.462],[0.264,-0.666],[-15.931,-6.764],[-3.24,1.873],[-0.173,-0.251],[-0.311,-1.786],[20.222,-11.134],[18.897,11.551],[-0.946,1.911]],"v":[[90.775,26.221],[104.986,6.072],[115.163,1.77],[52.322,3.693],[45.81,8.418],[45.473,7.575],[56.117,-1.682],[116.915,-0.988],[105.246,6.357]],"c":true}]},{"i":{"x":0.667,"y":1},"o":{"x":0.218,"y":0},"t":87.654,"s":[{"i":[[14.475,-4.338],[0.145,1.206],[18.649,7.918],[25.178,-14.555],[0.935,-1.323],[0.054,0.308],[-8.395,4.622],[-16.782,-6.4],[0.316,-1.7]],"o":[[8.6,-7.462],[0.264,-0.666],[-15.931,-6.764],[-3.24,1.873],[-0.173,-0.251],[-0.311,-1.786],[20.222,-11.134],[18.897,11.551],[-0.946,1.911]],"v":[[90.775,26.221],[104.986,6.072],[115.163,1.77],[52.322,3.693],[45.81,8.418],[45.473,7.575],[56.117,-1.682],[116.915,-0.988],[105.246,6.357]],"c":true}]},{"t":117.453125,"s":[{"i":[[1.238,-2.471],[2.058,4.076],[4.131,2.339],[13.78,-8.04],[0.78,-1.42],[0.09,0.3],[-5.82,3.4],[-17.43,-9.87],[0.361,-6.671]],"o":[[1.249,-4.323],[-1.599,-3.166],[-17.13,-9.7],[-3.23,1.89],[-0.2,-0.23],[-0.51,-1.74],[14.02,-8.19],[7.781,4.406],[-0.154,2.837]],"v":[[123.525,21.819],[122.562,8.904],[114.085,0.499],[51.435,9.069],[45.715,13.089],[45.285,12.289],[51.545,4.349],[115.295,-4.381],[125.671,13.741]],"c":true}]}]},"hd":false},{"ty":"fl","c":{"a":0,"k":[0.419607847929,0.1254902035,0,1]},"o":{"a":0,"k":100},"r":1,"bm":0,"hd":false},{"ty":"tr","p":{"a":0,"k":[0,0]},"a":{"a":0,"k":[0,0]},"s":{"a":0,"k":[100,100]},"r":{"a":0,"k":0},"o":{"a":0,"k":100},"sk":{"a":0,"k":0},"sa":{"a":0,"k":0}}],"bm":0,"hd":false},{"ty":"gr","it":[{"ind":0,"ty":"sh","ks":{"a":1,"k":[{"i":{"x":0.34,"y":1},"o":{"x":0.33,"y":0},"t":0,"s":[{"i":[[4.44,19.045],[1.768,0.057],[10.313,-2.985],[0.616,2.094],[-5.824,3.402],[-17.43,-9.87],[-0.843,-5.328],[-0.035,-0.675],[6.238,-3.144]],"o":[[-0.402,-1.723],[-4.755,-0.153],[-5.362,1.552],[-0.51,-1.734],[14.018,-8.188],[6.193,3.507],[0.106,0.673],[0.388,7.54],[-10.714,5.4]],"v":[[82.691,13.075],[78.994,10.074],[54.378,13.092],[45.289,12.285],[51.549,4.349],[115.292,-4.378],[125.466,9.63],[125.677,11.654],[115.835,29.806]],"c":true}]},{"i":{"x":0.34,"y":1},"o":{"x":0.33,"y":0},"t":18.826,"s":[{"i":[[2.225,13.627],[1.748,0.276],[5.36,-2.002],[0.376,2.15],[-6.17,2.724],[-16.208,-6.889],[4.139,-1.512],[0.82,-1.932],[12.165,-2.766]],"o":[[-0.231,-1.413],[-3.252,-0.514],[-2.787,1.041],[-0.312,-1.781],[14.852,-6.557],[5.758,2.447],[-0.625,0.228],[-0.464,6.075],[-11.548,2.625]],"v":[[66.275,9.873],[61.752,7.327],[51.503,8.972],[45.478,7.572],[52.592,0.391],[116.912,-0.986],[121.904,6.522],[105.086,6.182],[90.46,26.664]],"c":true}]},{"i":{"x":0.667,"y":1},"o":{"x":0.218,"y":0},"t":43.928,"s":[{"i":[[2.225,13.627],[1.748,0.276],[5.36,-2.002],[0.376,2.15],[-8.401,4.625],[-16.208,-6.889],[4.139,-1.512],[0.82,-1.932],[12.165,-2.766]],"o":[[-0.231,-1.413],[-3.252,-0.514],[-2.787,1.041],[-0.312,-1.781],[20.22,-11.132],[5.758,2.447],[-0.625,0.228],[-0.464,6.075],[-11.548,2.625]],"v":[[66.275,9.873],[61.752,7.327],[51.503,8.972],[45.478,7.572],[56.123,-1.683],[116.912,-0.986],[121.904,6.522],[105.086,6.182],[90.46,26.664]],"c":true}]},{"i":{"x":0.667,"y":1},"o":{"x":0.333,"y":0},"t":56,"s":[{"i":[[2.832,-0.454],[1.39,0.158],[4.82,0.161],[-0.154,1.211],[-7.875,0.527],[-13.643,6.911],[2.25,-2.995],[0.403,-0.637],[10.006,-4.667]],"o":[[-0.259,0.041],[-2.587,-0.295],[-2.507,-0.084],[0.127,-1.003],[18.954,-1.268],[4.847,-2.455],[-0.34,0.452],[0.174,0.761],[-9.498,4.43]],"v":[[70.69,22.667],[66.474,22.995],[57.865,22.595],[53.231,20.502],[63.939,18.057],[113.081,4.507],[119.313,4.405],[107.79,14.204],[95.641,19.472]],"c":true}]},{"i":{"x":0.34,"y":1},"o":{"x":0.333,"y":0},"t":69.711,"s":[{"i":[[2.225,13.627],[1.748,0.276],[5.36,-2.002],[0.376,2.15],[-8.401,4.625],[-16.208,-6.889],[4.139,-1.512],[0.82,-1.932],[12.165,-2.766]],"o":[[-0.231,-1.413],[-3.252,-0.514],[-2.787,1.041],[-0.312,-1.781],[20.22,-11.132],[5.758,2.447],[-0.625,0.228],[-0.464,6.075],[-11.548,2.625]],"v":[[66.275,9.873],[61.752,7.327],[51.503,8.972],[45.478,7.572],[56.123,-1.683],[116.912,-0.986],[121.904,6.522],[105.086,6.182],[90.46,26.664]],"c":true}]},{"i":{"x":0.34,"y":1},"o":{"x":0.218,"y":0},"t":73.584,"s":[{"i":[[2.225,13.627],[1.748,0.276],[5.36,-2.002],[0.376,2.15],[-8.401,4.625],[-16.208,-6.889],[4.139,-1.512],[0.82,-1.932],[12.165,-2.766]],"o":[[-0.231,-1.413],[-3.252,-0.514],[-2.787,1.041],[-0.312,-1.781],[20.22,-11.132],[5.758,2.447],[-0.625,0.228],[-0.464,6.075],[-11.548,2.625]],"v":[[66.275,9.873],[61.752,7.327],[51.503,8.972],[45.478,7.572],[56.123,-1.683],[116.912,-0.986],[121.904,6.522],[105.086,6.182],[90.46,26.664]],"c":true}]},{"i":{"x":0.667,"y":1},"o":{"x":0.218,"y":0},"t":87.654,"s":[{"i":[[2.225,13.627],[1.748,0.276],[5.36,-2.002],[0.376,2.15],[-8.401,4.625],[-16.208,-6.889],[4.139,-1.512],[0.82,-1.932],[12.165,-2.766]],"o":[[-0.231,-1.413],[-3.252,-0.514],[-2.787,1.041],[-0.312,-1.781],[20.22,-11.132],[5.758,2.447],[-0.625,0.228],[-0.464,6.075],[-11.548,2.625]],"v":[[66.275,9.873],[61.752,7.327],[51.503,8.972],[45.478,7.572],[56.123,-1.683],[116.912,-0.986],[121.904,6.522],[105.086,6.182],[90.46,26.664]],"c":true}]},{"t":117.453125,"s":[{"i":[[4.44,19.045],[1.768,0.057],[10.313,-2.985],[0.616,2.094],[-5.824,3.402],[-17.43,-9.87],[-0.843,-5.328],[-0.035,-0.675],[6.238,-3.144]],"o":[[-0.402,-1.723],[-4.755,-0.153],[-5.362,1.552],[-0.51,-1.734],[14.018,-8.188],[6.193,3.507],[0.106,0.673],[0.388,7.54],[-10.714,5.4]],"v":[[82.691,13.075],[78.994,10.074],[54.378,13.092],[45.289,12.285],[51.549,4.349],[115.292,-4.378],[125.466,9.63],[125.677,11.654],[115.835,29.806]],"c":true}]}]},"hd":false},{"ty":"fl","c":{"a":0,"k":[0.525490224361,0.247058823705,0.078431375325,1]},"o":{"a":0,"k":100},"r":1,"bm":0,"hd":false},{"ty":"tr","p":{"a":0,"k":[0,0]},"a":{"a":0,"k":[0,0]},"s":{"a":0,"k":[100,100]},"r":{"a":0,"k":0},"o":{"a":0,"k":100},"sk":{"a":0,"k":0},"sa":{"a":0,"k":0}}],"bm":0,"hd":false},{"ty":"gr","it":[{"ind":0,"ty":"sh","ks":{"a":1,"k":[{"i":{"x":0.34,"y":1},"o":{"x":0.33,"y":0},"t":0,"s":[{"i":[[6,19.684],[1.822,0.059],[11.284,-2.973],[1.286,2.103],[-6,3.505],[-17.957,-10.168],[-0.935,-5.703],[7.253,-3.656]],"o":[[-0.531,-1.743],[-4.898,-0.157],[-5.561,1.465],[-0.972,-1.589],[14.442,-8.435],[6.027,3.413],[1.577,9.616],[-11.038,5.563]],"v":[[80.092,17.698],[76.283,14.607],[54.151,17.179],[44.435,16.303],[48.935,6.064],[115.749,-3.378],[125.823,11.113],[115.537,34.934]],"c":true}]},{"i":{"x":0.34,"y":1},"o":{"x":0.33,"y":0},"t":18.826,"s":[{"i":[[4.078,13.66],[1.809,0.224],[5.809,-1.903],[1.041,2.234],[-6.357,2.806],[-16.299,-7.968],[-0.339,-1.81],[11.276,-1.682]],"o":[[-0.424,-1.42],[-3.236,-0.4],[-2.863,0.938],[-0.786,-1.688],[15.3,-6.755],[19.434,9.5],[1.161,5.815],[-16.537,2.467]],"v":[[63.172,13.34],[59.173,10.775],[50.62,12.964],[44.176,11.468],[49.801,1.8],[117.254,-0.375],[105.652,6.872],[91.287,28.783]],"c":true}]},{"i":{"x":0.667,"y":1},"o":{"x":0.218,"y":0},"t":43.928,"s":[{"i":[[4.078,13.66],[1.809,0.224],[5.809,-1.903],[1.041,2.234],[-8.654,4.765],[-16.299,-7.968],[-0.339,-1.81],[11.276,-1.682]],"o":[[-0.424,-1.42],[-3.236,-0.4],[-2.863,0.938],[-0.786,-1.688],[20.83,-11.468],[19.434,9.5],[1.161,5.815],[-16.537,2.467]],"v":[[63.172,13.34],[59.173,10.775],[50.62,12.964],[44.176,11.468],[52.362,0.582],[117.254,-0.375],[105.652,6.872],[91.287,28.783]],"c":true}]},{"i":{"x":0.667,"y":1},"o":{"x":0.333,"y":0},"t":56,"s":[{"i":[[4.238,-0.419],[1.455,-0.008],[5.167,0.314],[0.372,1.405],[-8.112,0.543],[-14.112,6.558],[-0.376,0.064],[9.317,-4.236]],"o":[[-0.404,0.04],[-2.175,0.012],[-2.546,-0.155],[-0.281,-1.062],[19.526,-1.306],[16.826,-7.82],[1.26,-0.213],[-13.663,6.212]],"v":[[68.011,24.48],[64.453,24.616],[56.284,24.487],[51.328,22.25],[60.371,18.395],[113.544,4.537],[108.231,13.927],[96.741,21.091]],"c":true}]},{"i":{"x":0.34,"y":1},"o":{"x":0.333,"y":0},"t":69.711,"s":[{"i":[[4.078,13.66],[1.809,0.224],[5.809,-1.903],[1.041,2.234],[-8.654,4.765],[-16.299,-7.968],[-0.339,-1.81],[11.276,-1.682]],"o":[[-0.424,-1.42],[-3.236,-0.4],[-2.863,0.938],[-0.786,-1.688],[20.83,-11.468],[19.434,9.5],[1.161,5.815],[-16.537,2.467]],"v":[[63.172,13.34],[59.173,10.775],[50.62,12.964],[44.176,11.468],[52.362,0.582],[117.254,-0.375],[105.652,6.872],[91.287,28.783]],"c":true}]},{"i":{"x":0.34,"y":1},"o":{"x":0.218,"y":0},"t":73.584,"s":[{"i":[[4.078,13.66],[1.809,0.224],[5.809,-1.903],[1.041,2.234],[-8.654,4.765],[-16.299,-7.968],[-0.339,-1.81],[11.276,-1.682]],"o":[[-0.424,-1.42],[-3.236,-0.4],[-2.863,0.938],[-0.786,-1.688],[20.83,-11.468],[19.434,9.5],[1.161,5.815],[-16.537,2.467]],"v":[[63.172,13.34],[59.173,10.775],[50.62,12.964],[44.176,11.468],[52.362,0.582],[117.254,-0.375],[105.652,6.872],[91.287,28.783]],"c":true}]},{"i":{"x":0.667,"y":1},"o":{"x":0.218,"y":0},"t":87.654,"s":[{"i":[[4.078,13.66],[1.809,0.224],[5.809,-1.903],[1.041,2.234],[-8.654,4.765],[-16.299,-7.968],[-0.339,-1.81],[11.276,-1.682]],"o":[[-0.424,-1.42],[-3.236,-0.4],[-2.863,0.938],[-0.786,-1.688],[20.83,-11.468],[19.434,9.5],[1.161,5.815],[-16.537,2.467]],"v":[[63.172,13.34],[59.173,10.775],[50.62,12.964],[44.176,11.468],[52.362,0.582],[117.254,-0.375],[105.652,6.872],[91.287,28.783]],"c":true}]},{"t":117.453125,"s":[{"i":[[6,19.684],[1.822,0.059],[11.284,-2.973],[1.286,2.103],[-6,3.505],[-17.957,-10.168],[-0.935,-5.703],[7.253,-3.656]],"o":[[-0.531,-1.743],[-4.898,-0.157],[-5.561,1.465],[-0.972,-1.589],[14.442,-8.435],[6.027,3.413],[1.577,9.616],[-11.038,5.563]],"v":[[80.092,17.698],[76.283,14.607],[54.151,17.179],[44.435,16.303],[48.935,6.064],[115.749,-3.378],[125.823,11.113],[115.537,34.934]],"c":true}]}]},"hd":false},{"ty":"fl","c":{"a":0,"k":[1,0.886274516582,0.65098041296,1]},"o":{"a":0,"k":100},"r":1,"bm":0,"hd":false},{"ty":"tr","p":{"a":0,"k":[0,0]},"a":{"a":0,"k":[0,0]},"s":{"a":0,"k":[100,100]},"r":{"a":0,"k":0},"o":{"a":0,"k":100},"sk":{"a":0,"k":0},"sa":{"a":0,"k":0}}],"bm":0,"hd":false}],"ip":0,"op":180,"st":0,"bm":0},{"ddd":0,"ind":8,"ty":4,"parent":3,"sr":1,"ks":{"p":{"a":0,"k":[84.984,14.496,0]},"a":{"a":0,"k":[84.984,14.496,0]}},"ao":0,"shapes":[{"ty":"gr","it":[{"ind":0,"ty":"sh","ks":{"a":1,"k":[{"i":{"x":0.34,"y":1},"o":{"x":0.33,"y":0},"t":0,"s":[{"i":[[1.238,-2.471],[2.058,4.076],[4.131,2.339],[13.78,-8.04],[0.78,-1.42],[0.09,0.3],[-5.82,3.4],[-17.43,-9.87],[0.361,-6.671]],"o":[[1.249,-4.323],[-1.599,-3.166],[-17.13,-9.7],[-3.23,1.89],[-0.2,-0.23],[-0.51,-1.74],[14.02,-8.19],[7.781,4.406],[-0.154,2.837]],"v":[[123.525,21.819],[122.562,8.904],[114.085,0.499],[51.435,9.069],[45.715,13.089],[45.285,12.289],[51.545,4.349],[115.295,-4.381],[125.671,13.741]],"c":true}]},{"i":{"x":0.34,"y":1},"o":{"x":0.33,"y":0},"t":18.826,"s":[{"i":[[14.475,-4.338],[0.145,1.206],[18.649,7.918],[14.59,-6.455],[0.935,-1.323],[0.054,0.308],[-6.166,2.723],[-16.782,-6.4],[0.316,-1.7]],"o":[[8.6,-7.462],[0.264,-0.666],[-15.931,-6.764],[-3.422,1.514],[-0.173,-0.251],[-0.311,-1.786],[14.853,-6.559],[18.897,11.551],[-0.946,1.911]],"v":[[90.775,26.221],[104.986,6.072],[115.163,1.77],[51.947,5.068],[45.81,8.418],[45.473,7.575],[52.588,0.39],[116.915,-0.988],[105.246,6.357]],"c":true}]},{"i":{"x":0.667,"y":1},"o":{"x":0.218,"y":0},"t":43.928,"s":[{"i":[[14.475,-4.338],[0.145,1.206],[18.649,7.918],[25.178,-14.555],[0.935,-1.323],[0.054,0.308],[-8.395,4.622],[-16.782,-6.4],[0.316,-1.7]],"o":[[8.6,-7.462],[0.264,-0.666],[-15.931,-6.764],[-3.24,1.873],[-0.173,-0.251],[-0.311,-1.786],[20.222,-11.134],[18.897,11.551],[-0.946,1.911]],"v":[[90.775,26.221],[104.986,6.072],[115.163,1.77],[52.322,3.693],[45.81,8.418],[45.473,7.575],[56.117,-1.682],[116.915,-0.988],[105.246,6.357]],"c":true}]},{"i":{"x":0.667,"y":1},"o":{"x":0.333,"y":0},"t":56,"s":[{"i":[[13.088,-1.836],[0.174,0.013],[17.567,-0.994],[21.333,10.62],[1.148,0.13],[-0.109,0.137],[-7.008,-3.619],[-15.668,1.254],[0.2,0.022]],"o":[[7.561,-0.897],[0.198,0.02],[-15.007,0.849],[-2.745,-1.367],[0.013,-0.191],[0.631,-0.794],[16.881,8.717],[18.487,0.742],[-0.73,-0.072]],"v":[[88.902,18.029],[98.605,17.153],[106.462,12.707],[53.174,5.95],[47.22,3.527],[47.407,3.035],[57.836,6.478],[107.431,10.877],[98.84,17.174]],"c":true}]},{"i":{"x":0.34,"y":1},"o":{"x":0.333,"y":0},"t":69.711,"s":[{"i":[[14.475,-4.338],[0.145,1.206],[18.649,7.918],[25.178,-14.555],[0.935,-1.323],[0.054,0.308],[-8.395,4.622],[-16.782,-6.4],[0.316,-1.7]],"o":[[8.6,-7.462],[0.264,-0.666],[-15.931,-6.764],[-3.24,1.873],[-0.173,-0.251],[-0.311,-1.786],[20.222,-11.134],[18.897,11.551],[-0.946,1.911]],"v":[[90.775,26.221],[104.986,6.072],[115.163,1.77],[52.322,3.693],[45.81,8.418],[45.473,7.575],[56.117,-1.682],[116.915,-0.988],[105.246,6.357]],"c":true}]},{"i":{"x":0.34,"y":1},"o":{"x":0.218,"y":0},"t":73.584,"s":[{"i":[[14.475,-4.338],[0.145,1.206],[18.649,7.918],[25.178,-14.555],[0.935,-1.323],[0.054,0.308],[-8.395,4.622],[-16.782,-6.4],[0.316,-1.7]],"o":[[8.6,-7.462],[0.264,-0.666],[-15.931,-6.764],[-3.24,1.873],[-0.173,-0.251],[-0.311,-1.786],[20.222,-11.134],[18.897,11.551],[-0.946,1.911]],"v":[[90.775,26.221],[104.986,6.072],[115.163,1.77],[52.322,3.693],[45.81,8.418],[45.473,7.575],[56.117,-1.682],[116.915,-0.988],[105.246,6.357]],"c":true}]},{"i":{"x":0.667,"y":1},"o":{"x":0.218,"y":0},"t":87.654,"s":[{"i":[[14.475,-4.338],[0.145,1.206],[18.649,7.918],[25.178,-14.555],[0.935,-1.323],[0.054,0.308],[-8.395,4.622],[-16.782,-6.4],[0.316,-1.7]],"o":[[8.6,-7.462],[0.264,-0.666],[-15.931,-6.764],[-3.24,1.873],[-0.173,-0.251],[-0.311,-1.786],[20.222,-11.134],[18.897,11.551],[-0.946,1.911]],"v":[[90.775,26.221],[104.986,6.072],[115.163,1.77],[52.322,3.693],[45.81,8.418],[45.473,7.575],[56.117,-1.682],[116.915,-0.988],[105.246,6.357]],"c":true}]},{"t":117.453125,"s":[{"i":[[1.238,-2.471],[2.058,4.076],[4.131,2.339],[13.78,-8.04],[0.78,-1.42],[0.09,0.3],[-5.82,3.4],[-17.43,-9.87],[0.361,-6.671]],"o":[[1.249,-4.323],[-1.599,-3.166],[-17.13,-9.7],[-3.23,1.89],[-0.2,-0.23],[-0.51,-1.74],[14.02,-8.19],[7.781,4.406],[-0.154,2.837]],"v":[[123.525,21.819],[122.562,8.904],[114.085,0.499],[51.435,9.069],[45.715,13.089],[45.285,12.289],[51.545,4.349],[115.295,-4.381],[125.671,13.741]],"c":true}]}]},"hd":false},{"ty":"fl","c":{"a":0,"k":[0.419607847929,0.1254902035,0,1]},"o":{"a":0,"k":100},"r":1,"bm":0,"hd":false},{"ty":"tr","p":{"a":0,"k":[0,0]},"a":{"a":0,"k":[0,0]},"s":{"a":0,"k":[100,100]},"r":{"a":0,"k":0},"o":{"a":0,"k":100},"sk":{"a":0,"k":0},"sa":{"a":0,"k":0}}],"bm":0,"hd":false},{"ty":"gr","it":[{"ind":0,"ty":"sh","ks":{"a":1,"k":[{"i":{"x":0.34,"y":1},"o":{"x":0.33,"y":0},"t":0,"s":[{"i":[[4.44,19.045],[1.768,0.057],[10.313,-2.985],[0.616,2.094],[-5.824,3.402],[-17.43,-9.87],[-0.843,-5.328],[-0.035,-0.675],[6.238,-3.144]],"o":[[-0.402,-1.723],[-4.755,-0.153],[-5.362,1.552],[-0.51,-1.734],[14.018,-8.188],[6.193,3.507],[0.106,0.673],[0.388,7.54],[-10.714,5.4]],"v":[[82.691,13.075],[78.994,10.074],[54.378,13.092],[45.289,12.285],[51.549,4.349],[115.292,-4.378],[125.466,9.63],[125.677,11.654],[115.835,29.806]],"c":true}]},{"i":{"x":0.34,"y":1},"o":{"x":0.33,"y":0},"t":18.826,"s":[{"i":[[2.225,13.627],[1.748,0.276],[5.36,-2.002],[0.376,2.15],[-6.17,2.724],[-16.208,-6.889],[4.139,-1.512],[0.82,-1.932],[12.165,-2.766]],"o":[[-0.231,-1.413],[-3.252,-0.514],[-2.787,1.041],[-0.312,-1.781],[14.852,-6.557],[5.758,2.447],[-0.625,0.228],[-0.464,6.075],[-11.548,2.625]],"v":[[66.275,9.873],[61.752,7.327],[51.503,8.972],[45.478,7.572],[52.592,0.391],[116.912,-0.986],[121.904,6.522],[105.086,6.182],[90.46,26.664]],"c":true}]},{"i":{"x":0.667,"y":1},"o":{"x":0.218,"y":0},"t":43.928,"s":[{"i":[[2.225,13.627],[1.748,0.276],[5.36,-2.002],[0.376,2.15],[-8.401,4.625],[-16.208,-6.889],[4.139,-1.512],[0.82,-1.932],[12.165,-2.766]],"o":[[-0.231,-1.413],[-3.252,-0.514],[-2.787,1.041],[-0.312,-1.781],[20.22,-11.132],[5.758,2.447],[-0.625,0.228],[-0.464,6.075],[-11.548,2.625]],"v":[[66.275,9.873],[61.752,7.327],[51.503,8.972],[45.478,7.572],[56.123,-1.683],[116.912,-0.986],[121.904,6.522],[105.086,6.182],[90.46,26.664]],"c":true}]},{"i":{"x":0.667,"y":1},"o":{"x":0.333,"y":0},"t":56,"s":[{"i":[[2.694,0.984],[1.651,0.957],[4.043,2.63],[-0.758,0.957],[-7.012,-3.621],[-15.269,0.86],[3.263,-1.842],[0.622,0.062],[10.865,-1.96]],"o":[[-0.246,-0.09],[-2.253,-1.306],[-2.102,-1.368],[0.628,-0.793],[16.878,8.716],[5.425,-0.306],[-0.493,0.278],[-0.144,-0.027],[-10.314,1.861]],"v":[[64.126,14.792],[57.458,12.019],[50.295,7.225],[47.411,3.037],[57.84,6.481],[107.428,10.879],[113.179,13.285],[98.695,17.161],[88.629,18.121]],"c":true}]},{"i":{"x":0.34,"y":1},"o":{"x":0.333,"y":0},"t":69.711,"s":[{"i":[[2.225,13.627],[1.748,0.276],[5.36,-2.002],[0.376,2.15],[-8.401,4.625],[-16.208,-6.889],[4.139,-1.512],[0.82,-1.932],[12.165,-2.766]],"o":[[-0.231,-1.413],[-3.252,-0.514],[-2.787,1.041],[-0.312,-1.781],[20.22,-11.132],[5.758,2.447],[-0.625,0.228],[-0.464,6.075],[-11.548,2.625]],"v":[[66.275,9.873],[61.752,7.327],[51.503,8.972],[45.478,7.572],[56.123,-1.683],[116.912,-0.986],[121.904,6.522],[105.086,6.182],[90.46,26.664]],"c":true}]},{"i":{"x":0.34,"y":1},"o":{"x":0.218,"y":0},"t":73.584,"s":[{"i":[[2.225,13.627],[1.748,0.276],[5.36,-2.002],[0.376,2.15],[-8.401,4.625],[-16.208,-6.889],[4.139,-1.512],[0.82,-1.932],[12.165,-2.766]],"o":[[-0.231,-1.413],[-3.252,-0.514],[-2.787,1.041],[-0.312,-1.781],[20.22,-11.132],[5.758,2.447],[-0.625,0.228],[-0.464,6.075],[-11.548,2.625]],"v":[[66.275,9.873],[61.752,7.327],[51.503,8.972],[45.478,7.572],[56.123,-1.683],[116.912,-0.986],[121.904,6.522],[105.086,6.182],[90.46,26.664]],"c":true}]},{"i":{"x":0.667,"y":1},"o":{"x":0.218,"y":0},"t":87.654,"s":[{"i":[[2.225,13.627],[1.748,0.276],[5.36,-2.002],[0.376,2.15],[-8.401,4.625],[-16.208,-6.889],[4.139,-1.512],[0.82,-1.932],[12.165,-2.766]],"o":[[-0.231,-1.413],[-3.252,-0.514],[-2.787,1.041],[-0.312,-1.781],[20.22,-11.132],[5.758,2.447],[-0.625,0.228],[-0.464,6.075],[-11.548,2.625]],"v":[[66.275,9.873],[61.752,7.327],[51.503,8.972],[45.478,7.572],[56.123,-1.683],[116.912,-0.986],[121.904,6.522],[105.086,6.182],[90.46,26.664]],"c":true}]},{"t":117.453125,"s":[{"i":[[4.44,19.045],[1.768,0.057],[10.313,-2.985],[0.616,2.094],[-5.824,3.402],[-17.43,-9.87],[-0.843,-5.328],[-0.035,-0.675],[6.238,-3.144]],"o":[[-0.402,-1.723],[-4.755,-0.153],[-5.362,1.552],[-0.51,-1.734],[14.018,-8.188],[6.193,3.507],[0.106,0.673],[0.388,7.54],[-10.714,5.4]],"v":[[82.691,13.075],[78.994,10.074],[54.378,13.092],[45.289,12.285],[51.549,4.349],[115.292,-4.378],[125.466,9.63],[125.677,11.654],[115.835,29.806]],"c":true}]}]},"hd":false},{"ty":"fl","c":{"a":0,"k":[0.525490224361,0.247058823705,0.078431375325,1]},"o":{"a":0,"k":100},"r":1,"bm":0,"hd":false},{"ty":"tr","p":{"a":0,"k":[0,0]},"a":{"a":0,"k":[0,0]},"s":{"a":0,"k":[100,100]},"r":{"a":0,"k":0},"o":{"a":0,"k":100},"sk":{"a":0,"k":0},"sa":{"a":0,"k":0}}],"bm":0,"hd":false},{"ty":"gr","it":[{"ind":0,"ty":"sh","ks":{"a":1,"k":[{"i":{"x":0.34,"y":1},"o":{"x":0.33,"y":0},"t":0,"s":[{"i":[[6,19.684],[1.822,0.059],[11.284,-2.973],[1.286,2.103],[-6,3.505],[-17.957,-10.168],[-0.935,-5.703],[7.253,-3.656]],"o":[[-0.531,-1.743],[-4.898,-0.157],[-5.561,1.465],[-0.972,-1.589],[14.442,-8.435],[6.027,3.413],[1.577,9.616],[-11.038,5.563]],"v":[[80.092,17.698],[76.283,14.607],[54.151,17.179],[44.435,16.303],[48.935,6.064],[115.749,-3.378],[125.823,11.113],[115.537,34.934]],"c":true}]},{"i":{"x":0.34,"y":1},"o":{"x":0.33,"y":0},"t":18.826,"s":[{"i":[[4.078,13.66],[1.809,0.224],[5.809,-1.903],[1.041,2.234],[-6.357,2.806],[-16.299,-7.968],[-0.339,-1.81],[11.276,-1.682]],"o":[[-0.424,-1.42],[-3.236,-0.4],[-2.863,0.938],[-0.786,-1.688],[15.3,-6.755],[19.434,9.5],[1.161,5.815],[-16.537,2.467]],"v":[[63.172,13.34],[59.173,10.775],[50.62,12.964],[44.176,11.468],[49.801,1.8],[117.254,-0.375],[105.652,6.872],[91.287,28.783]],"c":true}]},{"i":{"x":0.667,"y":1},"o":{"x":0.218,"y":0},"t":43.928,"s":[{"i":[[4.078,13.66],[1.809,0.224],[5.809,-1.903],[1.041,2.234],[-8.654,4.765],[-16.299,-7.968],[-0.339,-1.81],[11.276,-1.682]],"o":[[-0.424,-1.42],[-3.236,-0.4],[-2.863,0.938],[-0.786,-1.688],[20.83,-11.468],[19.434,9.5],[1.161,5.815],[-16.537,2.467]],"v":[[63.172,13.34],[59.173,10.775],[50.62,12.964],[44.176,11.468],[52.362,0.582],[117.254,-0.375],[105.652,6.872],[91.287,28.783]],"c":true}]},{"i":{"x":0.667,"y":1},"o":{"x":0.333,"y":0},"t":56,"s":[{"i":[[3.905,1.7],[1.274,0.702],[4.26,2.941],[-0.408,1.395],[-7.224,-3.731],[-15.558,0.349],[-0.369,-0.03],[10.089,-1.719]],"o":[[-0.372,-0.162],[-1.905,-1.049],[-2.099,-1.449],[0.308,-1.054],[17.388,8.98],[18.55,-0.417],[1.236,0.102],[-14.796,2.521]],"v":[[60.839,15.298],[57.63,13.656],[47.963,8.026],[44.879,3.548],[54.612,4.925],[107.841,11.092],[99.208,17.207],[89.28,19.968]],"c":true}]},{"i":{"x":0.34,"y":1},"o":{"x":0.333,"y":0},"t":69.711,"s":[{"i":[[4.078,13.66],[1.809,0.224],[5.809,-1.903],[1.041,2.234],[-8.654,4.765],[-16.299,-7.968],[-0.339,-1.81],[11.276,-1.682]],"o":[[-0.424,-1.42],[-3.236,-0.4],[-2.863,0.938],[-0.786,-1.688],[20.83,-11.468],[19.434,9.5],[1.161,5.815],[-16.537,2.467]],"v":[[63.172,13.34],[59.173,10.775],[50.62,12.964],[44.176,11.468],[52.362,0.582],[117.254,-0.375],[105.652,6.872],[91.287,28.783]],"c":true}]},{"i":{"x":0.34,"y":1},"o":{"x":0.218,"y":0},"t":73.584,"s":[{"i":[[4.078,13.66],[1.809,0.224],[5.809,-1.903],[1.041,2.234],[-8.654,4.765],[-16.299,-7.968],[-0.339,-1.81],[11.276,-1.682]],"o":[[-0.424,-1.42],[-3.236,-0.4],[-2.863,0.938],[-0.786,-1.688],[20.83,-11.468],[19.434,9.5],[1.161,5.815],[-16.537,2.467]],"v":[[63.172,13.34],[59.173,10.775],[50.62,12.964],[44.176,11.468],[52.362,0.582],[117.254,-0.375],[105.652,6.872],[91.287,28.783]],"c":true}]},{"i":{"x":0.667,"y":1},"o":{"x":0.218,"y":0},"t":87.654,"s":[{"i":[[4.078,13.66],[1.809,0.224],[5.809,-1.903],[1.041,2.234],[-8.654,4.765],[-16.299,-7.968],[-0.339,-1.81],[11.276,-1.682]],"o":[[-0.424,-1.42],[-3.236,-0.4],[-2.863,0.938],[-0.786,-1.688],[20.83,-11.468],[19.434,9.5],[1.161,5.815],[-16.537,2.467]],"v":[[63.172,13.34],[59.173,10.775],[50.62,12.964],[44.176,11.468],[52.362,0.582],[117.254,-0.375],[105.652,6.872],[91.287,28.783]],"c":true}]},{"t":117.453125,"s":[{"i":[[6,19.684],[1.822,0.059],[11.284,-2.973],[1.286,2.103],[-6,3.505],[-17.957,-10.168],[-0.935,-5.703],[7.253,-3.656]],"o":[[-0.531,-1.743],[-4.898,-0.157],[-5.561,1.465],[-0.972,-1.589],[14.442,-8.435],[6.027,3.413],[1.577,9.616],[-11.038,5.563]],"v":[[80.092,17.698],[76.283,14.607],[54.151,17.179],[44.435,16.303],[48.935,6.064],[115.749,-3.378],[125.823,11.113],[115.537,34.934]],"c":true}]}]},"hd":false},{"ty":"fl","c":{"a":0,"k":[1,0.886274516582,0.65098041296,1]},"o":{"a":0,"k":100},"r":1,"bm":0,"hd":false},{"ty":"tr","p":{"a":0,"k":[0,0]},"a":{"a":0,"k":[0,0]},"s":{"a":0,"k":[100,100]},"r":{"a":0,"k":0},"o":{"a":0,"k":100},"sk":{"a":0,"k":0},"sa":{"a":0,"k":0}}],"bm":0,"hd":false}],"ip":0,"op":180,"st":0,"bm":0},{"ddd":0,"ind":9,"ty":4,"parent":2,"sr":1,"ks":{"p":{"a":0,"k":[-0.101,4.056,0]},"a":{"a":0,"k":[-0.101,4.056,0]}},"ao":0,"shapes":[{"ty":"gr","it":[{"ty":"gr","it":[{"ind":0,"ty":"sh","ks":{"a":0,"k":{"i":[[0,0],[-7.723,-1.278]],"o":[[0,0],[0,0]],"v":[[14.917,-179.979],[27.507,-178.441]],"c":false}},"hd":false},{"ty":"st","c":{"a":0,"k":[1,1,1,1]},"o":{"a":0,"k":100},"w":{"a":0,"k":6},"lc":2,"lj":2,"bm":0,"hd":false},{"ty":"tr","p":{"a":0,"k":[0,0]},"a":{"a":0,"k":[0,0]},"s":{"a":0,"k":[100,100]},"r":{"a":0,"k":0},"o":{"a":0,"k":100},"sk":{"a":0,"k":0},"sa":{"a":0,"k":0}}],"bm":0,"hd":false},{"ty":"gr","it":[{"ind":0,"ty":"sh","ks":{"a":0,"k":{"i":[[0,0],[-1.644,-0.406]],"o":[[1.538,0.335],[0,0]],"v":[[36.271,-176.76],[41.049,-175.649]],"c":false}},"hd":false},{"ty":"st","c":{"a":0,"k":[1,1,1,1]},"o":{"a":0,"k":100},"w":{"a":0,"k":6},"lc":2,"lj":2,"bm":0,"hd":false},{"ty":"tr","p":{"a":0,"k":[0,0]},"a":{"a":0,"k":[0,0]},"s":{"a":0,"k":[100,100]},"r":{"a":0,"k":0},"o":{"a":0,"k":100},"sk":{"a":0,"k":0},"sa":{"a":0,"k":0}}],"bm":0,"hd":false},{"ty":"tr","p":{"a":0,"k":[0,0]},"a":{"a":0,"k":[0,0]},"s":{"a":0,"k":[100,100]},"r":{"a":0,"k":0},"o":{"a":0,"k":100},"sk":{"a":0,"k":0},"sa":{"a":0,"k":0}}],"bm":0,"hd":false},{"ty":"gr","it":[{"ind":0,"ty":"sh","ks":{"a":0,"k":{"i":[[0,-72.643],[82.438,0],[0,72.643],[-82.438,0]],"o":[[0,72.643],[-82.438,0],[0,-72.643],[82.438,0]],"v":[[149.166,-49.447],[-0.101,-34.268],[-149.369,-49.447],[-0.101,-180.979]],"c":true}},"hd":false},{"ty":"fl","c":{"a":0,"k":[1,0.874509811401,0.474509805441,1]},"o":{"a":0,"k":100},"r":1,"bm":0,"hd":false},{"ty":"tr","p":{"a":0,"k":[0,0]},"a":{"a":0,"k":[0,0]},"s":{"a":0,"k":[100,100]},"r":{"a":0,"k":0},"o":{"a":0,"k":90},"sk":{"a":0,"k":0},"sa":{"a":0,"k":0}}],"bm":0,"hd":false},{"ty":"gr","it":[{"ind":0,"ty":"sh","ks":{"a":0,"k":{"i":[[1.457,-95.029],[92.978,1.425],[-1.457,95.029],[-92.978,-1.425]],"o":[[-1.457,95.029],[-92.978,-1.425],[1.457,-95.029],[92.978,1.425]],"v":[[168.306,-6.306],[-2.683,163.178],[-168.397,-11.466],[2.591,-180.95]],"c":true}},"hd":false},{"ty":"fl","c":{"a":0,"k":[1,0.819607853889,0.250980407,1]},"o":{"a":0,"k":100},"r":1,"bm":0,"hd":false},{"ty":"tr","p":{"a":0,"k":[0,0]},"a":{"a":0,"k":[0,0]},"s":{"a":0,"k":[100,100]},"r":{"a":0,"k":0},"o":{"a":0,"k":100},"sk":{"a":0,"k":0},"sa":{"a":0,"k":0}}],"bm":0,"hd":false},{"ty":"gr","it":[{"ind":0,"ty":"sh","ks":{"a":0,"k":{"i":[[0,-104.313],[104.313,0],[0,104.313],[-104.313,0]],"o":[[0,104.313],[-104.313,0],[0,-104.313],[104.313,0]],"v":[[188.774,-7.018],[-0.101,181.857],[-188.977,-7.018],[-0.101,-195.894]],"c":true}},"hd":false},{"ty":"st","c":{"a":0,"k":[0.96862745285,0.494117647409,0.254901975393,1]},"o":{"a":0,"k":100},"w":{"a":0,"k":8},"lc":1,"lj":1,"ml":10,"bm":0,"hd":false},{"ty":"fl","c":{"a":0,"k":[1,0.694117665291,0.223529413342,1]},"o":{"a":0,"k":100},"r":1,"bm":0,"hd":false},{"ty":"tr","p":{"a":0,"k":[0,0]},"a":{"a":0,"k":[0,0]},"s":{"a":0,"k":[100,100]},"r":{"a":0,"k":0},"o":{"a":0,"k":100},"sk":{"a":0,"k":0},"sa":{"a":0,"k":0}}],"bm":0,"hd":false},{"ty":"gr","it":[{"ind":0,"ty":"sh","ks":{"a":0,"k":{"i":[[0,-108.261],[108.261,0],[0,108.261],[-108.261,0]],"o":[[0,108.261],[-108.261,0],[0,-108.261],[108.261,0]],"v":[[195.923,7.982],[-0.101,204.006],[-196.126,7.982],[-0.101,-188.043]],"c":true}},"hd":false},{"ty":"fl","c":{"a":0,"k":[0,0,0,1]},"o":{"a":0,"k":100},"r":1,"bm":0,"hd":false},{"ty":"tr","p":{"a":0,"k":[0,0]},"a":{"a":0,"k":[0,0]},"s":{"a":0,"k":[100,100]},"r":{"a":0,"k":0},"o":{"a":0,"k":10},"sk":{"a":0,"k":0},"sa":{"a":0,"k":0}}],"bm":0,"hd":false}],"ip":0,"op":180,"st":0,"bm":0}]}