{"tgs":1,"v":"5.5.2","fr":60,"ip":120,"op":300,"w":512,"h":512,"nm":"disapoint4","ddd":0,"assets":[],"layers":[{"ddd":0,"ind":1,"ty":3,"nm":"Null 11","sr":1,"ks":{"o":{"a":0,"k":0},"p":{"a":1,"k":[{"i":{"x":0.667,"y":1},"o":{"x":0.167,"y":0.167},"t":120,"s":[256,246.5,0],"to":[0,0,0],"ti":[0,0,0]},{"i":{"x":0.667,"y":0.667},"o":{"x":0.333,"y":0.333},"t":150,"s":[266,246.5,0],"to":[0,0,0],"ti":[0,0,0]},{"i":{"x":0.667,"y":1},"o":{"x":0.333,"y":0},"t":156,"s":[266,246.5,0],"to":[0,0,0],"ti":[0,0,0]},{"i":{"x":0.44,"y":0.44},"o":{"x":0.333,"y":0.333},"t":178,"s":[256,246.5,0],"to":[0,0,0],"ti":[0,0,0]},{"i":{"x":0.667,"y":1},"o":{"x":0.56,"y":0},"t":240,"s":[256,246.5,0],"to":[0,0,0],"ti":[0,0,0]},{"i":{"x":0.667,"y":1},"o":{"x":0.333,"y":0},"t":257,"s":[256,261.5,0],"to":[0,0,0],"ti":[0,0,0]},{"t":282,"s":[256,246.5,0]}]},"s":{"a":0,"k":[90,90,100]}},"ao":0,"ip":0,"op":600,"st":0,"bm":0},{"ddd":0,"ind":2,"ty":3,"nm":"morda","parent":6,"sr":1,"ks":{"o":{"a":0,"k":0},"r":{"a":1,"k":[{"i":{"x":[0.667],"y":[1]},"o":{"x":[0.333],"y":[0]},"t":120,"s":[0]},{"i":{"x":[0.667],"y":[1]},"o":{"x":[0.333],"y":[0]},"t":134,"s":[5]},{"i":{"x":[0.565],"y":[0.88]},"o":{"x":[0.18],"y":[0]},"t":152,"s":[-1]},{"i":{"x":[0.841],"y":[1]},"o":{"x":[0.385],"y":[0.292]},"t":160,"s":[0]},{"i":{"x":[0.833],"y":[1]},"o":{"x":[0.167],"y":[0]},"t":182,"s":[0]},{"i":{"x":[0.833],"y":[1]},"o":{"x":[0.167],"y":[0.167]},"t":224,"s":[0]},{"i":{"x":[0.833],"y":[1]},"o":{"x":[0.167],"y":[0]},"t":236,"s":[-1]},{"t":256,"s":[0]}]},"p":{"a":1,"k":[{"i":{"x":0.622,"y":1},"o":{"x":0.333,"y":0},"t":122,"s":[242.738,253.283,0],"to":[0,0,0],"ti":[0,0,0]},{"i":{"x":0.622,"y":0.622},"o":{"x":0.378,"y":0.378},"t":152,"s":[259.233,153.283,0],"to":[0,0,0],"ti":[0,0,0]},{"i":{"x":0.3,"y":1},"o":{"x":0.378,"y":0},"t":158,"s":[259.233,153.283,0],"to":[0,0,0],"ti":[0,0,0]},{"i":{"x":0.667,"y":0.667},"o":{"x":0.331,"y":0.331},"t":181,"s":[242.738,163.592,0],"to":[0,0,0],"ti":[0,0,0]},{"i":{"x":0.671,"y":1},"o":{"x":0.331,"y":0},"t":193,"s":[242.738,163.592,0],"to":[0,0,0],"ti":[0,0,0]},{"i":{"x":0.833,"y":0.833},"o":{"x":0.6,"y":0},"t":240,"s":[242.738,114.108,0],"to":[0,0,0],"ti":[0,-26.654,0]},{"i":{"x":0.833,"y":0.897},"o":{"x":0.167,"y":0.167},"t":257,"s":[242.738,253.283,0],"to":[0,26.654,0],"ti":[0,-3.102,0]},{"i":{"x":0.833,"y":0.721},"o":{"x":0.167,"y":0.444},"t":261,"s":[242.738,274.029,0],"to":[0,3.102,0],"ti":[0,2.229,0]},{"i":{"x":0.833,"y":0.849},"o":{"x":0.167,"y":0.119},"t":265,"s":[242.738,271.894,0],"to":[0,-2.229,0],"ti":[0,3.393,0]},{"i":{"x":0.833,"y":0.888},"o":{"x":0.167,"y":0.186},"t":269,"s":[242.738,260.656,0],"to":[0,-3.393,0],"ti":[0,2.042,0]},{"i":{"x":0.833,"y":0.879},"o":{"x":0.167,"y":0.326},"t":273,"s":[242.738,251.535,0],"to":[0,-2.042,0],"ti":[0,0.308,0]},{"i":{"x":0.833,"y":0.765},"o":{"x":0.167,"y":0.269},"t":277,"s":[242.738,248.402,0],"to":[0,-0.308,0],"ti":[0,-0.642,0]},{"i":{"x":0.833,"y":0.861},"o":{"x":0.167,"y":0.129},"t":281,"s":[242.738,249.69,0],"to":[0,0.642,0],"ti":[0,-0.714,0]},{"i":{"x":0.833,"y":0.898},"o":{"x":0.167,"y":0.207},"t":285,"s":[242.738,252.253,0],"to":[0,0.714,0],"ti":[0,-0.352,0]},{"i":{"x":0.833,"y":0.827},"o":{"x":0.167,"y":0.449},"t":289,"s":[242.738,253.973,0],"to":[0,0.352,0],"ti":[0,0.005,0]},{"i":{"x":0.833,"y":0.807},"o":{"x":0.167,"y":0.161},"t":293,"s":[242.738,254.365,0],"to":[0,-0.005,0],"ti":[0,0.18,0]},{"i":{"x":0.833,"y":1},"o":{"x":0.167,"y":0.062},"t":297,"s":[242.738,253.943,0],"to":[0,-0.18,0],"ti":[0,0,0]},{"t":299,"s":[242.738,253.283,0]}]}},"ao":0,"ip":0,"op":600,"st":0,"bm":0},{"ddd":0,"ind":3,"ty":4,"nm":"eye2","parent":2,"sr":1,"ks":{"p":{"a":1,"k":[{"i":{"x":0.19,"y":1},"o":{"x":0.333,"y":0},"t":120,"s":[90.88,14.491,0],"to":[0,0,0],"ti":[0,0,0]},{"i":{"x":0.19,"y":0.19},"o":{"x":0.81,"y":0.81},"t":150,"s":[83.964,16.929,0],"to":[0,0,0],"ti":[0,0,0]},{"i":{"x":0.631,"y":1},"o":{"x":0.81,"y":0},"t":160,"s":[83.964,16.929,0],"to":[0,0,0],"ti":[0,0,0]},{"i":{"x":0.631,"y":0.631},"o":{"x":0.369,"y":0.369},"t":172,"s":[80.88,15.109,0],"to":[0,0,0],"ti":[0,0,0]},{"i":{"x":0.667,"y":1},"o":{"x":0.369,"y":0},"t":238,"s":[80.88,15.109,0],"to":[0,0,0],"ti":[0,0,0]},{"t":262,"s":[90.88,14.491,0]}]},"a":{"a":0,"k":[188.88,195.741,0]},"s":{"a":0,"k":[-100,100,100]}},"ao":0,"shapes":[{"ty":"gr","it":[{"ind":0,"ty":"sh","ks":{"a":1,"k":[{"i":{"x":0.29,"y":1},"o":{"x":0.333,"y":0},"t":120,"s":[{"i":[[18.421,-7.216],[7.079,-6.423],[-0.149,-1.329],[-23.006,8.408],[-10.743,-21.803],[8.166,7.169]],"o":[[-22.569,8.841],[-7.428,6.741],[-0.894,-13.053],[27.2,-9.941],[1.132,-1.99],[-10.591,-9.298]],"v":[[-8,8.459],[-52.71,22.724],[-52.237,36.728],[-6.938,16.267],[43.862,6.853],[40.21,-7.776]],"c":true}]},{"i":{"x":0.833,"y":0.833},"o":{"x":0.71,"y":0},"t":150,"s":[{"i":[[14.13,0],[0,-17.34],[-0.149,-1.329],[-13.01,0],[-1.605,-15.43],[0,0]],"o":[[-14.13,0],[0,1.378],[1.605,-15.43],[13.011,0],[0.15,-1.329],[0,-17.34]],"v":[[0,-17.728],[-25.585,13.661],[-25.362,17.728],[0,-9.608],[25.362,17.728],[25.585,13.661]],"c":true}]},{"i":{"x":0.833,"y":0.833},"o":{"x":0.167,"y":0.167},"t":158,"s":[{"i":[[14.13,0],[0,-17.34],[-0.149,-1.329],[-13.01,0],[-1.605,-15.43],[0,0]],"o":[[-14.13,0],[0,1.378],[1.605,-15.43],[13.011,0],[0.15,-1.329],[0,-17.34]],"v":[[0,-17.728],[-25.585,13.661],[-25.362,17.728],[0,-9.608],[25.362,17.728],[25.585,13.661]],"c":true}]},{"i":{"x":0.833,"y":0.833},"o":{"x":0.167,"y":0.167},"t":162,"s":[{"i":[[18.943,0],[0,-5.01],[-0.199,-0.384],[-17.441,0],[-2.152,-4.458],[0,0]],"o":[[-18.943,0],[0,0.398],[2.152,-4.458],[17.443,0],[0.201,-0.384],[0,-5.01]],"v":[[0.058,15.565],[-34.355,8.656],[-34.056,9.831],[0.058,17.911],[33.946,9.831],[34.245,8.656]],"c":true}]},{"i":{"x":0.833,"y":0.833},"o":{"x":0.167,"y":0.167},"t":172,"s":[{"i":[[14.13,0],[0,-17.34],[-0.149,-1.329],[-13.01,0],[-1.605,-15.43],[0,0]],"o":[[-14.13,0],[0,1.378],[1.605,-15.43],[13.011,0],[0.15,-1.329],[0,-17.34]],"v":[[0,-17.728],[-25.585,13.661],[-25.362,17.728],[0,-9.608],[25.362,17.728],[25.585,13.661]],"c":true}]},{"i":{"x":0.833,"y":0.833},"o":{"x":0.167,"y":0.167},"t":188,"s":[{"i":[[14.13,0],[0,-17.34],[-0.149,-1.329],[-13.01,0],[-1.605,-15.43],[0,0]],"o":[[-14.13,0],[0,1.378],[1.605,-15.43],[13.011,0],[0.15,-1.329],[0,-17.34]],"v":[[0,-17.728],[-25.585,13.661],[-25.362,17.728],[0,-9.608],[25.362,17.728],[25.585,13.661]],"c":true}]},{"i":{"x":0.833,"y":0.833},"o":{"x":0.167,"y":0.167},"t":233,"s":[{"i":[[14.13,0],[0,-17.34],[-0.149,-1.329],[-13.01,0],[-1.605,-15.43],[0,0]],"o":[[-14.13,0],[0,1.378],[1.605,-15.43],[13.011,0],[0.15,-1.329],[0,-17.34]],"v":[[0,-17.728],[-25.585,13.661],[-25.362,17.728],[0,-9.608],[25.362,17.728],[25.585,13.661]],"c":true}]},{"i":{"x":0.667,"y":1},"o":{"x":0.167,"y":0.167},"t":238,"s":[{"i":[[14.13,0],[0,-17.34],[-0.149,-1.329],[-13.01,0],[-1.605,-15.43],[0,0]],"o":[[-14.13,0],[0,1.378],[1.605,-15.43],[13.011,0],[0.15,-1.329],[0,-17.34]],"v":[[0,-17.728],[-25.585,13.661],[-25.362,17.728],[0,-9.608],[25.362,17.728],[25.585,13.661]],"c":true}]},{"t":262,"s":[{"i":[[18.421,-7.216],[7.079,-6.423],[-0.149,-1.329],[-23.006,8.408],[-10.743,-21.803],[8.166,7.169]],"o":[[-22.569,8.841],[-7.428,6.741],[-0.894,-13.053],[27.2,-9.941],[1.132,-1.99],[-10.591,-9.298]],"v":[[-8,8.459],[-52.71,22.724],[-52.237,36.728],[-6.938,16.267],[43.862,6.853],[40.21,-7.776]],"c":true}]}]},"nm":"Path 1","hd":false},{"ty":"fl","c":{"a":0,"k":[0.419607847929,0.1254902035,0,1]},"o":{"a":0,"k":100},"r":1,"bm":0,"nm":"Fill 1","hd":false},{"ty":"tr","p":{"a":0,"k":[188.881,182.074]},"a":{"a":0,"k":[0,0]},"s":{"a":0,"k":[100,100]},"r":{"a":0,"k":0},"o":{"a":0,"k":100},"sk":{"a":0,"k":0},"sa":{"a":0,"k":0},"nm":"Transform"}],"nm":"Group 1","bm":0,"hd":false},{"ty":"gr","it":[{"ind":0,"ty":"sh","ks":{"a":1,"k":[{"i":{"x":0.29,"y":1},"o":{"x":0.333,"y":0},"t":120,"s":[{"i":[[16.246,-6.467],[-1.841,-13.585],[-18.629,8.441],[10.354,12.688]],"o":[[-20.693,8.238],[1.832,13.518],[14.417,-6.533],[-11.716,-14.357]],"v":[[-6.626,-2.39],[-55.712,17.5],[5.499,17.202],[43.962,-17.5]],"c":true}]},{"i":{"x":0.833,"y":0.833},"o":{"x":0.71,"y":0},"t":150,"s":[{"i":[[14.132,0],[0,-17.336],[-14.131,0],[0.159,14.518]],"o":[[-14.131,0],[0,17.337],[14.132,0],[-0.069,-6.264]],"v":[[-0.001,-31.39],[-25.587,0],[-0.001,31.39],[25.587,0]],"c":true}]},{"i":{"x":0.833,"y":0.833},"o":{"x":0.167,"y":0.167},"t":158,"s":[{"i":[[14.132,0],[0,-17.336],[-14.131,0],[0.159,14.518]],"o":[[-14.131,0],[0,17.337],[14.132,0],[-0.069,-6.264]],"v":[[-0.001,-31.39],[-25.587,0],[-0.001,31.39],[25.587,0]],"c":true}]},{"i":{"x":0.833,"y":0.833},"o":{"x":0.167,"y":0.167},"t":162,"s":[{"i":[[18.946,0],[0,-5.009],[-18.945,0],[0.213,4.194]],"o":[[-18.945,0],[0,5.009],[18.946,0],[-0.092,-1.81]],"v":[[0.057,1.907],[-34.358,-5.003],[0.057,20.044],[34.246,-5.003]],"c":true}]},{"i":{"x":0.833,"y":0.833},"o":{"x":0.167,"y":0.167},"t":172,"s":[{"i":[[14.132,0],[0,-17.336],[-14.131,0],[0.159,14.518]],"o":[[-14.131,0],[0,17.337],[14.132,0],[-0.069,-6.264]],"v":[[-0.001,-31.39],[-25.587,0],[-0.001,31.39],[25.587,0]],"c":true}]},{"i":{"x":0.833,"y":0.833},"o":{"x":0.167,"y":0.167},"t":188,"s":[{"i":[[14.132,0],[0,-17.336],[-14.131,0],[0.159,14.518]],"o":[[-14.131,0],[0,17.337],[14.132,0],[-0.069,-6.264]],"v":[[-0.001,-31.39],[-25.587,0],[-0.001,31.39],[25.587,0]],"c":true}]},{"i":{"x":0.833,"y":0.833},"o":{"x":0.167,"y":0.167},"t":233,"s":[{"i":[[14.132,0],[0,-17.336],[-14.131,0],[0.159,14.518]],"o":[[-14.131,0],[0,17.337],[14.132,0],[-0.069,-6.264]],"v":[[-0.001,-31.39],[-25.587,0],[-0.174,13.864],[25.587,0]],"c":true}]},{"i":{"x":0.667,"y":1},"o":{"x":0.167,"y":0.167},"t":238,"s":[{"i":[[14.132,0],[0,-17.336],[-14.131,0],[0.159,14.518]],"o":[[-14.131,0],[0,17.337],[14.132,0],[-0.069,-6.264]],"v":[[-0.001,-31.39],[-25.587,0],[-0.174,13.864],[25.587,0]],"c":true}]},{"t":262,"s":[{"i":[[16.246,-6.467],[-1.841,-13.585],[-18.629,8.441],[10.354,12.688]],"o":[[-20.693,8.238],[1.832,13.518],[14.417,-6.533],[-11.716,-14.357]],"v":[[-6.626,-2.39],[-55.712,17.5],[5.499,17.202],[43.962,-17.5]],"c":true}]}]},"nm":"Path 1","hd":false},{"ty":"fl","c":{"a":0,"k":[0.525490224361,0.247058823705,0.078431375325,1]},"o":{"a":0,"k":100},"r":1,"bm":0,"nm":"Fill 1","hd":false},{"ty":"tr","p":{"a":0,"k":[188.879,195.732]},"a":{"a":0,"k":[0,0]},"s":{"a":0,"k":[100,100]},"r":{"a":0,"k":0},"o":{"a":0,"k":100},"sk":{"a":0,"k":0},"sa":{"a":0,"k":0},"nm":"Transform"}],"nm":"Group 2","bm":0,"hd":false},{"ty":"gr","it":[{"ind":0,"ty":"sh","ks":{"a":1,"k":[{"i":{"x":0.29,"y":1},"o":{"x":0.333,"y":0},"t":120,"s":[{"i":[[31.578,-12.432],[0.038,-15.461],[-21.879,8.899],[9.932,12.706]],"o":[[-35.379,13.929],[-0.041,16.683],[17.082,-6.948],[-15.798,-20.211]],"v":[[-9.251,-4.64],[-60.168,19.125],[4.624,22.765],[48.668,-17.25]],"c":true}]},{"i":{"x":0.833,"y":0.833},"o":{"x":0.71,"y":0},"t":150,"s":[{"i":[[15.074,0],[0,-17.336],[-15.073,0],[0.298,17.336]],"o":[[-15.073,0],[0,17.337],[15.074,0],[-0.298,-17.336]],"v":[[-0.001,-31.39],[-27.293,0],[-0.001,31.39],[27.293,0]],"c":true}]},{"i":{"x":0.833,"y":0.833},"o":{"x":0.167,"y":0.167},"t":158,"s":[{"i":[[15.074,0],[0,-17.336],[-15.073,0],[0.298,17.336]],"o":[[-15.073,0],[0,17.337],[15.074,0],[-0.298,-17.336]],"v":[[-0.001,-31.39],[-27.293,0],[-0.001,31.39],[27.293,0]],"c":true}]},{"i":{"x":0.833,"y":0.833},"o":{"x":0.167,"y":0.167},"t":162,"s":[{"i":[[20.208,0],[0,-5.009],[-20.207,0],[0.4,5.008]],"o":[[-20.207,0],[0,5.009],[20.208,0],[-0.4,-5.008]],"v":[[0.057,6.188],[-36.646,-0.721],[0.057,24.325],[36.534,-0.721]],"c":true}]},{"i":{"x":0.833,"y":0.833},"o":{"x":0.167,"y":0.167},"t":172,"s":[{"i":[[15.074,0],[0,-17.336],[-15.073,0],[0.298,17.336]],"o":[[-15.073,0],[0,17.337],[15.074,0],[-0.298,-17.336]],"v":[[-0.001,-31.39],[-27.293,0],[-0.001,31.39],[27.293,0]],"c":true}]},{"i":{"x":0.833,"y":0.833},"o":{"x":0.167,"y":0.167},"t":188,"s":[{"i":[[15.074,0],[0,-17.336],[-15.073,0],[0.298,17.336]],"o":[[-15.073,0],[0,17.337],[15.074,0],[-0.298,-17.336]],"v":[[-0.001,-31.39],[-27.293,0],[-0.001,31.39],[27.293,0]],"c":true}]},{"i":{"x":0.833,"y":0.833},"o":{"x":0.167,"y":0.167},"t":233,"s":[{"i":[[15.074,0],[0,-17.336],[-15.073,0],[0.298,17.336]],"o":[[-15.073,0],[0,17.337],[15.074,0],[-0.298,-17.336]],"v":[[-0.001,-31.39],[-27.293,0],[-0.175,13.864],[27.293,0]],"c":true}]},{"i":{"x":0.667,"y":1},"o":{"x":0.167,"y":0.167},"t":238,"s":[{"i":[[15.074,0],[0,-17.336],[-15.073,0],[0.298,17.336]],"o":[[-15.073,0],[0,17.337],[15.074,0],[-0.298,-17.336]],"v":[[-0.001,-31.39],[-27.293,0],[-0.175,13.864],[27.293,0]],"c":true}]},{"t":262,"s":[{"i":[[31.578,-12.432],[0.038,-15.461],[-21.879,8.899],[9.932,12.706]],"o":[[-35.379,13.929],[-0.041,16.683],[17.082,-6.948],[-15.798,-20.211]],"v":[[-9.251,-4.64],[-60.168,19.125],[4.624,22.765],[48.668,-17.25]],"c":true}]}]},"nm":"Path 1","hd":false},{"ty":"fl","c":{"a":0,"k":[1,0.694117665291,0.223529413342,1]},"o":{"a":0,"k":100},"r":1,"bm":0,"nm":"Fill 1","hd":false},{"ty":"tr","p":{"a":0,"k":[188.88,189.711]},"a":{"a":0,"k":[0,0]},"s":{"a":0,"k":[100,100]},"r":{"a":0,"k":0},"o":{"a":0,"k":100},"sk":{"a":0,"k":0},"sa":{"a":0,"k":0},"nm":"Transform"}],"nm":"Group 4","bm":0,"hd":false},{"ty":"gr","it":[{"ind":0,"ty":"sh","ks":{"a":1,"k":[{"i":{"x":0.29,"y":1},"o":{"x":0.333,"y":0},"t":120,"s":[{"i":[[26.386,-9.79],[-4.805,-20.847],[-28.87,10.662],[5.452,15.229]],"o":[[-37.379,13.869],[3.913,16.979],[26.496,-9.785],[-5.315,-14.848]],"v":[[-7.251,-9.64],[-59.168,13.375],[7.249,16.64],[50.793,-24]],"c":true}]},{"i":{"x":0.833,"y":0.833},"o":{"x":0.71,"y":0},"t":150,"s":[{"i":[[15.074,0],[0,-17.336],[-15.073,0],[0.327,15.854]],"o":[[-15.073,0],[0,17.337],[15.074,0],[-0.325,-15.767]],"v":[[-0.001,-31.39],[-27.293,0],[-0.001,31.39],[27.293,0]],"c":true}]},{"i":{"x":0.833,"y":0.833},"o":{"x":0.167,"y":0.167},"t":158,"s":[{"i":[[15.074,0],[0,-17.336],[-15.073,0],[0.327,15.854]],"o":[[-15.073,0],[0,17.337],[15.074,0],[-0.325,-15.767]],"v":[[-0.001,-31.39],[-27.293,0],[-0.001,31.39],[27.293,0]],"c":true}]},{"i":{"x":0.833,"y":0.833},"o":{"x":0.167,"y":0.167},"t":162,"s":[{"i":[[20.208,0],[0,-5.009],[-20.207,0],[0.438,4.58]],"o":[[-20.207,0],[0,5.009],[20.208,0],[-0.436,-4.555]],"v":[[0.057,-2.387],[-36.646,-9.297],[0.057,15.75],[36.534,-9.297]],"c":true}]},{"i":{"x":0.833,"y":0.833},"o":{"x":0.167,"y":0.167},"t":172,"s":[{"i":[[15.074,0],[0,-17.336],[-15.073,0],[0.327,15.854]],"o":[[-15.073,0],[0,17.337],[15.074,0],[-0.325,-15.767]],"v":[[-0.001,-31.39],[-27.293,0],[-0.001,31.39],[27.293,0]],"c":true}]},{"i":{"x":0.833,"y":0.833},"o":{"x":0.167,"y":0.167},"t":188,"s":[{"i":[[15.074,0],[0,-17.336],[-15.073,0],[0.327,15.854]],"o":[[-15.073,0],[0,17.337],[15.074,0],[-0.325,-15.767]],"v":[[-0.001,-31.39],[-27.293,0],[-0.001,31.39],[27.293,0]],"c":true}]},{"i":{"x":0.833,"y":0.833},"o":{"x":0.167,"y":0.167},"t":233,"s":[{"i":[[15.074,0],[0,-17.336],[-15.073,0],[0.327,15.854]],"o":[[-15.073,0],[0,17.337],[15.074,0],[-0.325,-15.767]],"v":[[-0.001,-31.39],[-27.293,0],[-0.175,13.864],[27.293,0]],"c":true}]},{"i":{"x":0.667,"y":1},"o":{"x":0.167,"y":0.167},"t":238,"s":[{"i":[[15.074,0],[0,-17.336],[-15.073,0],[0.327,15.854]],"o":[[-15.073,0],[0,17.337],[15.074,0],[-0.325,-15.767]],"v":[[-0.001,-31.39],[-27.293,0],[-0.175,13.864],[27.293,0]],"c":true}]},{"t":262,"s":[{"i":[[26.386,-9.79],[-4.805,-20.847],[-28.87,10.662],[5.452,15.229]],"o":[[-37.379,13.869],[3.913,16.979],[26.496,-9.785],[-5.315,-14.848]],"v":[[-7.251,-9.64],[-59.168,13.375],[7.249,16.64],[50.793,-24]],"c":true}]}]},"nm":"Path 1","hd":false},{"ty":"fl","c":{"a":0,"k":[1,0.886274516582,0.65098041296,1]},"o":{"a":0,"k":100},"r":1,"bm":0,"nm":"Fill 1","hd":false},{"ty":"tr","p":{"a":0,"k":[188.88,201.771]},"a":{"a":0,"k":[0,0]},"s":{"a":0,"k":[100,100]},"r":{"a":0,"k":0},"o":{"a":0,"k":100},"sk":{"a":0,"k":0},"sa":{"a":0,"k":0},"nm":"Transform"}],"nm":"Group 3","bm":0,"hd":false}],"ip":0,"op":600,"st":0,"bm":0},{"ddd":0,"ind":4,"ty":4,"nm":"eye1","parent":2,"sr":1,"ks":{"p":{"a":1,"k":[{"i":{"x":0.19,"y":1},"o":{"x":0.333,"y":0},"t":120,"s":[-91.12,14.491,0],"to":[0,0,0],"ti":[0,0,0]},{"i":{"x":0.19,"y":0.19},"o":{"x":0.81,"y":0.81},"t":150,"s":[-78.036,16.929,0],"to":[0,0,0],"ti":[0,0,0]},{"i":{"x":0.631,"y":1},"o":{"x":0.81,"y":0},"t":160,"s":[-78.036,16.929,0],"to":[0,0,0],"ti":[0,0,0]},{"i":{"x":0.631,"y":0.631},"o":{"x":0.369,"y":0.369},"t":172,"s":[-81.12,15.109,0],"to":[0,0,0],"ti":[0,0,0]},{"i":{"x":0.667,"y":1},"o":{"x":0.369,"y":0},"t":238,"s":[-81.12,15.109,0],"to":[0,0,0],"ti":[0,0,0]},{"t":262,"s":[-91.12,14.491,0]}]},"a":{"a":0,"k":[188.88,195.741,0]}},"ao":0,"shapes":[{"ty":"gr","it":[{"ind":0,"ty":"sh","ks":{"a":1,"k":[{"i":{"x":0.29,"y":1},"o":{"x":0.333,"y":0},"t":120,"s":[{"i":[[18.421,-7.216],[7.079,-6.423],[-0.149,-1.329],[-23.006,8.408],[-10.743,-21.803],[8.166,7.169]],"o":[[-22.569,8.841],[-7.428,6.741],[-0.894,-13.053],[27.2,-9.941],[1.132,-1.99],[-10.591,-9.298]],"v":[[-8,8.459],[-52.71,22.724],[-52.237,36.728],[-6.938,16.267],[43.862,6.853],[40.21,-7.776]],"c":true}]},{"i":{"x":0.833,"y":0.833},"o":{"x":0.71,"y":0},"t":150,"s":[{"i":[[14.13,0],[0,-17.34],[-0.149,-1.329],[-13.01,0],[-1.605,-15.43],[0,0]],"o":[[-14.13,0],[0,1.378],[1.605,-15.43],[13.011,0],[0.15,-1.329],[0,-17.34]],"v":[[0,-17.728],[-25.585,13.661],[-25.362,17.728],[0,-9.608],[25.362,17.728],[25.585,13.661]],"c":true}]},{"i":{"x":0.833,"y":0.833},"o":{"x":0.167,"y":0.167},"t":158,"s":[{"i":[[14.13,0],[0,-17.34],[-0.149,-1.329],[-13.01,0],[-1.605,-15.43],[0,0]],"o":[[-14.13,0],[0,1.378],[1.605,-15.43],[13.011,0],[0.15,-1.329],[0,-17.34]],"v":[[0,-17.728],[-25.585,13.661],[-25.362,17.728],[0,-9.608],[25.362,17.728],[25.585,13.661]],"c":true}]},{"i":{"x":0.833,"y":0.833},"o":{"x":0.167,"y":0.167},"t":162,"s":[{"i":[[18.943,0],[0,-5.01],[-0.199,-0.384],[-17.441,0],[-2.152,-4.458],[0,0]],"o":[[-18.943,0],[0,0.398],[2.152,-4.458],[17.443,0],[0.201,-0.384],[0,-5.01]],"v":[[0.058,15.565],[-34.355,8.656],[-34.056,9.831],[0.058,17.911],[33.946,9.831],[34.245,8.656]],"c":true}]},{"i":{"x":0.833,"y":0.833},"o":{"x":0.167,"y":0.167},"t":172,"s":[{"i":[[14.13,0],[0,-17.34],[-0.149,-1.329],[-13.01,0],[-1.605,-15.43],[0,0]],"o":[[-14.13,0],[0,1.378],[1.605,-15.43],[13.011,0],[0.15,-1.329],[0,-17.34]],"v":[[0,-17.728],[-25.585,13.661],[-25.362,17.728],[0,-9.608],[25.362,17.728],[25.585,13.661]],"c":true}]},{"i":{"x":0.833,"y":0.833},"o":{"x":0.167,"y":0.167},"t":188,"s":[{"i":[[14.13,0],[0,-17.34],[-0.149,-1.329],[-13.01,0],[-1.605,-15.43],[0,0]],"o":[[-14.13,0],[0,1.378],[1.605,-15.43],[13.011,0],[0.15,-1.329],[0,-17.34]],"v":[[0,-17.728],[-25.585,13.661],[-25.362,17.728],[0,-9.608],[25.362,17.728],[25.585,13.661]],"c":true}]},{"i":{"x":0.833,"y":0.833},"o":{"x":0.167,"y":0.167},"t":233,"s":[{"i":[[14.13,0],[0,-17.34],[-0.149,-1.329],[-13.01,0],[-1.605,-15.43],[0,0]],"o":[[-14.13,0],[0,1.378],[1.605,-15.43],[13.011,0],[0.15,-1.329],[0,-17.34]],"v":[[0,-17.728],[-25.585,13.661],[-25.362,17.728],[0,-9.608],[25.362,17.728],[25.585,13.661]],"c":true}]},{"i":{"x":0.667,"y":1},"o":{"x":0.167,"y":0.167},"t":238,"s":[{"i":[[14.13,0],[0,-17.34],[-0.149,-1.329],[-13.01,0],[-1.605,-15.43],[0,0]],"o":[[-14.13,0],[0,1.378],[1.605,-15.43],[13.011,0],[0.15,-1.329],[0,-17.34]],"v":[[0,-17.728],[-25.585,13.661],[-25.362,17.728],[0,-9.608],[25.362,17.728],[25.585,13.661]],"c":true}]},{"t":262,"s":[{"i":[[18.421,-7.216],[7.079,-6.423],[-0.149,-1.329],[-23.006,8.408],[-10.743,-21.803],[8.166,7.169]],"o":[[-22.569,8.841],[-7.428,6.741],[-0.894,-13.053],[27.2,-9.941],[1.132,-1.99],[-10.591,-9.298]],"v":[[-8,8.459],[-52.71,22.724],[-52.237,36.728],[-6.938,16.267],[43.862,6.853],[40.21,-7.776]],"c":true}]}]},"nm":"Path 1","hd":false},{"ty":"fl","c":{"a":0,"k":[0.419607847929,0.1254902035,0,1]},"o":{"a":0,"k":100},"r":1,"bm":0,"nm":"Fill 1","hd":false},{"ty":"tr","p":{"a":0,"k":[188.881,182.074]},"a":{"a":0,"k":[0,0]},"s":{"a":0,"k":[100,100]},"r":{"a":0,"k":0},"o":{"a":0,"k":100},"sk":{"a":0,"k":0},"sa":{"a":0,"k":0},"nm":"Transform"}],"nm":"Group 1","bm":0,"hd":false},{"ty":"gr","it":[{"ind":0,"ty":"sh","ks":{"a":1,"k":[{"i":{"x":0.29,"y":1},"o":{"x":0.333,"y":0},"t":120,"s":[{"i":[[16.246,-6.467],[-1.841,-13.585],[-18.629,8.441],[10.354,12.688]],"o":[[-20.693,8.238],[1.832,13.518],[14.417,-6.533],[-11.716,-14.357]],"v":[[-6.626,-2.39],[-55.712,17.5],[5.499,17.202],[43.962,-17.5]],"c":true}]},{"i":{"x":0.833,"y":0.833},"o":{"x":0.71,"y":0},"t":150,"s":[{"i":[[14.132,0],[0,-17.336],[-14.131,0],[0.159,14.518]],"o":[[-14.131,0],[0,17.337],[14.132,0],[-0.069,-6.264]],"v":[[-0.001,-31.39],[-25.587,0],[-0.001,31.39],[25.587,0]],"c":true}]},{"i":{"x":0.833,"y":0.833},"o":{"x":0.167,"y":0.167},"t":158,"s":[{"i":[[14.132,0],[0,-17.336],[-14.131,0],[0.159,14.518]],"o":[[-14.131,0],[0,17.337],[14.132,0],[-0.069,-6.264]],"v":[[-0.001,-31.39],[-25.587,0],[-0.001,31.39],[25.587,0]],"c":true}]},{"i":{"x":0.833,"y":0.833},"o":{"x":0.167,"y":0.167},"t":162,"s":[{"i":[[18.946,0],[0,-5.009],[-18.945,0],[0.213,4.194]],"o":[[-18.945,0],[0,5.009],[18.946,0],[-0.092,-1.81]],"v":[[0.057,1.907],[-34.358,-5.003],[0.057,20.044],[34.246,-5.003]],"c":true}]},{"i":{"x":0.833,"y":0.833},"o":{"x":0.167,"y":0.167},"t":172,"s":[{"i":[[14.132,0],[0,-17.336],[-14.131,0],[0.159,14.518]],"o":[[-14.131,0],[0,17.337],[14.132,0],[-0.069,-6.264]],"v":[[-0.001,-31.39],[-25.587,0],[-0.001,31.39],[25.587,0]],"c":true}]},{"i":{"x":0.833,"y":0.833},"o":{"x":0.167,"y":0.167},"t":188,"s":[{"i":[[14.132,0],[0,-17.336],[-14.131,0],[0.159,14.518]],"o":[[-14.131,0],[0,17.337],[14.132,0],[-0.069,-6.264]],"v":[[-0.001,-31.39],[-25.587,0],[-0.001,31.39],[25.587,0]],"c":true}]},{"i":{"x":0.833,"y":0.833},"o":{"x":0.167,"y":0.167},"t":233,"s":[{"i":[[14.132,0],[0,-17.336],[-14.131,0],[0.159,14.518]],"o":[[-14.131,0],[0,17.337],[14.132,0],[-0.069,-6.264]],"v":[[-0.001,-31.39],[-25.587,0],[0.102,11.802],[25.587,0]],"c":true}]},{"i":{"x":0.667,"y":1},"o":{"x":0.167,"y":0.167},"t":238,"s":[{"i":[[14.132,0],[0,-17.336],[-14.131,0],[0.159,14.518]],"o":[[-14.131,0],[0,17.337],[14.132,0],[-0.069,-6.264]],"v":[[-0.001,-31.39],[-25.587,0],[0.102,11.802],[25.587,0]],"c":true}]},{"t":262,"s":[{"i":[[16.246,-6.467],[-1.841,-13.585],[-18.629,8.441],[10.354,12.688]],"o":[[-20.693,8.238],[1.832,13.518],[14.417,-6.533],[-11.716,-14.357]],"v":[[-6.626,-2.39],[-55.712,17.5],[5.499,17.202],[43.962,-17.5]],"c":true}]}]},"nm":"Path 1","hd":false},{"ty":"fl","c":{"a":0,"k":[0.525490224361,0.247058823705,0.078431375325,1]},"o":{"a":0,"k":100},"r":1,"bm":0,"nm":"Fill 1","hd":false},{"ty":"tr","p":{"a":0,"k":[188.879,195.732]},"a":{"a":0,"k":[0,0]},"s":{"a":0,"k":[100,100]},"r":{"a":0,"k":0},"o":{"a":0,"k":100},"sk":{"a":0,"k":0},"sa":{"a":0,"k":0},"nm":"Transform"}],"nm":"Group 2","bm":0,"hd":false},{"ty":"gr","it":[{"ind":0,"ty":"sh","ks":{"a":1,"k":[{"i":{"x":0.29,"y":1},"o":{"x":0.333,"y":0},"t":120,"s":[{"i":[[31.578,-12.432],[0.038,-15.461],[-21.879,8.899],[9.932,12.706]],"o":[[-35.379,13.929],[-0.041,16.683],[17.082,-6.948],[-15.798,-20.211]],"v":[[-9.251,-4.64],[-60.168,19.125],[4.624,22.765],[48.668,-17.25]],"c":true}]},{"i":{"x":0.833,"y":0.833},"o":{"x":0.71,"y":0},"t":150,"s":[{"i":[[15.074,0],[0,-17.336],[-15.073,0],[0.298,17.336]],"o":[[-15.073,0],[0,17.337],[15.074,0],[-0.298,-17.336]],"v":[[-0.001,-31.39],[-27.293,0],[-0.001,31.39],[27.293,0]],"c":true}]},{"i":{"x":0.833,"y":0.833},"o":{"x":0.167,"y":0.167},"t":158,"s":[{"i":[[15.074,0],[0,-17.336],[-15.073,0],[0.298,17.336]],"o":[[-15.073,0],[0,17.337],[15.074,0],[-0.298,-17.336]],"v":[[-0.001,-31.39],[-27.293,0],[-0.001,31.39],[27.293,0]],"c":true}]},{"i":{"x":0.833,"y":0.833},"o":{"x":0.167,"y":0.167},"t":162,"s":[{"i":[[20.208,0],[0,-5.009],[-20.207,0],[0.4,5.008]],"o":[[-20.207,0],[0,5.009],[20.208,0],[-0.4,-5.008]],"v":[[0.057,6.188],[-36.646,-0.721],[0.057,24.325],[36.534,-0.721]],"c":true}]},{"i":{"x":0.833,"y":0.833},"o":{"x":0.167,"y":0.167},"t":172,"s":[{"i":[[15.074,0],[0,-17.336],[-15.073,0],[0.298,17.336]],"o":[[-15.073,0],[0,17.337],[15.074,0],[-0.298,-17.336]],"v":[[-0.001,-31.39],[-27.293,0],[-0.001,31.39],[27.293,0]],"c":true}]},{"i":{"x":0.833,"y":0.833},"o":{"x":0.167,"y":0.167},"t":188,"s":[{"i":[[15.074,0],[0,-17.336],[-15.073,0],[0.298,17.336]],"o":[[-15.073,0],[0,17.337],[15.074,0],[-0.298,-17.336]],"v":[[-0.001,-31.39],[-27.293,0],[-0.001,31.39],[27.293,0]],"c":true}]},{"i":{"x":0.833,"y":0.833},"o":{"x":0.167,"y":0.167},"t":233,"s":[{"i":[[15.074,0],[0,-17.336],[-15.073,0],[0.298,17.336]],"o":[[-15.073,0],[0,17.337],[15.074,0],[-0.298,-17.336]],"v":[[-0.001,-31.39],[-27.293,0],[0.101,11.802],[27.293,0]],"c":true}]},{"i":{"x":0.667,"y":1},"o":{"x":0.167,"y":0.167},"t":238,"s":[{"i":[[15.074,0],[0,-17.336],[-15.073,0],[0.298,17.336]],"o":[[-15.073,0],[0,17.337],[15.074,0],[-0.298,-17.336]],"v":[[-0.001,-31.39],[-27.293,0],[0.101,11.802],[27.293,0]],"c":true}]},{"t":262,"s":[{"i":[[31.578,-12.432],[0.038,-15.461],[-21.879,8.899],[9.932,12.706]],"o":[[-35.379,13.929],[-0.041,16.683],[17.082,-6.948],[-15.798,-20.211]],"v":[[-9.251,-4.64],[-60.168,19.125],[4.624,22.765],[48.668,-17.25]],"c":true}]}]},"nm":"Path 1","hd":false},{"ty":"fl","c":{"a":0,"k":[1,0.694117665291,0.223529413342,1]},"o":{"a":0,"k":100},"r":1,"bm":0,"nm":"Fill 1","hd":false},{"ty":"tr","p":{"a":0,"k":[188.88,189.711]},"a":{"a":0,"k":[0,0]},"s":{"a":0,"k":[100,100]},"r":{"a":0,"k":0},"o":{"a":0,"k":100},"sk":{"a":0,"k":0},"sa":{"a":0,"k":0},"nm":"Transform"}],"nm":"Group 4","bm":0,"hd":false},{"ty":"gr","it":[{"ind":0,"ty":"sh","ks":{"a":1,"k":[{"i":{"x":0.29,"y":1},"o":{"x":0.333,"y":0},"t":120,"s":[{"i":[[26.386,-9.79],[-4.805,-20.847],[-28.87,10.662],[5.452,15.229]],"o":[[-37.379,13.869],[3.913,16.979],[26.496,-9.785],[-5.315,-14.848]],"v":[[-7.251,-9.64],[-59.168,13.375],[7.249,16.64],[50.793,-24]],"c":true}]},{"i":{"x":0.833,"y":0.833},"o":{"x":0.71,"y":0},"t":150,"s":[{"i":[[15.074,0],[0,-17.336],[-15.073,0],[0.327,15.854]],"o":[[-15.073,0],[0,17.337],[15.074,0],[-0.325,-15.767]],"v":[[-0.001,-31.39],[-27.293,0],[-0.001,31.39],[27.293,0]],"c":true}]},{"i":{"x":0.833,"y":0.833},"o":{"x":0.167,"y":0.167},"t":158,"s":[{"i":[[15.074,0],[0,-17.336],[-15.073,0],[0.327,15.854]],"o":[[-15.073,0],[0,17.337],[15.074,0],[-0.325,-15.767]],"v":[[-0.001,-31.39],[-27.293,0],[-0.001,31.39],[27.293,0]],"c":true}]},{"i":{"x":0.833,"y":0.833},"o":{"x":0.167,"y":0.167},"t":162,"s":[{"i":[[20.208,0],[0,-5.009],[-20.207,0],[0.438,4.58]],"o":[[-20.207,0],[0,5.009],[20.208,0],[-0.436,-4.555]],"v":[[0.057,-2.387],[-36.646,-9.297],[0.057,15.75],[36.534,-9.297]],"c":true}]},{"i":{"x":0.833,"y":0.833},"o":{"x":0.167,"y":0.167},"t":172,"s":[{"i":[[15.074,0],[0,-17.336],[-15.073,0],[0.327,15.854]],"o":[[-15.073,0],[0,17.337],[15.074,0],[-0.325,-15.767]],"v":[[-0.001,-31.39],[-27.293,0],[-0.001,31.39],[27.293,0]],"c":true}]},{"i":{"x":0.833,"y":0.833},"o":{"x":0.167,"y":0.167},"t":188,"s":[{"i":[[15.074,0],[0,-17.336],[-15.073,0],[0.327,15.854]],"o":[[-15.073,0],[0,17.337],[15.074,0],[-0.325,-15.767]],"v":[[-0.001,-31.39],[-27.293,0],[-0.001,31.39],[27.293,0]],"c":true}]},{"i":{"x":0.833,"y":0.833},"o":{"x":0.167,"y":0.167},"t":233,"s":[{"i":[[15.074,0],[0,-17.336],[-15.073,0],[0.327,15.854]],"o":[[-15.073,0],[0,17.337],[15.074,0],[-0.325,-15.767]],"v":[[-0.001,-31.39],[-27.293,0],[0.101,11.802],[27.293,0]],"c":true}]},{"i":{"x":0.667,"y":1},"o":{"x":0.167,"y":0.167},"t":238,"s":[{"i":[[15.074,0],[0,-17.336],[-15.073,0],[0.327,15.854]],"o":[[-15.073,0],[0,17.337],[15.074,0],[-0.325,-15.767]],"v":[[-0.001,-31.39],[-27.293,0],[0.101,11.802],[27.293,0]],"c":true}]},{"t":262,"s":[{"i":[[26.386,-9.79],[-4.805,-20.847],[-28.87,10.662],[5.452,15.229]],"o":[[-37.379,13.869],[3.913,16.979],[26.496,-9.785],[-5.315,-14.848]],"v":[[-7.251,-9.64],[-59.168,13.375],[7.249,16.64],[50.793,-24]],"c":true}]}]},"nm":"Path 1","hd":false},{"ty":"fl","c":{"a":0,"k":[1,0.886274516582,0.65098041296,1]},"o":{"a":0,"k":100},"r":1,"bm":0,"nm":"Fill 1","hd":false},{"ty":"tr","p":{"a":0,"k":[188.88,201.771]},"a":{"a":0,"k":[0,0]},"s":{"a":0,"k":[100,100]},"r":{"a":0,"k":0},"o":{"a":0,"k":100},"sk":{"a":0,"k":0},"sa":{"a":0,"k":0},"nm":"Transform"}],"nm":"Group 3","bm":0,"hd":false}],"ip":0,"op":600,"st":0,"bm":0},{"ddd":0,"ind":5,"ty":4,"nm":"mouth","parent":2,"sr":1,"ks":{"p":{"a":0,"k":[0.002,114.579,0]},"a":{"a":0,"k":[65.069,32.007,0]},"s":{"a":1,"k":[{"i":{"x":[0.833,0.833,0.833],"y":[0.833,0.833,0.833]},"o":{"x":[0.167,0.167,0.167],"y":[0.167,0.167,0.167]},"t":250,"s":[100,100,100]},{"i":{"x":[0.833,0.833,0.833],"y":[0.833,0.833,0.833]},"o":{"x":[0.167,0.167,0.167],"y":[0.167,0.167,0.167]},"t":258,"s":[80,80,100]},{"t":272,"s":[100,100,100]}]}},"ao":0,"shapes":[{"ty":"gr","it":[{"ind":0,"ty":"sh","ks":{"a":1,"k":[{"i":{"x":0.667,"y":1},"o":{"x":0.167,"y":0.167},"t":130,"s":[{"i":[[3.056,-2.243],[6.81,7.31],[17.095,0],[13.167,-14.143],[1.789,-4.951],[-11.458,12.318],[-17.13,0],[-13.155,-14.143]],"o":[[-1.79,-4.951],[-13.155,-14.143],[-17.13,0],[-6.798,7.31],[-3.057,-2.243],[13.167,-14.143],[17.095,0],[11.458,12.318]],"v":[[61.372,25.706],[48.402,6.45],[0.001,-17.827],[-48.413,6.45],[-61.37,25.706],[-48.413,-0.279],[0.001,-25.706],[48.402,-0.279]],"c":true}]},{"i":{"x":0.667,"y":1},"o":{"x":0.333,"y":0},"t":147,"s":[{"i":[[1.05,-0.85],[2.338,2.774],[5.873,0],[4.521,-5.365],[0.615,-1.877],[-3.938,4.669],[-5.885,0],[-4.52,-5.362]],"o":[[-0.615,-1.877],[-4.52,-5.363],[-5.885,0],[-2.336,2.772],[-1.05,-0.85],[4.524,-5.363],[5.873,0],[3.937,4.671]],"v":[[21.04,23.13],[16.584,15.829],[-0.001,8.884],[-16.678,15.829],[-21.129,23.13],[-16.678,13.277],[-0.001,5.896],[16.584,13.277]],"c":true}]},{"i":{"x":0.667,"y":1},"o":{"x":0.333,"y":0},"t":152,"s":[{"i":[[1.05,-0.85],[2.338,2.774],[5.873,0],[4.521,-5.365],[0.615,-1.877],[-3.938,4.669],[-5.885,0],[-4.52,-5.362]],"o":[[-0.615,-1.877],[-4.52,-5.363],[-5.885,0],[-2.336,2.772],[-1.05,-0.85],[4.524,-5.363],[5.873,0],[3.937,4.671]],"v":[[21.04,23.13],[16.584,15.829],[-0.001,8.884],[-16.678,15.829],[-21.129,23.13],[-16.678,13.277],[-0.001,5.896],[16.584,13.277]],"c":true}]},{"i":{"x":0.667,"y":1},"o":{"x":0.333,"y":0},"t":186,"s":[{"i":[[1.854,-1.203],[4.129,3.924],[10.373,0],[7.985,-7.589],[1.086,-2.655],[-7.707,6.784],[-10.395,0],[-8.261,-7.282]],"o":[[-1.086,-2.655],[-7.983,-7.586],[-10.395,0],[-4.125,3.921],[-1.855,-1.203],[8.27,-7.279],[10.373,0],[8.405,7.409]],"v":[[37.314,26.664],[29.444,16.336],[0.15,6.512],[-29.305,16.336],[-37.168,26.664],[-31.25,12.171],[0.15,2.286],[31.319,12.241]],"c":true}]},{"i":{"x":0.46,"y":1},"o":{"x":0.333,"y":0},"t":189,"s":[{"i":[[1.854,-1.203],[4.129,3.924],[10.373,0],[7.985,-7.589],[1.086,-2.655],[-7.707,6.784],[-10.395,0],[-8.261,-7.282]],"o":[[-1.086,-2.655],[-7.983,-7.586],[-10.395,0],[-4.125,3.921],[-1.855,-1.203],[8.27,-7.279],[10.373,0],[8.405,7.409]],"v":[[37.314,26.664],[29.444,16.336],[0.15,6.512],[-29.305,16.336],[-37.168,26.664],[-31.25,12.171],[0.15,2.286],[31.319,12.241]],"c":true}]},{"i":{"x":0.29,"y":1},"o":{"x":0.333,"y":0},"t":243,"s":[{"i":[[4.409,-3.193],[9.818,10.416],[24.663,0],[18.987,-20.147],[2.581,-7.048],[-16.536,17.527],[-24.713,0],[-18.979,-20.134]],"o":[[-2.582,-7.048],[-18.979,-20.134],[-24.713,0],[-9.807,10.407],[-4.41,-3.193],[18.996,-20.134],[24.663,0],[16.53,17.536]],"v":[[88.675,28.465],[69.965,1.052],[0.002,-25.358],[-69.71,1.052],[-88.403,28.465],[-69.71,-8.527],[0.002,-36.574],[69.965,-8.527]],"c":true}]},{"i":{"x":0.667,"y":1},"o":{"x":0.71,"y":0},"t":254,"s":[{"i":[[4.828,-2.771],[6.803,10.251],[17.095,0],[13.157,-19.831],[2.817,-8.474],[-11.465,17.261],[-17.13,0],[-13.155,-19.824]],"o":[[-4.176,-9.073],[-13.155,-19.824],[-17.13,0],[-6.798,10.246],[-7.661,-3.144],[13.167,-19.824],[17.095,0],[11.458,17.266]],"v":[[64.668,40.865],[48.435,15.017],[0.001,-11.861],[-48.381,15.017],[-62.75,42.008],[-48.381,5.585],[0.001,-22.905],[48.435,5.585]],"c":true}]},{"t":276,"s":[{"i":[[3.056,-2.243],[6.81,7.31],[17.095,0],[13.167,-14.143],[1.789,-4.951],[-11.458,12.318],[-17.13,0],[-13.155,-14.143]],"o":[[-1.79,-4.951],[-13.155,-14.143],[-17.13,0],[-6.798,7.31],[-3.057,-2.243],[13.167,-14.143],[17.095,0],[11.458,12.318]],"v":[[61.372,25.706],[48.402,6.45],[0.001,-17.827],[-48.413,6.45],[-61.37,25.706],[-48.413,-0.279],[0.001,-25.706],[48.402,-0.279]],"c":true}]}]},"nm":"Path 1","hd":false},{"ty":"fl","c":{"a":0,"k":[0.419999994016,0.125,0,1]},"o":{"a":0,"k":100},"r":1,"bm":0,"nm":"Fill 1","hd":false},{"ty":"tr","p":{"a":0,"k":[65.065,32.93]},"a":{"a":0,"k":[0,0]},"s":{"a":0,"k":[100,100]},"r":{"a":0,"k":0},"o":{"a":0,"k":100},"sk":{"a":0,"k":0},"sa":{"a":0,"k":0},"nm":"Transform"}],"nm":"Group 1","bm":0,"hd":false},{"ty":"gr","it":[{"ind":0,"ty":"sh","ks":{"a":1,"k":[{"i":{"x":0.667,"y":1},"o":{"x":0.167,"y":0.167},"t":130,"s":[{"i":[[11.953,12.85],[17.094,0],[13.16,-14.148],[-3.885,-1.494],[-34.745,0.374],[-4.879,1.877]],"o":[[-13.161,-14.148],[-17.122,0],[-11.953,12.85],[4.879,1.877],[34.745,0.374],[3.884,-1.494]],"v":[[48.411,-1.337],[0.001,-26.77],[-48.41,-1.337],[-60.927,24.893],[0.001,5.607],[60.928,24.893]],"c":true}]},{"i":{"x":0.667,"y":1},"o":{"x":0.333,"y":0},"t":147,"s":[{"i":[[4.342,4.872],[6.209,0],[4.78,-5.364],[-0.051,-1.577],[-12.621,0.142],[0.012,10.742]],"o":[[-4.781,-5.365],[-6.22,0],[-4.342,4.872],[0.29,9.047],[12.621,0.142],[-0.002,-1.578]],"v":[[17.542,12.217],[0.002,4.832],[-17.628,12.217],[-22.175,22.162],[-0.024,38.263],[22.089,22.162]],"c":true}]},{"i":{"x":0.667,"y":1},"o":{"x":0.333,"y":0},"t":152,"s":[{"i":[[4.342,4.872],[6.209,0],[4.78,-5.364],[-0.051,-1.577],[-12.621,0.142],[0.012,10.742]],"o":[[-4.781,-5.365],[-6.22,0],[-4.342,4.872],[0.29,9.047],[12.621,0.142],[-0.002,-1.578]],"v":[[17.542,12.217],[0.002,4.832],[-17.628,12.217],[-22.175,22.162],[-0.024,38.263],[22.089,22.162]],"c":true}]},{"i":{"x":0.667,"y":1},"o":{"x":0.333,"y":0},"t":186,"s":[{"i":[[7.524,5.929],[10.76,0],[8.284,-6.528],[-0.088,-1.92],[-21.871,0.173],[0.02,13.072]],"o":[[-8.284,-6.528],[-10.778,0],[-7.524,5.929],[0.502,11.01],[21.871,0.173],[-0.003,-1.92]],"v":[[30.546,10.208],[0.152,1.222],[-30.398,10.208],[-38.278,22.311],[0.106,41.905],[38.426,22.311]],"c":true}]},{"i":{"x":0.46,"y":1},"o":{"x":0.333,"y":0},"t":189,"s":[{"i":[[7.524,5.929],[10.76,0],[8.284,-6.528],[-0.088,-1.92],[-21.871,0.173],[0.02,13.072]],"o":[[-8.284,-6.528],[-10.778,0],[-7.524,5.929],[0.502,11.01],[21.871,0.173],[-0.003,-1.92]],"v":[[30.546,10.208],[0.152,1.222],[-30.398,10.208],[-38.278,22.311],[0.106,41.905],[38.426,22.311]],"c":true}]},{"i":{"x":0.29,"y":1},"o":{"x":0.333,"y":0},"t":243,"s":[{"i":[[17.245,18.293],[24.661,0],[18.986,-20.141],[-5.605,-2.128],[-50.126,0.532],[-7.039,2.672]],"o":[[-18.987,-20.141],[-24.702,0],[-17.244,18.293],[7.039,2.672],[50.126,0.532],[5.603,-2.127]],"v":[[69.975,-9.583],[0.001,-37.64],[-69.705,-9.583],[-87.765,27.759],[-0.073,-8.047],[88.035,27.759]],"c":true}]},{"i":{"x":0.667,"y":1},"o":{"x":0.71,"y":0},"t":254,"s":[{"i":[[11.953,18.011],[17.094,0],[13.16,-19.831],[-9.736,-2.095],[-34.745,0.524],[-14.354,2.631]],"o":[[-13.161,-19.831],[-17.122,0],[-11.953,18.012],[12.228,2.631],[34.745,0.524],[11.427,-2.094]],"v":[[48.443,4.53],[0.001,-23.97],[-48.377,4.53],[-61.644,41.296],[-0.117,5.433],[61.928,41.296]],"c":true}]},{"t":276,"s":[{"i":[[11.953,12.85],[17.094,0],[13.16,-14.148],[-3.885,-1.494],[-34.745,0.374],[-4.879,1.877]],"o":[[-13.161,-14.148],[-17.122,0],[-11.953,12.85],[4.879,1.877],[34.745,0.374],[3.884,-1.494]],"v":[[48.411,-1.337],[0.001,-26.77],[-48.41,-1.337],[-60.927,24.893],[0.001,5.607],[60.928,24.893]],"c":true}]}]},"nm":"Path 1","hd":false},{"ty":"fl","c":{"a":0,"k":[0.525,0.246999987434,0.078000005086,1]},"o":{"a":0,"k":100},"r":1,"bm":0,"nm":"Fill 1","hd":false},{"ty":"tr","p":{"a":0,"k":[65.062,33.993]},"a":{"a":0,"k":[0,0]},"s":{"a":0,"k":[100,100]},"r":{"a":0,"k":0},"o":{"a":0,"k":100},"sk":{"a":0,"k":0},"sa":{"a":0,"k":0},"nm":"Transform"}],"nm":"Group 2","bm":0,"hd":false},{"ty":"gr","it":[{"ind":0,"ty":"sh","ks":{"a":1,"k":[{"i":{"x":0.667,"y":1},"o":{"x":0.167,"y":0.167},"t":130,"s":[{"i":[[11.953,12.85],[17.094,0],[13.16,-14.148],[-3.885,-1.494],[-34.745,0.374],[-4.879,1.877]],"o":[[-13.161,-14.148],[-17.122,0],[-11.953,12.85],[4.879,1.877],[34.745,0.374],[3.884,-1.494]],"v":[[48.411,-4.88],[0.001,-30.314],[-48.41,-4.88],[-60.927,28.437],[0.001,2.225],[60.928,28.437]],"c":true}]},{"i":{"x":0.667,"y":1},"o":{"x":0.333,"y":0},"t":147,"s":[{"i":[[4.342,4.872],[6.209,0],[4.78,-5.364],[-1.411,-0.567],[-12.621,0.142],[-0.382,5.666]],"o":[[-4.781,-5.364],[-6.22,0],[-4.342,4.872],[1.772,0.712],[12.621,0.142],[0.106,-1.574]],"v":[[17.542,13.002],[0.002,5.618],[-17.628,13.002],[-22.175,25.635],[-0.024,39.11],[22.089,25.635]],"c":true}]},{"i":{"x":0.667,"y":1},"o":{"x":0.333,"y":0},"t":152,"s":[{"i":[[4.342,4.872],[6.209,0],[4.78,-5.364],[-1.411,-0.567],[-12.621,0.142],[-0.382,5.666]],"o":[[-4.781,-5.364],[-6.22,0],[-4.342,4.872],[1.772,0.712],[12.621,0.142],[0.106,-1.574]],"v":[[17.542,13.002],[0.002,5.618],[-17.628,13.002],[-22.175,25.635],[-0.024,39.11],[22.089,25.635]],"c":true}]},{"i":{"x":0.667,"y":1},"o":{"x":0.333,"y":0},"t":186,"s":[{"i":[[7.524,5.929],[10.76,0],[8.284,-6.528],[-2.445,-0.69],[-21.871,0.173],[-0.662,6.895]],"o":[[-8.284,-6.528],[-10.778,0],[-7.524,5.929],[3.071,0.866],[21.871,0.173],[0.184,-1.915]],"v":[[30.546,10.42],[0.152,1.434],[-30.398,10.42],[-38.278,25.793],[0.106,42.192],[38.426,25.793]],"c":true}]},{"i":{"x":0.46,"y":1},"o":{"x":0.333,"y":0},"t":189,"s":[{"i":[[7.524,5.929],[10.76,0],[8.284,-6.528],[-2.445,-0.69],[-21.871,0.173],[-0.662,6.895]],"o":[[-8.284,-6.528],[-10.778,0],[-7.524,5.929],[3.071,0.866],[21.871,0.173],[0.184,-1.915]],"v":[[30.546,10.42],[0.152,1.434],[-30.398,10.42],[-38.278,25.793],[0.106,42.192],[38.426,25.793]],"c":true}]},{"i":{"x":0.29,"y":1},"o":{"x":0.333,"y":0},"t":243,"s":[{"i":[[17.245,18.293],[24.661,0],[18.986,-20.141],[-5.605,-2.128],[-50.126,0.532],[-7.039,2.672]],"o":[[-18.987,-20.141],[-24.702,0],[-17.244,18.293],[7.039,2.672],[50.126,0.532],[5.603,-2.127]],"v":[[69.975,-16.08],[0.001,-44.137],[-69.705,-16.08],[-87.765,31.351],[-0.073,-14.314],[88.035,31.351]],"c":true}]},{"i":{"x":0.667,"y":1},"o":{"x":0.71,"y":0},"t":254,"s":[{"i":[[11.953,18.011],[17.094,0],[13.16,-19.831],[-9.736,-2.095],[-34.745,0.524],[-14.354,2.631]],"o":[[-13.161,-19.831],[-17.122,0],[-11.953,18.012],[12.228,2.631],[34.745,0.524],[11.427,-2.094]],"v":[[48.443,-1.815],[0.001,-30.314],[-48.377,-1.815],[-61.644,44.885],[-0.117,-0.684],[61.928,44.885]],"c":true}]},{"t":276,"s":[{"i":[[11.953,12.85],[17.094,0],[13.16,-14.148],[-3.885,-1.494],[-34.745,0.374],[-4.879,1.877]],"o":[[-13.161,-14.148],[-17.122,0],[-11.953,12.85],[4.879,1.877],[34.745,0.374],[3.884,-1.494]],"v":[[48.411,-4.88],[0.001,-30.314],[-48.41,-4.88],[-60.927,28.437],[0.001,2.225],[60.928,28.437]],"c":true}]}]},"nm":"Path 1","hd":false},{"ty":"fl","c":{"a":0,"k":[1,0.694000004787,0.224000010771,1]},"o":{"a":0,"k":100},"r":1,"bm":0,"nm":"Fill 1","hd":false},{"ty":"tr","p":{"a":0,"k":[65.062,30.564]},"a":{"a":0,"k":[0,0]},"s":{"a":0,"k":[100,100]},"r":{"a":0,"k":0},"o":{"a":0,"k":100},"sk":{"a":0,"k":0},"sa":{"a":0,"k":0},"nm":"Transform"}],"nm":"Group 3","bm":0,"hd":false},{"ty":"gr","it":[{"ind":0,"ty":"sh","ks":{"a":1,"k":[{"i":{"x":0.667,"y":1},"o":{"x":0.167,"y":0.167},"t":130,"s":[{"i":[[11.953,12.85],[17.094,0],[13.16,-14.148],[-3.885,-1.494],[-34.746,0.373],[-4.879,1.877]],"o":[[-13.161,-14.148],[-17.122,0],[-11.954,12.85],[4.879,1.877],[34.745,0.373],[3.885,-1.494]],"v":[[51.983,-1.337],[0.001,-26.77],[-51.935,-1.337],[-60.928,24.893],[0.001,7.07],[60.927,24.893]],"c":true}]},{"i":{"x":0.667,"y":1},"o":{"x":0.333,"y":0},"t":147,"s":[{"i":[[4.342,4.872],[6.209,0],[4.781,-5.364],[-0.016,-1.578],[-12.621,0.141],[-0.283,10.688]],"o":[[-4.781,-5.365],[-6.22,0],[-4.342,4.872],[0.093,9.455],[12.621,0.141],[0.042,-1.578]],"v":[[18.839,9.269],[0.002,1.885],[-18.908,9.269],[-22.175,19.214],[-0.024,35.87],[22.089,19.214]],"c":true}]},{"i":{"x":0.667,"y":1},"o":{"x":0.333,"y":0},"t":152,"s":[{"i":[[4.342,4.872],[6.209,0],[4.781,-5.364],[-0.016,-1.578],[-12.621,0.141],[-0.283,10.688]],"o":[[-4.781,-5.365],[-6.22,0],[-4.342,4.872],[0.093,9.455],[12.621,0.141],[0.042,-1.578]],"v":[[18.839,9.269],[0.002,1.885],[-18.908,9.269],[-22.175,19.214],[-0.024,35.87],[22.089,19.214]],"c":true}]},{"i":{"x":0.667,"y":1},"o":{"x":0.333,"y":0},"t":186,"s":[{"i":[[7.524,5.929],[10.76,0],[8.284,-6.528],[-0.027,-1.921],[-21.871,0.172],[-0.491,13.007]],"o":[[-8.284,-6.528],[-10.778,0],[-7.525,5.929],[0.161,11.507],[21.871,0.172],[0.072,-1.92]],"v":[[32.794,7.651],[0.152,-1.335],[-32.617,7.651],[-38.278,19.754],[0.106,40.024],[38.425,19.754]],"c":true}]},{"i":{"x":0.46,"y":1},"o":{"x":0.333,"y":0},"t":189,"s":[{"i":[[7.524,5.929],[10.76,0],[8.284,-6.528],[-0.027,-1.921],[-21.871,0.172],[-0.491,13.007]],"o":[[-8.284,-6.528],[-10.778,0],[-7.525,5.929],[0.161,11.507],[21.871,0.172],[0.072,-1.92]],"v":[[32.794,7.651],[0.152,-1.335],[-32.617,7.651],[-38.278,19.754],[0.106,40.024],[38.425,19.754]],"c":true}]},{"i":{"x":0.29,"y":1},"o":{"x":0.333,"y":0},"t":243,"s":[{"i":[[17.245,18.293],[24.661,0],[18.987,-20.14],[-5.605,-2.128],[-50.127,0.531],[-7.039,2.671]],"o":[[-18.987,-20.141],[-24.702,0],[-17.246,18.293],[7.039,2.672],[50.126,0.531],[5.605,-2.127]],"v":[[75.129,-7.571],[0.001,-35.628],[-74.791,-7.571],[-87.765,29.77],[-0.073,-3.952],[88.033,29.77]],"c":true}]},{"i":{"x":0.667,"y":1},"o":{"x":0.71,"y":0},"t":254,"s":[{"i":[[11.953,18.011],[17.094,0],[13.161,-19.83],[-9.736,-2.095],[-34.746,0.523],[-14.355,2.63]],"o":[[-13.161,-19.831],[-17.122,0],[-11.954,18.012],[12.228,2.631],[34.745,0.523],[11.43,-2.094]],"v":[[52.015,6.437],[0.001,-22.063],[-51.902,6.437],[-61.644,43.203],[-0.117,9.392],[61.926,43.203]],"c":true}]},{"t":276,"s":[{"i":[[11.953,12.85],[17.094,0],[13.16,-14.148],[-3.885,-1.494],[-34.746,0.373],[-4.879,1.877]],"o":[[-13.161,-14.148],[-17.122,0],[-11.954,12.85],[4.879,1.877],[34.745,0.373],[3.885,-1.494]],"v":[[51.983,-1.337],[0.001,-26.77],[-51.935,-1.337],[-60.928,24.893],[0.001,7.07],[60.927,24.893]],"c":true}]}]},"nm":"Path 1","hd":false},{"ty":"fl","c":{"a":0,"k":[1,0.885999971278,0.651000019148,1]},"o":{"a":0,"k":100},"r":1,"bm":0,"nm":"Fill 1","hd":false},{"ty":"tr","p":{"a":0,"k":[65.063,38.741]},"a":{"a":0,"k":[0,0]},"s":{"a":0,"k":[100,100]},"r":{"a":0,"k":0},"o":{"a":0,"k":100},"sk":{"a":0,"k":0},"sa":{"a":0,"k":0},"nm":"Transform"}],"nm":"Group 4","bm":0,"hd":false}],"ip":0,"op":600,"st":0,"bm":0},{"ddd":0,"ind":6,"ty":4,"nm":"body","parent":1,"sr":1,"ks":{"p":{"a":1,"k":[{"i":{"x":0.15,"y":1},"o":{"x":0.167,"y":0.167},"t":120,"s":[-0.001,4.703,0],"to":[0,0,0],"ti":[0,0,0]},{"i":{"x":0.541,"y":0.541},"o":{"x":0.811,"y":0.811},"t":166,"s":[-0.001,-32.328,0],"to":[0,0,0],"ti":[0,0,0]},{"i":{"x":0.567,"y":1},"o":{"x":0.245,"y":0},"t":210,"s":[-0.001,-32.328,0],"to":[0,0,0],"ti":[0,0,0]},{"i":{"x":0.833,"y":0.833},"o":{"x":0.71,"y":0},"t":233,"s":[-0.001,-48.502,0],"to":[0,0,0],"ti":[0,-13.907,0]},{"i":{"x":0.833,"y":0.897},"o":{"x":0.167,"y":0.167},"t":248,"s":[-0.001,4.703,0],"to":[0,13.907,0],"ti":[0,-4.52,0]},{"i":{"x":0.833,"y":0.721},"o":{"x":0.167,"y":0.444},"t":252,"s":[-0.001,34.939,0],"to":[0,4.52,0],"ti":[0,3.248,0]},{"i":{"x":0.833,"y":0.849},"o":{"x":0.167,"y":0.119},"t":256,"s":[-0.001,31.826,0],"to":[0,-3.248,0],"ti":[0,4.945,0]},{"i":{"x":0.833,"y":0.888},"o":{"x":0.167,"y":0.186},"t":260,"s":[-0.001,15.449,0],"to":[0,-4.945,0],"ti":[0,2.977,0]},{"i":{"x":0.833,"y":0.879},"o":{"x":0.167,"y":0.326},"t":264,"s":[-0.001,2.156,0],"to":[0,-2.977,0],"ti":[0,0.448,0]},{"i":{"x":0.833,"y":0.765},"o":{"x":0.167,"y":0.269},"t":268,"s":[-0.001,-2.41,0],"to":[0,-0.448,0],"ti":[0,-0.935,0]},{"i":{"x":0.833,"y":0.861},"o":{"x":0.167,"y":0.129},"t":272,"s":[-0.001,-0.533,0],"to":[0,0.935,0],"ti":[0,-1.041,0]},{"i":{"x":0.833,"y":0.898},"o":{"x":0.167,"y":0.207},"t":276,"s":[-0.001,3.202,0],"to":[0,1.041,0],"ti":[0,-0.513,0]},{"i":{"x":0.833,"y":0.827},"o":{"x":0.167,"y":0.449},"t":280,"s":[-0.001,5.71,0],"to":[0,0.513,0],"ti":[0,0.007,0]},{"i":{"x":0.833,"y":0.807},"o":{"x":0.167,"y":0.161},"t":284,"s":[-0.001,6.281,0],"to":[0,-0.007,0],"ti":[0,0.237,0]},{"i":{"x":0.833,"y":0.87},"o":{"x":0.167,"y":0.147},"t":288,"s":[-0.001,5.666,0],"to":[0,-0.237,0],"ti":[0,0.209,0]},{"i":{"x":0.833,"y":0.902},"o":{"x":0.167,"y":0.233},"t":292,"s":[-0.001,4.858,0],"to":[0,-0.209,0],"ti":[0,0.026,0]},{"i":{"x":0.833,"y":0.833},"o":{"x":0.167,"y":0.111},"t":296,"s":[-0.001,4.41,0],"to":[0,-0.026,0],"ti":[0,0,0]},{"t":299,"s":[-0.001,4.703,0]}]},"a":{"a":0,"k":[242.737,242.737,0]}},"ao":0,"shapes":[{"ty":"gr","it":[{"ty":"gr","it":[{"ind":0,"ty":"sh","ks":{"a":0,"k":{"i":[[0,0],[-8.975,-1.485]],"o":[[0,0],[0,0]],"v":[[-7.315,-0.894],[7.315,0.894]],"c":false}},"nm":"Path 1","hd":false},{"ty":"st","c":{"a":0,"k":[1,1,1,1]},"o":{"a":0,"k":100},"w":{"a":0,"k":6.973},"lc":2,"lj":2,"bm":0,"nm":"Stroke 1","hd":false},{"ty":"tr","p":{"a":0,"k":[267.505,42.631]},"a":{"a":0,"k":[0,0]},"s":{"a":0,"k":[100,100]},"r":{"a":0,"k":0},"o":{"a":0,"k":100},"sk":{"a":0,"k":0},"sa":{"a":0,"k":0},"nm":"Transform"}],"nm":"Group 1","bm":0,"hd":false},{"ty":"gr","it":[{"ind":0,"ty":"sh","ks":{"a":0,"k":{"i":[[0,0],[-1.911,-0.473]],"o":[[1.787,0.389],[0,0]],"v":[[-2.776,-0.646],[2.776,0.646]],"c":false}},"nm":"Path 1","hd":false},{"ty":"st","c":{"a":0,"k":[1,1,1,1]},"o":{"a":0,"k":100},"w":{"a":0,"k":6.973},"lc":2,"lj":2,"bm":0,"nm":"Stroke 1","hd":false},{"ty":"tr","p":{"a":0,"k":[287.782,46.124]},"a":{"a":0,"k":[0,0]},"s":{"a":0,"k":[100,100]},"r":{"a":0,"k":0},"o":{"a":0,"k":100},"sk":{"a":0,"k":0},"sa":{"a":0,"k":0},"nm":"Transform"}],"nm":"Group 2","bm":0,"hd":false},{"ty":"gr","it":[{"ind":0,"ty":"sh","ks":{"a":0,"k":{"i":[[0,-84.419],[95.802,0],[0,84.42],[-95.803,0]],"o":[[0,84.42],[-95.803,0],[0,-84.419],[95.802,0]],"v":[[173.466,55.072],[0.001,72.712],[-173.465,55.072],[0.001,-97.782]],"c":true}},"nm":"Path 1","hd":false},{"ty":"fl","c":{"a":0,"k":[1,0.875,0.475,1]},"o":{"a":0,"k":100},"r":1,"bm":0,"nm":"Fill 1","hd":false},{"ty":"tr","p":{"a":0,"k":[242.737,138.357]},"a":{"a":0,"k":[0,0]},"s":{"a":0,"k":[100,100]},"r":{"a":0,"k":0},"o":{"a":0,"k":100},"sk":{"a":0,"k":0},"sa":{"a":0,"k":0},"nm":"Transform"}],"nm":"Group 3","bm":0,"hd":false},{"ty":"gr","it":[{"ind":0,"ty":"sh","ks":{"a":0,"k":{"i":[[31.756,-22.665],[-42.58,0],[-28.421,-17.926],[35.764,0.548],[0.999,0]],"o":[[30.187,-22.432],[37.616,0],[-28.585,-17.569],[-1.002,-0.016],[-41.534,0]],"v":[[-106.309,17.975],[5.453,-17.975],[106.31,10.501],[8.583,-17.941],[5.59,-17.964]],"c":true}},"nm":"Path 1","hd":false},{"ty":"fl","c":{"a":0,"k":[1,0.827000038297,0.458999992819,1]},"o":{"a":0,"k":100},"r":1,"bm":0,"nm":"Fill 1","hd":false},{"ty":"tr","p":{"a":0,"k":[237.284,58.55]},"a":{"a":0,"k":[0,0]},"s":{"a":0,"k":[100,100]},"r":{"a":0,"k":0},"o":{"a":0,"k":100},"sk":{"a":0,"k":0},"sa":{"a":0,"k":0},"nm":"Transform"}],"nm":"Group 4","bm":0,"hd":false},{"ty":"gr","it":[{"ind":0,"ty":"sh","ks":{"a":0,"k":{"i":[[0,-121.223],[121.223,0],[0,121.224],[-121.224,0]],"o":[[0,121.224],[-121.224,0],[0,-121.223],[121.223,0]],"v":[[219.494,-0.001],[0,219.494],[-219.495,-0.001],[0,-219.494]],"c":true}},"nm":"Path 1","hd":false},{"ty":"st","c":{"a":0,"k":[0.969000004787,0.493999974868,0.255000005984,1]},"o":{"a":0,"k":100},"w":{"a":0,"k":9.297},"lc":1,"lj":1,"ml":10,"bm":0,"nm":"Stroke 1","hd":false},{"ty":"tr","p":{"a":0,"k":[242.737,242.737]},"a":{"a":0,"k":[0,0]},"s":{"a":0,"k":[100,100]},"r":{"a":0,"k":0},"o":{"a":0,"k":100},"sk":{"a":0,"k":0},"sa":{"a":0,"k":0},"nm":"Transform"}],"nm":"Group 5","bm":0,"hd":false},{"ty":"gr","it":[{"ind":0,"ty":"sh","ks":{"a":0,"k":{"i":[[1.693,-110.433],[108.051,1.655],[-1.692,110.435],[-108.051,-1.655]],"o":[[-1.692,110.434],[-108.05,-1.657],[1.694,-110.433],[108.05,1.657]],"v":[[195.643,2.998],[-3.064,199.958],[-195.644,-3],[3.066,-199.958]],"c":true}},"nm":"Path 1","hd":false},{"ty":"fl","c":{"a":0,"k":[1,0.819999964097,0.250999989229,1]},"o":{"a":0,"k":100},"r":1,"bm":0,"nm":"Fill 1","hd":false},{"ty":"tr","p":{"a":0,"k":[242.801,240.567]},"a":{"a":0,"k":[0,0]},"s":{"a":0,"k":[100,100]},"r":{"a":0,"k":0},"o":{"a":0,"k":100},"sk":{"a":0,"k":0},"sa":{"a":0,"k":0},"nm":"Transform"}],"nm":"Group 6","bm":0,"hd":false},{"ty":"gr","it":[{"ind":0,"ty":"sh","ks":{"a":0,"k":{"i":[[0,-121.222],[121.224,0],[0,121.224],[-121.222,0]],"o":[[0,121.224],[-121.222,0],[0,-121.222],[121.224,0]],"v":[[219.494,-0.001],[0,219.494],[-219.494,-0.001],[0,-219.494]],"c":true}},"nm":"Path 1","hd":false},{"ty":"fl","c":{"a":0,"k":[1,0.694000004787,0.224000010771,1]},"o":{"a":0,"k":100},"r":1,"bm":0,"nm":"Fill 1","hd":false},{"ty":"tr","p":{"a":0,"k":[242.737,242.737]},"a":{"a":0,"k":[0,0]},"s":{"a":0,"k":[100,100]},"r":{"a":0,"k":0},"o":{"a":0,"k":100},"sk":{"a":0,"k":0},"sa":{"a":0,"k":0},"nm":"Transform"}],"nm":"Group 7","bm":0,"hd":false},{"ty":"gr","it":[{"ind":0,"ty":"sh","ks":{"a":0,"k":{"i":[[0,-125.812],[125.811,0],[0,125.812],[-125.812,0]],"o":[[0,125.812],[-125.812,0],[0,-125.812],[125.811,0]],"v":[[227.803,0],[0.001,227.802],[-227.802,0],[0.001,-227.803]],"c":true}},"nm":"Path 1","hd":false},{"ty":"fl","c":{"a":0,"k":[0,0,0,1]},"o":{"a":0,"k":100},"r":1,"bm":0,"nm":"Fill 1","hd":false},{"ty":"tr","p":{"a":0,"k":[242.737,260.169]},"a":{"a":0,"k":[0,0]},"s":{"a":0,"k":[100,100]},"r":{"a":0,"k":0},"o":{"a":0,"k":10},"sk":{"a":0,"k":0},"sa":{"a":0,"k":0},"nm":"Transform"}],"nm":"Group 8","bm":0,"hd":false},{"ty":"tr","p":{"a":0,"k":[242.737,412.129]},"a":{"a":0,"k":[242.737,412.129]},"s":{"a":1,"k":[{"i":{"x":[0.667,0.667],"y":[1,1]},"o":{"x":[0.333,0.333],"y":[0,0]},"t":120,"s":[100,100]},{"i":{"x":[0.667,0.667],"y":[1,1]},"o":{"x":[0.333,0.333],"y":[0,0]},"t":130,"s":[105,95]},{"i":{"x":[0.667,0.667],"y":[1,1]},"o":{"x":[0.167,0.167],"y":[0,0]},"t":150,"s":[97,103]},{"i":{"x":[0.833,0.833],"y":[1,1]},"o":{"x":[0.167,0.167],"y":[0,0]},"t":157,"s":[97,103]},{"i":{"x":[0.5,0.5],"y":[1,1]},"o":{"x":[0.219,0.219],"y":[0,0]},"t":168,"s":[103,97]},{"i":{"x":[0.589,0.589],"y":[1,1]},"o":{"x":[0.331,0.331],"y":[0,0]},"t":183,"s":[99,101]},{"i":{"x":[0.589,0.589],"y":[1,1]},"o":{"x":[0.331,0.331],"y":[0,0]},"t":202,"s":[100,100]},{"i":{"x":[0.697,0.697],"y":[1,1]},"o":{"x":[0.331,0.331],"y":[0,0]},"t":205,"s":[100,100]},{"i":{"x":[0.698,0.698],"y":[1,1]},"o":{"x":[0.352,0.352],"y":[0,0]},"t":220,"s":[98,101]},{"i":{"x":[0.833,0.833],"y":[1,1]},"o":{"x":[0.33,0.33],"y":[0,0]},"t":238,"s":[100,98]},{"i":{"x":[0.67,0.67],"y":[1,1]},"o":{"x":[0.167,0.167],"y":[0.167,0.167]},"t":249,"s":[100,98]},{"i":{"x":[0.67,0.67],"y":[1,1]},"o":{"x":[0.33,0.33],"y":[0,0]},"t":258,"s":[106,94]},{"i":{"x":[0.833,0.833],"y":[0.833,0.833]},"o":{"x":[0.167,0.167],"y":[0,0]},"t":276,"s":[99,101]},{"t":294,"s":[100,100]}]},"r":{"a":0,"k":0},"o":{"a":0,"k":100},"sk":{"a":0,"k":0},"sa":{"a":0,"k":0},"nm":"Transform"}],"nm":"Group 1","bm":0,"hd":false}],"ip":0,"op":600,"st":0,"bm":0}]}