{"tgs":1,"v":"5.5.2","fr":60,"ip":0,"op":180,"w":512,"h":512,"nm":"Comp 1","ddd":0,"assets":[],"layers":[{"ddd":0,"ind":1,"ty":3,"nm":"NULL BODY","sr":1,"ks":{"o":{"a":0,"k":0},"p":{"a":1,"k":[{"i":{"x":0.485,"y":0.975},"o":{"x":0.349,"y":0},"t":0,"s":[256,258,0],"to":[0,0,0],"ti":[0,0,0]},{"i":{"x":0.5,"y":0.98},"o":{"x":0.349,"y":0},"t":20,"s":[256,280,0],"to":[0,0,0],"ti":[0,0,0]},{"i":{"x":0.408,"y":1},"o":{"x":0.434,"y":0.028},"t":50,"s":[256,240,0],"to":[0,0,0],"ti":[0,0,0]},{"i":{"x":0.4,"y":1},"o":{"x":0.4,"y":0},"t":79,"s":[256,264,0],"to":[0,0,0],"ti":[0,0,0]},{"i":{"x":0.4,"y":1},"o":{"x":0.4,"y":0},"t":100,"s":[256,234,0],"to":[0,0,0],"ti":[0,0,0]},{"i":{"x":0.4,"y":1},"o":{"x":0.28,"y":0},"t":120,"s":[256,298,0],"to":[0,0,0],"ti":[0,0,0]},{"i":{"x":0.4,"y":1},"o":{"x":0.28,"y":0},"t":140,"s":[256,248,0],"to":[0,0,0],"ti":[0,0,0]},{"t":163,"s":[256,258,0]}]},"a":{"a":0,"k":[50,50,0]}},"ao":0,"ip":0,"op":180,"st":0,"bm":0},{"ddd":0,"ind":2,"ty":3,"nm":"NULL FACE","parent":8,"sr":1,"ks":{"o":{"a":0,"k":0},"r":{"a":1,"k":[{"i":{"x":[0.7],"y":[1]},"o":{"x":[0.3],"y":[0]},"t":0,"s":[0]},{"i":{"x":[0.3],"y":[1]},"o":{"x":[0.3],"y":[0]},"t":79,"s":[0]},{"i":{"x":[0.223],"y":[1.198]},"o":{"x":[0.4],"y":[0]},"t":100,"s":[0]},{"i":{"x":[0.553],"y":[0.605]},"o":{"x":[0.423],"y":[0]},"t":120,"s":[10]},{"i":{"x":[0.592],"y":[1]},"o":{"x":[0.269],"y":[1.464]},"t":155,"s":[1]},{"t":179,"s":[0]}]},"p":{"a":1,"k":[{"i":{"x":0.7,"y":1},"o":{"x":0.3,"y":0},"t":0,"s":[0,-11,0],"to":[0,0,0],"ti":[0,0,0]},{"i":{"x":0.469,"y":1},"o":{"x":0.3,"y":0},"t":17,"s":[0,7.953,0],"to":[0,0,0],"ti":[0,0,0]},{"i":{"x":0.489,"y":1},"o":{"x":0.335,"y":0},"t":45,"s":[0,-40.793,0],"to":[0,0,0],"ti":[0,0,0]},{"i":{"x":0.3,"y":1},"o":{"x":0.44,"y":0},"t":79,"s":[0,-11,0],"to":[0,0,0],"ti":[0,0,0]},{"i":{"x":0.223,"y":1},"o":{"x":0.4,"y":0},"t":100,"s":[-51,-74.971,0],"to":[0,0,0],"ti":[0,0,0]},{"i":{"x":0.172,"y":1},"o":{"x":0.3,"y":0},"t":120,"s":[-40,43.12,0],"to":[-2.5,-48.25,0],"ti":[0,0,0]},{"t":179,"s":[0,-11,0]}]},"a":{"a":0,"k":[50,50,0]}},"ao":0,"ip":0,"op":180,"st":0,"bm":0},{"ddd":0,"ind":3,"ty":4,"nm":"Brow L","parent":2,"sr":1,"ks":{"r":{"a":1,"k":[{"i":{"x":[0.4],"y":[1]},"o":{"x":[0.34],"y":[0]},"t":0,"s":[0]},{"i":{"x":[0.7],"y":[1]},"o":{"x":[0.325],"y":[0]},"t":21,"s":[6]},{"i":{"x":[0.7],"y":[1]},"o":{"x":[0.3],"y":[0]},"t":27.902,"s":[6]},{"i":{"x":[0.7],"y":[1]},"o":{"x":[0.3],"y":[0]},"t":35.121,"s":[-5]},{"i":{"x":[0.7],"y":[1]},"o":{"x":[0.3],"y":[0]},"t":45.049,"s":[6]},{"i":{"x":[0.636],"y":[1]},"o":{"x":[0.3],"y":[0]},"t":53.17,"s":[-5]},{"i":{"x":[0.4],"y":[1]},"o":{"x":[0.47],"y":[0]},"t":63.549,"s":[6]},{"i":{"x":[0.4],"y":[1]},"o":{"x":[0.28],"y":[0]},"t":79,"s":[0]},{"i":{"x":[0.4],"y":[1]},"o":{"x":[0.4],"y":[0]},"t":100,"s":[-19]},{"i":{"x":[0.4],"y":[1]},"o":{"x":[0.28],"y":[0]},"t":120,"s":[13]},{"t":179,"s":[0]}]},"p":{"a":1,"k":[{"i":{"x":0.4,"y":1},"o":{"x":0.333,"y":0},"t":0,"s":[-47.187,-18.154,0],"to":[0,0,0],"ti":[0,0,0]},{"i":{"x":0.7,"y":1},"o":{"x":0.289,"y":0},"t":21,"s":[-47.187,-14.073,0],"to":[0,0,0],"ti":[0,0,0]},{"i":{"x":0.7,"y":1},"o":{"x":0.3,"y":0},"t":27,"s":[-47.187,-14.133,0],"to":[0,0,0],"ti":[0,0,0]},{"i":{"x":0.7,"y":1},"o":{"x":0.3,"y":0},"t":34.219,"s":[-47.187,-48.975,0],"to":[0,0,0],"ti":[0,0,0]},{"i":{"x":0.7,"y":1},"o":{"x":0.3,"y":0},"t":44.146,"s":[-47.187,-2.291,0],"to":[0,0,0],"ti":[0,0,0]},{"i":{"x":0.636,"y":1},"o":{"x":0.3,"y":0},"t":52.268,"s":[-47.187,-46.576,0],"to":[0,0,0],"ti":[0,0,0]},{"i":{"x":0.4,"y":1},"o":{"x":0.47,"y":0},"t":62.646,"s":[-47.187,-8.016,0],"to":[0,0,0],"ti":[0,0,0]},{"i":{"x":0.4,"y":1},"o":{"x":0.28,"y":0},"t":79,"s":[-47.187,-18.154,0],"to":[0,0,0],"ti":[0,0,0]},{"i":{"x":0.4,"y":1},"o":{"x":0.4,"y":0},"t":100,"s":[-25.711,-18.463,0],"to":[0,0,0],"ti":[0,0,0]},{"i":{"x":0.4,"y":1},"o":{"x":0.28,"y":0},"t":120,"s":[-45.608,-1.11,0],"to":[0,0,0],"ti":[0,0,0]},{"t":179,"s":[-47.187,-18.154,0]}]},"a":{"a":0,"k":[-97.187,-79.154,0]}},"ao":0,"shapes":[{"ty":"gr","it":[{"ind":0,"ty":"sh","ks":{"a":1,"k":[{"i":{"x":0.7,"y":1},"o":{"x":0.3,"y":0},"t":28.805,"s":[{"i":[[0.921,-1.924],[0.03,0.02],[14.837,-18.773],[0.153,-5.596],[-17.005,21.52],[-13.755,-0.736],[-1.466,-1.072]],"o":[[-0.021,-0.024],[-16.374,-5.824],[-10.576,13.385],[-3.728,-0.947],[14.837,-18.773],[3.18,0.169],[2.474,1.806]],"v":[[-59.689,-102.767],[-59.774,-102.84],[-119.698,-80.544],[-133.803,-51.922],[-122.112,-86.222],[-70.631,-110.893],[-62.188,-108.518]],"c":true}]},{"i":{"x":0.7,"y":1},"o":{"x":0.3,"y":0},"t":36.023,"s":[{"i":[[0.921,-1.924],[0.03,0.02],[16.106,-19.206],[0.153,-5.596],[-17.005,21.52],[-15.106,-2.532],[-1.466,-1.072]],"o":[[-0.021,-0.024],[-21.855,-5.026],[-10.951,13.076],[-3.728,-0.947],[14.837,-18.773],[3.135,0.508],[2.474,1.806]],"v":[[-59.689,-102.767],[-59.774,-102.84],[-120.104,-87.373],[-133.803,-51.922],[-122.555,-92.624],[-70.631,-110.893],[-62.188,-108.518]],"c":true}]},{"i":{"x":0.7,"y":1},"o":{"x":0.3,"y":0},"t":45.951,"s":[{"i":[[0.921,-1.924],[0.03,0.02],[14.837,-18.773],[0.153,-5.596],[-17.005,21.52],[-13.755,-0.736],[-1.466,-1.072]],"o":[[-0.021,-0.024],[-16.374,-5.824],[-10.576,13.385],[-3.728,-0.947],[14.837,-18.773],[3.18,0.169],[2.474,1.806]],"v":[[-59.689,-102.767],[-59.774,-102.84],[-119.698,-80.544],[-133.803,-51.922],[-122.112,-86.222],[-70.631,-110.893],[-62.188,-108.518]],"c":true}]},{"i":{"x":0.7,"y":1},"o":{"x":0.3,"y":0},"t":54.072,"s":[{"i":[[0.921,-1.924],[0.03,0.02],[16.106,-19.206],[0.153,-5.596],[-17.005,21.52],[-15.106,-2.532],[-1.466,-1.072]],"o":[[-0.021,-0.024],[-21.855,-5.026],[-10.951,13.076],[-3.728,-0.947],[14.837,-18.773],[3.135,0.508],[2.474,1.806]],"v":[[-59.689,-102.767],[-59.774,-102.84],[-120.104,-87.373],[-133.803,-51.922],[-122.555,-92.624],[-70.631,-110.893],[-62.188,-108.518]],"c":true}]},{"i":{"x":0.72,"y":1},"o":{"x":0.3,"y":0},"t":64,"s":[{"i":[[0.921,-1.924],[0.03,0.02],[14.837,-18.773],[0.153,-5.596],[-17.005,21.52],[-13.755,-0.736],[-1.466,-1.072]],"o":[[-0.021,-0.024],[-16.374,-5.824],[-10.576,13.385],[-3.728,-0.947],[14.837,-18.773],[3.18,0.169],[2.474,1.806]],"v":[[-59.689,-102.767],[-59.774,-102.84],[-119.698,-80.544],[-133.803,-51.922],[-122.112,-86.222],[-70.631,-110.893],[-62.188,-108.518]],"c":true}]},{"i":{"x":0.4,"y":1},"o":{"x":0.4,"y":0},"t":79,"s":[{"i":[[0.921,-1.924],[0.03,0.02],[14.837,-18.773],[0.153,-5.596],[-17.005,21.52],[-13.755,-0.736],[-1.466,-1.072]],"o":[[-0.021,-0.024],[-16.374,-5.824],[-10.576,13.385],[-3.728,-0.947],[14.837,-18.773],[3.18,0.169],[2.474,1.806]],"v":[[-59.689,-102.767],[-59.774,-102.84],[-119.698,-80.544],[-133.803,-51.922],[-122.112,-86.222],[-70.631,-110.893],[-62.188,-108.518]],"c":true}]},{"i":{"x":0.4,"y":1},"o":{"x":0.4,"y":0},"t":100,"s":[{"i":[[0.636,-1.054],[0.012,0.023],[16.123,-5.414],[3.256,-3.302],[-16.676,4.996],[-11.902,-2.232],[-0.339,-0.747]],"o":[[-0.005,-0.024],[-10.738,-4.628],[-14.673,4.927],[-2.14,-1.696],[11.399,-3.415],[2.339,0.439],[0.963,1.042]],"v":[[-37.407,-86.917],[-38.109,-86.941],[-82.46,-81.739],[-109.75,-67.087],[-81.495,-85.466],[-42.487,-91.546],[-37.555,-89.561]],"c":true}]},{"i":{"x":0.4,"y":1},"o":{"x":0.28,"y":0},"t":120,"s":[{"i":[[1.013,-1.785],[0.02,0.023],[14.366,-16.697],[1.009,-5.505],[-16.47,19.137],[-10.428,-2.426],[-0.954,-1.239]],"o":[[-0.012,-0.026],[-11.624,-7.778],[-10.242,11.904],[-2.707,-1.396],[14.369,-16.695],[2.411,0.561],[1.609,2.089]],"v":[[-55.328,-97.395],[-55.381,-97.477],[-104.876,-82.888],[-120.254,-56.38],[-105.821,-88.793],[-62.42,-106.773],[-56.327,-103.381]],"c":true}]},{"t":179,"s":[{"i":[[0.921,-1.924],[0.03,0.02],[14.837,-18.773],[0.153,-5.596],[-17.005,21.52],[-13.755,-0.736],[-1.466,-1.072]],"o":[[-0.021,-0.024],[-16.374,-5.824],[-10.576,13.385],[-3.728,-0.947],[14.837,-18.773],[3.18,0.169],[2.474,1.806]],"v":[[-59.689,-102.767],[-59.774,-102.84],[-119.698,-80.544],[-133.803,-51.922],[-122.112,-86.222],[-70.631,-110.893],[-62.188,-108.518]],"c":true}]}]},"nm":"Path 1","hd":false},{"ty":"fl","c":{"a":0,"k":[0.419607847929,0.1254902035,0,1]},"o":{"a":0,"k":100},"r":1,"bm":0,"nm":"Fill 1","hd":false},{"ty":"tr","p":{"a":0,"k":[0,0]},"a":{"a":0,"k":[0,0]},"s":{"a":0,"k":[100,100]},"r":{"a":0,"k":0},"o":{"a":0,"k":100},"sk":{"a":0,"k":0},"sa":{"a":0,"k":0},"nm":"Transform"}],"nm":"Group 1","bm":0,"hd":false},{"ty":"gr","it":[{"ty":"gr","it":[{"ind":0,"ty":"sh","ks":{"a":1,"k":[{"i":{"x":0.7,"y":1},"o":{"x":0.3,"y":0},"t":28.805,"s":[{"i":[[4.027,2.948],[14.843,-18.782],[-4.728,5.48],[-29.309,11.469],[-4.198,2.085]],"o":[[-1.467,-1.074],[-21.137,26.747],[4.728,-5.48],[7.853,-3.073],[5.546,-2.754]],"v":[[-62.184,-108.518],[-122.115,-86.218],[-130.942,-53.175],[-81.672,-92.848],[-63.728,-99.314]],"c":true}]},{"i":{"x":0.7,"y":1},"o":{"x":0.3,"y":0},"t":36.023,"s":[{"i":[[4.649,1.397],[14.843,-18.782],[-4.728,5.48],[-33.982,6.118],[-4.198,2.085]],"o":[[-19.293,-2.828],[-21.137,26.747],[4.728,-5.48],[8.218,-1.552],[5.546,-2.754]],"v":[[-62.516,-108.547],[-121.092,-89.31],[-130.942,-53.175],[-85.386,-97.215],[-63.728,-99.314]],"c":true}]},{"i":{"x":0.7,"y":1},"o":{"x":0.3,"y":0},"t":45.951,"s":[{"i":[[4.027,2.948],[14.843,-18.782],[-4.728,5.48],[-29.309,11.469],[-4.198,2.085]],"o":[[-1.467,-1.074],[-21.137,26.747],[4.728,-5.48],[7.853,-3.073],[5.546,-2.754]],"v":[[-62.184,-108.518],[-122.115,-86.218],[-130.942,-53.175],[-81.672,-92.848],[-63.728,-99.314]],"c":true}]},{"i":{"x":0.7,"y":1},"o":{"x":0.3,"y":0},"t":54.072,"s":[{"i":[[4.649,1.397],[14.843,-18.782],[-4.728,5.48],[-33.982,6.118],[-4.198,2.085]],"o":[[-19.293,-2.828],[-21.137,26.747],[4.728,-5.48],[8.218,-1.552],[5.546,-2.754]],"v":[[-62.516,-108.547],[-121.092,-89.31],[-130.942,-53.175],[-85.386,-97.215],[-63.728,-99.314]],"c":true}]},{"i":{"x":0.72,"y":1},"o":{"x":0.3,"y":0},"t":64,"s":[{"i":[[4.027,2.948],[14.843,-18.782],[-4.728,5.48],[-29.309,11.469],[-4.198,2.085]],"o":[[-1.467,-1.074],[-21.137,26.747],[4.728,-5.48],[7.853,-3.073],[5.546,-2.754]],"v":[[-62.184,-108.518],[-122.115,-86.218],[-130.942,-53.175],[-81.672,-92.848],[-63.728,-99.314]],"c":true}]},{"i":{"x":0.4,"y":1},"o":{"x":0.4,"y":0},"t":79,"s":[{"i":[[4.027,2.948],[14.843,-18.782],[-4.728,5.48],[-29.309,11.469],[-4.198,2.085]],"o":[[-1.467,-1.074],[-21.137,26.747],[4.728,-5.48],[7.853,-3.073],[5.546,-2.754]],"v":[[-62.184,-108.518],[-122.115,-86.218],[-130.942,-53.175],[-81.672,-92.848],[-63.728,-99.314]],"c":true}]},{"i":{"x":0.4,"y":1},"o":{"x":0.4,"y":0},"t":100,"s":[{"i":[[6.281,1.406],[16.501,-7.414],[-5.424,2.962],[-24.497,1.14],[-3.688,0.502]],"o":[[-1.397,-0.313],[-27.54,12.374],[5.424,-2.962],[6.564,-0.305],[4.872,-0.663]],"v":[[-40.371,-89.287],[-81.9,-84.006],[-106.963,-68.015],[-56.356,-84.827],[-42.74,-85.808]],"c":true}]},{"i":{"x":0.4,"y":1},"o":{"x":0.28,"y":0},"t":120,"s":[{"i":[[2.617,3.408],[14.374,-16.703],[-4.498,4.825],[-24.298,7.692],[-3.551,1.538]],"o":[[-0.954,-1.242],[-20.47,23.786],[4.498,-4.825],[6.511,-2.061],[4.691,-2.032]],"v":[[-56.323,-103.381],[-105.824,-88.789],[-117.861,-57.263],[-73.762,-90.326],[-58.975,-94.486]],"c":true}]},{"t":179,"s":[{"i":[[4.027,2.948],[14.843,-18.782],[-4.728,5.48],[-29.309,11.469],[-4.198,2.085]],"o":[[-1.467,-1.074],[-21.137,26.747],[4.728,-5.48],[7.853,-3.073],[5.546,-2.754]],"v":[[-62.184,-108.518],[-122.115,-86.218],[-130.942,-53.175],[-81.672,-92.848],[-63.728,-99.314]],"c":true}]}]},"nm":"Path 1","hd":false},{"ty":"fl","c":{"a":0,"k":[0.560784339905,0.227450981736,0,1]},"o":{"a":0,"k":100},"r":1,"bm":0,"nm":"Fill 1","hd":false},{"ty":"tr","p":{"a":0,"k":[0,0]},"a":{"a":0,"k":[0,0]},"s":{"a":0,"k":[100,100]},"r":{"a":0,"k":0},"o":{"a":0,"k":100},"sk":{"a":0,"k":0},"sa":{"a":0,"k":0},"nm":"Transform"}],"nm":"Group 1","bm":0,"hd":false},{"ty":"gr","it":[{"ind":0,"ty":"sh","ks":{"a":1,"k":[{"i":{"x":0.7,"y":1},"o":{"x":0.3,"y":0},"t":28.805,"s":[{"i":[[4.027,2.947],[14.843,-18.782],[-4.728,5.48],[-29.309,11.468],[-4.198,2.085]],"o":[[-1.467,-1.074],[-21.137,26.747],[4.728,-5.48],[7.854,-3.073],[5.546,-2.754]],"v":[[-61.497,-107.97],[-123.338,-80.551],[-129.182,-48.767],[-79.911,-88.44],[-61.968,-94.906]],"c":true}]},{"i":{"x":0.7,"y":1},"o":{"x":0.3,"y":0},"t":36.023,"s":[{"i":[[4.027,2.947],[14.843,-18.782],[-4.728,5.48],[-32.236,5.89],[-4.198,2.085]],"o":[[-1.467,-1.074],[-21.137,26.747],[4.728,-5.48],[8.219,-1.538],[5.546,-2.754]],"v":[[-61.497,-107.97],[-123.338,-80.551],[-129.182,-48.767],[-83.196,-92.941],[-62.933,-95.334]],"c":true}]},{"i":{"x":0.7,"y":1},"o":{"x":0.3,"y":0},"t":45.951,"s":[{"i":[[4.027,2.947],[14.843,-18.782],[-4.728,5.48],[-29.309,11.468],[-4.198,2.085]],"o":[[-1.467,-1.074],[-21.137,26.747],[4.728,-5.48],[7.854,-3.073],[5.546,-2.754]],"v":[[-61.497,-107.97],[-123.338,-80.551],[-129.182,-48.767],[-79.911,-88.44],[-61.968,-94.906]],"c":true}]},{"i":{"x":0.7,"y":1},"o":{"x":0.3,"y":0},"t":54.072,"s":[{"i":[[4.027,2.947],[14.843,-18.782],[-4.728,5.48],[-32.236,5.89],[-4.198,2.085]],"o":[[-1.467,-1.074],[-21.137,26.747],[4.728,-5.48],[8.219,-1.538],[5.546,-2.754]],"v":[[-61.497,-107.97],[-123.338,-80.551],[-129.182,-48.767],[-83.196,-92.941],[-62.933,-95.334]],"c":true}]},{"i":{"x":0.72,"y":1},"o":{"x":0.3,"y":0},"t":64,"s":[{"i":[[4.027,2.947],[14.843,-18.782],[-4.728,5.48],[-29.309,11.468],[-4.198,2.085]],"o":[[-1.467,-1.074],[-21.137,26.747],[4.728,-5.48],[7.854,-3.073],[5.546,-2.754]],"v":[[-61.497,-107.97],[-123.338,-80.551],[-129.182,-48.767],[-79.911,-88.44],[-61.968,-94.906]],"c":true}]},{"i":{"x":0.4,"y":1},"o":{"x":0.4,"y":0},"t":79,"s":[{"i":[[4.027,2.947],[14.843,-18.782],[-4.728,5.48],[-29.309,11.468],[-4.198,2.085]],"o":[[-1.467,-1.074],[-21.137,26.747],[4.728,-5.48],[7.854,-3.073],[5.546,-2.754]],"v":[[-61.497,-107.97],[-123.338,-80.551],[-129.182,-48.767],[-79.911,-88.44],[-61.968,-94.906]],"c":true}]},{"i":{"x":0.4,"y":1},"o":{"x":0.4,"y":0},"t":100,"s":[{"i":[[1.532,3.304],[19.98,-7.176],[-5.424,2.962],[-23.422,1.43],[-3.688,0.502]],"o":[[-0.558,-1.204],[-28.968,10.404],[5.424,-2.962],[6.557,-0.4],[4.872,-0.663]],"v":[[-37.371,-88.897],[-84.519,-82.811],[-107.56,-65.704],[-58.5,-82.083],[-43.539,-83.781]],"c":true}]},{"i":{"x":0.4,"y":1},"o":{"x":0.28,"y":0},"t":120,"s":[{"i":[[2.617,3.409],[14.374,-16.703],[-4.498,4.825],[-24.298,7.692],[-3.551,1.538]],"o":[[-0.953,-1.242],[-20.47,23.786],[4.498,-4.825],[6.511,-2.061],[4.691,-2.032]],"v":[[-55.884,-102.756],[-107.665,-83.346],[-117.214,-52.693],[-73.115,-85.756],[-58.328,-89.916]],"c":true}]},{"t":179,"s":[{"i":[[4.027,2.947],[14.843,-18.782],[-4.728,5.48],[-29.309,11.468],[-4.198,2.085]],"o":[[-1.467,-1.074],[-21.137,26.747],[4.728,-5.48],[7.854,-3.073],[5.546,-2.754]],"v":[[-61.497,-107.97],[-123.338,-80.551],[-129.182,-48.767],[-79.911,-88.44],[-61.968,-94.906]],"c":true}]}]},"nm":"Path 1","hd":false},{"ty":"fl","c":{"a":0,"k":[1,0.929411768913,0.713725507259,1]},"o":{"a":0,"k":100},"r":1,"bm":0,"nm":"Fill 1","hd":false},{"ty":"tr","p":{"a":0,"k":[0,0]},"a":{"a":0,"k":[0,0]},"s":{"a":0,"k":[100,100]},"r":{"a":0,"k":0},"o":{"a":0,"k":100},"sk":{"a":0,"k":0},"sa":{"a":0,"k":0},"nm":"Transform"}],"nm":"Group 2","bm":0,"hd":false},{"ty":"tr","p":{"a":0,"k":[0,0]},"a":{"a":0,"k":[0,0]},"s":{"a":0,"k":[100,100]},"r":{"a":0,"k":0},"o":{"a":0,"k":100},"sk":{"a":0,"k":0},"sa":{"a":0,"k":0},"nm":"Transform"}],"nm":"Group 2","bm":0,"hd":false}],"ip":0,"op":180,"st":0,"bm":0},{"ddd":0,"ind":4,"ty":4,"nm":"Brow R","parent":2,"sr":1,"ks":{"r":{"a":1,"k":[{"i":{"x":[0.4],"y":[1]},"o":{"x":[0.3],"y":[0]},"t":0,"s":[0]},{"i":{"x":[0.7],"y":[1]},"o":{"x":[0.351],"y":[0.236]},"t":21,"s":[10]},{"i":{"x":[0.7],"y":[1]},"o":{"x":[0.3],"y":[0]},"t":27.902,"s":[10]},{"i":{"x":[0.7],"y":[1]},"o":{"x":[0.3],"y":[0]},"t":35.121,"s":[21]},{"i":{"x":[0.7],"y":[1]},"o":{"x":[0.3],"y":[0]},"t":45.049,"s":[10]},{"i":{"x":[0.636],"y":[1]},"o":{"x":[0.3],"y":[0]},"t":53.17,"s":[21]},{"i":{"x":[0.4],"y":[1]},"o":{"x":[0.47],"y":[0]},"t":63.549,"s":[10]},{"i":{"x":[0.4],"y":[1]},"o":{"x":[0.3],"y":[0]},"t":79,"s":[15]},{"i":{"x":[0.4],"y":[1]},"o":{"x":[0.4],"y":[0]},"t":100,"s":[26]},{"i":{"x":[0.4],"y":[1]},"o":{"x":[0.28],"y":[0]},"t":120,"s":[-12]},{"t":156,"s":[0]}]},"p":{"a":1,"k":[{"i":{"x":0.4,"y":1},"o":{"x":0.3,"y":0},"t":0,"s":[139.567,11.662,0],"to":[0,0,0],"ti":[0,0,0]},{"i":{"x":0.7,"y":1},"o":{"x":0.289,"y":0},"t":21,"s":[137.858,-19.827,0],"to":[0,0,0],"ti":[0,0,0]},{"i":{"x":0.7,"y":1},"o":{"x":0.3,"y":0},"t":27,"s":[137.858,-19.888,0],"to":[0,0,0],"ti":[0,0,0]},{"i":{"x":0.7,"y":1},"o":{"x":0.3,"y":0},"t":34.219,"s":[137.858,-54.73,0],"to":[0,0,0],"ti":[0,0,0]},{"i":{"x":0.7,"y":1},"o":{"x":0.3,"y":0},"t":44.146,"s":[137.858,-8.046,0],"to":[0,0,0],"ti":[0,0,0]},{"i":{"x":0.636,"y":1},"o":{"x":0.3,"y":0},"t":52.268,"s":[137.858,-52.331,0],"to":[0,0,0],"ti":[0,0,0]},{"i":{"x":0.4,"y":1},"o":{"x":0.47,"y":0},"t":62.646,"s":[137.858,-13.77,0],"to":[0,0,0],"ti":[0,0,0]},{"i":{"x":0.4,"y":1},"o":{"x":0.3,"y":0},"t":79,"s":[137.858,-23.909,0],"to":[0,0,0],"ti":[0,0,0]},{"i":{"x":0.4,"y":1},"o":{"x":0.4,"y":0},"t":100,"s":[135.589,-26.265,0],"to":[0,0,0],"ti":[0,0,0]},{"i":{"x":0.4,"y":1},"o":{"x":0.28,"y":0},"t":120,"s":[131.248,22.607,0],"to":[0,0,0],"ti":[0,0,0]},{"t":179,"s":[139.567,11.662,0]}]},"a":{"a":0,"k":[89.567,-49.338,0]}},"ao":0,"shapes":[{"ty":"gr","it":[{"ind":0,"ty":"sh","ks":{"a":1,"k":[{"i":{"x":0.7,"y":1},"o":{"x":0.3,"y":0},"t":28.805,"s":[{"i":[[-1.6,-1.41],[-0.02,0.03],[-21,-11.47],[-2.33,-5.09],[24.07,13.15],[12.37,-6.06],[0.93,-1.56]],"o":[[0.01,-0.03],[10.493,-11.839],[14.97,8.18],[3.06,-2.33],[-21,-11.47],[-2.86,1.4],[-1.57,2.63]],"v":[[45.184,-52.293],[45.234,-52.393],[109.104,-55.323],[133.284,-34.503],[109.104,-61.493],[52.074,-64.053],[45.234,-58.563]],"c":true}]},{"i":{"x":0.7,"y":1},"o":{"x":0.3,"y":0},"t":36.023,"s":[{"i":[[-1.6,-1.41],[-0.02,0.03],[-21,-11.47],[-2.33,-5.09],[24.07,13.15],[12.705,-6.84],[0.93,-1.56]],"o":[[0.01,-0.03],[12.067,-11.045],[14.97,8.18],[3.06,-2.33],[-21,-11.47],[-2.804,1.506],[-1.57,2.63]],"v":[[46.739,-52.89],[46.789,-52.99],[107.487,-61.859],[133.284,-34.503],[107.299,-67.59],[53.629,-64.65],[46.789,-59.16]],"c":true}]},{"i":{"x":0.7,"y":1},"o":{"x":0.3,"y":0},"t":45.951,"s":[{"i":[[-1.6,-1.41],[-0.02,0.03],[-21,-11.47],[-2.33,-5.09],[24.07,13.15],[12.37,-6.06],[0.93,-1.56]],"o":[[0.01,-0.03],[10.493,-11.839],[14.97,8.18],[3.06,-2.33],[-21,-11.47],[-2.86,1.4],[-1.57,2.63]],"v":[[45.184,-52.293],[45.234,-52.393],[109.104,-55.323],[133.284,-34.503],[109.104,-61.493],[52.074,-64.053],[45.234,-58.563]],"c":true}]},{"i":{"x":0.7,"y":1},"o":{"x":0.3,"y":0},"t":54.072,"s":[{"i":[[-1.6,-1.41],[-0.02,0.03],[-21,-11.47],[-2.33,-5.09],[24.07,13.15],[12.705,-6.84],[0.93,-1.56]],"o":[[0.01,-0.03],[12.067,-11.045],[14.97,8.18],[3.06,-2.33],[-21,-11.47],[-2.804,1.506],[-1.57,2.63]],"v":[[46.739,-52.89],[46.789,-52.99],[107.487,-61.859],[133.284,-34.503],[107.299,-67.59],[53.629,-64.65],[46.789,-59.16]],"c":true}]},{"t":64,"s":[{"i":[[-1.6,-1.41],[-0.02,0.03],[-21,-11.47],[-2.33,-5.09],[24.07,13.15],[12.37,-6.06],[0.93,-1.56]],"o":[[0.01,-0.03],[10.493,-11.839],[14.97,8.18],[3.06,-2.33],[-21,-11.47],[-2.86,1.4],[-1.57,2.63]],"v":[[45.184,-52.293],[45.234,-52.393],[109.104,-55.323],[133.284,-34.503],[109.104,-61.493],[52.074,-64.053],[45.234,-58.563]],"c":true}]}]},"nm":"Path 1","hd":false},{"ty":"fl","c":{"a":0,"k":[0.419607847929,0.1254902035,0,1]},"o":{"a":0,"k":100},"r":1,"bm":0,"nm":"Fill 1","hd":false},{"ty":"tr","p":{"a":0,"k":[0,0]},"a":{"a":0,"k":[0,0]},"s":{"a":0,"k":[100,100]},"r":{"a":0,"k":0},"o":{"a":0,"k":100},"sk":{"a":0,"k":0},"sa":{"a":0,"k":0},"nm":"Transform"}],"nm":"Group 1","bm":0,"hd":false},{"ty":"gr","it":[{"ty":"gr","it":[{"ind":0,"ty":"sh","ks":{"a":1,"k":[{"i":{"x":0.7,"y":1},"o":{"x":0.3,"y":0},"t":28.805,"s":[{"i":[[-2.552,4.288],[-21.009,-11.476],[6.495,3.193],[31.46,-0.915],[4.679,0.276]],"o":[[0.93,-1.562],[29.918,16.343],[-6.495,-3.193],[-8.43,0.245],[-6.181,-0.364]],"v":[[45.23,-58.561],[109.108,-61.49],[130.161,-34.536],[69.295,-51.767],[50.253,-50.695]],"c":true}]},{"i":{"x":0.7,"y":1},"o":{"x":0.3,"y":0},"t":36.023,"s":[{"i":[[-2.552,4.288],[-21.009,-11.476],[6.495,3.193],[31.223,-4.502],[4.679,0.276]],"o":[[0.93,-1.562],[29.918,16.343],[-6.495,-3.193],[-8.321,1.197],[-6.181,-0.364]],"v":[[46.785,-59.158],[106.399,-66.69],[130.161,-34.536],[74.009,-57.613],[51.808,-51.292]],"c":true}]},{"i":{"x":0.7,"y":1},"o":{"x":0.3,"y":0},"t":45.951,"s":[{"i":[[-2.552,4.288],[-21.009,-11.476],[6.495,3.193],[31.46,-0.915],[4.679,0.276]],"o":[[0.93,-1.562],[29.918,16.343],[-6.495,-3.193],[-8.43,0.245],[-6.181,-0.364]],"v":[[45.23,-58.561],[109.108,-61.49],[130.161,-34.536],[69.295,-51.767],[50.253,-50.695]],"c":true}]},{"i":{"x":0.7,"y":1},"o":{"x":0.3,"y":0},"t":54.072,"s":[{"i":[[-2.552,4.288],[-21.009,-11.476],[6.495,3.193],[31.223,-4.502],[4.679,0.276]],"o":[[0.93,-1.562],[29.918,16.343],[-6.495,-3.193],[-8.321,1.197],[-6.181,-0.364]],"v":[[46.785,-59.158],[106.399,-66.69],[130.161,-34.536],[74.009,-57.613],[51.808,-51.292]],"c":true}]},{"t":64,"s":[{"i":[[-2.552,4.288],[-21.009,-11.476],[6.495,3.193],[31.46,-0.915],[4.679,0.276]],"o":[[0.93,-1.562],[29.918,16.343],[-6.495,-3.193],[-8.43,0.245],[-6.181,-0.364]],"v":[[45.23,-58.561],[109.108,-61.49],[130.161,-34.536],[69.295,-51.767],[50.253,-50.695]],"c":true}]}]},"nm":"Path 1","hd":false},{"ty":"fl","c":{"a":0,"k":[0.560784339905,0.227450981736,0,1]},"o":{"a":0,"k":100},"r":1,"bm":0,"nm":"Fill 1","hd":false},{"ty":"tr","p":{"a":0,"k":[0,0]},"a":{"a":0,"k":[0,0]},"s":{"a":0,"k":[100,100]},"r":{"a":0,"k":0},"o":{"a":0,"k":100},"sk":{"a":0,"k":0},"sa":{"a":0,"k":0},"nm":"Transform"}],"nm":"Group 1","bm":0,"hd":false},{"ty":"gr","it":[{"ind":0,"ty":"sh","ks":{"a":1,"k":[{"i":{"x":0.7,"y":1},"o":{"x":0.3,"y":0},"t":28.805,"s":[{"i":[[-2.552,4.288],[-21.009,-11.476],[6.495,3.193],[31.46,-0.915],[4.679,0.276]],"o":[[0.93,-1.563],[29.918,16.343],[-6.495,-3.193],[-8.43,0.245],[-6.181,-0.364]],"v":[[44.812,-57.789],[112.451,-56.753],[130.265,-29.791],[69.4,-47.021],[50.357,-45.95]],"c":true}]},{"i":{"x":0.7,"y":1},"o":{"x":0.3,"y":0},"t":36.023,"s":[{"i":[[-2.552,4.288],[-21.009,-11.476],[6.495,3.193],[32.568,-4.949],[7.104,0.221]],"o":[[0.93,-1.563],[29.918,16.343],[-6.495,-3.193],[-8.313,1.24],[-6.187,-0.216]],"v":[[46.367,-58.386],[112.451,-56.753],[130.265,-29.791],[73.459,-52.25],[52.845,-46.905]],"c":true}]},{"i":{"x":0.7,"y":1},"o":{"x":0.3,"y":0},"t":45.951,"s":[{"i":[[-2.552,4.288],[-21.009,-11.476],[6.495,3.193],[31.46,-0.915],[4.679,0.276]],"o":[[0.93,-1.563],[29.918,16.343],[-6.495,-3.193],[-8.43,0.245],[-6.181,-0.364]],"v":[[44.812,-57.789],[112.451,-56.753],[130.265,-29.791],[69.4,-47.021],[50.357,-45.95]],"c":true}]},{"i":{"x":0.7,"y":1},"o":{"x":0.3,"y":0},"t":54.072,"s":[{"i":[[-2.552,4.288],[-21.009,-11.476],[6.495,3.193],[32.568,-4.949],[7.104,0.221]],"o":[[0.93,-1.563],[29.918,16.343],[-6.495,-3.193],[-8.313,1.24],[-6.187,-0.216]],"v":[[46.367,-58.386],[112.451,-56.753],[130.265,-29.791],[73.459,-52.25],[52.845,-46.905]],"c":true}]},{"t":64,"s":[{"i":[[-2.552,4.288],[-21.009,-11.476],[6.495,3.193],[31.46,-0.915],[4.679,0.276]],"o":[[0.93,-1.563],[29.918,16.343],[-6.495,-3.193],[-8.43,0.245],[-6.181,-0.364]],"v":[[44.812,-57.789],[112.451,-56.753],[130.265,-29.791],[69.4,-47.021],[50.357,-45.95]],"c":true}]}]},"nm":"Path 1","hd":false},{"ty":"fl","c":{"a":0,"k":[1,0.929411768913,0.713725507259,1]},"o":{"a":0,"k":100},"r":1,"bm":0,"nm":"Fill 1","hd":false},{"ty":"tr","p":{"a":0,"k":[0,0]},"a":{"a":0,"k":[0,0]},"s":{"a":0,"k":[100,100]},"r":{"a":0,"k":0},"o":{"a":0,"k":100},"sk":{"a":0,"k":0},"sa":{"a":0,"k":0},"nm":"Transform"}],"nm":"Group 2","bm":0,"hd":false},{"ty":"tr","p":{"a":0,"k":[0,0]},"a":{"a":0,"k":[0,0]},"s":{"a":0,"k":[100,100]},"r":{"a":0,"k":0},"o":{"a":0,"k":100},"sk":{"a":0,"k":0},"sa":{"a":0,"k":0},"nm":"Transform"}],"nm":"Group 2","bm":0,"hd":false}],"ip":0,"op":180,"st":0,"bm":0},{"ddd":0,"ind":5,"ty":4,"nm":"Eye Close R","parent":2,"sr":1,"ks":{"p":{"a":0,"k":[115.47,57.058,0]},"a":{"a":0,"k":[65.47,-3.942,0]}},"ao":0,"shapes":[{"ty":"gr","it":[{"ind":0,"ty":"sh","ks":{"a":1,"k":[{"i":{"x":0.833,"y":0.735},"o":{"x":0.4,"y":0},"t":0,"s":[{"i":[[1.71,-3.51],[2.54,2.18],[20.7,-3.52],[1.55,-5.04],[-17.16,2.92],[-10.17,-8.72]],"o":[[-0.85,-2.32],[-10.17,-8.72],[-12.04,2.05],[-2.02,-6.37],[20.7,-3.52],[5.04,4.32]],"v":[[102.165,4.304],[97.065,-2.626],[48.075,-14.166],[28.905,-2.016],[48.075,-20.336],[97.065,-8.796]],"c":true}]},{"i":{"x":0.7,"y":1},"o":{"x":0.167,"y":0.265},"t":5,"s":[{"i":[[1.71,-3.51],[2.295,2.408],[13.33,-0.303],[1.458,-6.981],[-17.27,1.708],[-6.471,-6.746]],"o":[[-0.542,-4.56],[-7.436,-6.245],[-12.503,1.281],[-2.305,-8.051],[17.149,-2.012],[3.995,5.101]],"v":[[92.093,-1.951],[86.157,-13.226],[53.483,-23.612],[33.737,-5.275],[53.693,-31.573],[87.716,-16.938]],"c":true}]},{"i":{"x":0.7,"y":1},"o":{"x":0.3,"y":0},"t":12,"s":[{"i":[[1.71,-3.51],[1.995,2.688],[8.05,-0.209],[1.345,-9.359],[-17.405,0.223],[-1.94,-4.329]],"o":[[-0.165,-7.304],[-2.69,-3.624],[-13.071,0.339],[-2.655,-10.109],[12.8,-0.164],[2.714,6.058]],"v":[[82.665,-9.321],[75.815,-28.001],[60.45,-36.416],[39.655,-9.266],[60.575,-45.336],[80.19,-30.046]],"c":true}]},{"i":{"x":0.7,"y":1},"o":{"x":0.3,"y":0},"t":21,"s":[{"i":[[0.81,-1.097],[3.003,-0.622],[9.501,0.297],[1.636,-2.032],[-21.107,-1.336],[-2.989,0.155]],"o":[[-0.157,-1.638],[-3.455,0.715],[-15.426,-0.482],[0.313,-4.238],[14.405,0.912],[3.491,-0.181]],"v":[[87.428,2.062],[78.778,2.607],[61.172,3.733],[36.673,0.239],[61.268,1.316],[83.446,-0.82]],"c":true}]},{"i":{"x":0.7,"y":1},"o":{"x":0.3,"y":0},"t":29,"s":[{"i":[[1.71,-3.51],[1.995,2.688],[8.05,-0.209],[1.345,-9.359],[-17.405,0.223],[-1.94,-4.329]],"o":[[-0.165,-7.304],[-2.69,-3.624],[-13.071,0.339],[-2.655,-10.109],[12.8,-0.164],[2.714,6.058]],"v":[[82.665,-9.321],[75.815,-28.001],[60.45,-36.416],[39.655,-9.266],[60.575,-45.336],[80.19,-30.046]],"c":true}]},{"i":{"x":0.7,"y":1},"o":{"x":0.3,"y":0},"t":36,"s":[{"i":[[1.71,-3.745],[1.995,2.868],[8.05,-0.223],[1.345,-9.985],[-17.405,0.238],[-1.94,-4.619]],"o":[[-0.165,-7.793],[-2.69,-3.867],[-13.071,0.362],[-2.655,-10.785],[12.8,-0.175],[2.714,6.463]],"v":[[82.665,-12.267],[75.815,-32.197],[60.45,-41.175],[39.655,-12.208],[60.575,-50.692],[80.19,-34.379]],"c":true}]},{"i":{"x":0.7,"y":1},"o":{"x":0.3,"y":0},"t":46,"s":[{"i":[[1.71,-3.424],[1.995,2.622],[8.05,-0.204],[1.345,-9.131],[-17.405,0.218],[-1.94,-4.224]],"o":[[-0.165,-7.126],[-2.69,-3.536],[-13.071,0.331],[-2.655,-9.863],[12.8,-0.16],[2.714,5.91]],"v":[[82.665,-8.248],[75.815,-26.473],[60.45,-34.683],[39.655,-8.195],[60.575,-43.386],[80.19,-28.468]],"c":true}]},{"i":{"x":0.7,"y":1},"o":{"x":0.3,"y":0},"t":54,"s":[{"i":[[1.71,-3.745],[1.995,2.868],[8.05,-0.223],[1.345,-9.985],[-17.405,0.238],[-1.94,-4.619]],"o":[[-0.165,-7.793],[-2.69,-3.867],[-13.071,0.362],[-2.655,-10.785],[12.8,-0.175],[2.714,6.463]],"v":[[82.665,-12.267],[75.815,-32.197],[60.45,-41.175],[39.655,-12.208],[60.575,-50.692],[80.19,-34.379]],"c":true}]},{"i":{"x":0.4,"y":1},"o":{"x":0.3,"y":0},"t":64,"s":[{"i":[[1.71,-3.51],[1.995,2.688],[8.05,-0.209],[1.345,-9.359],[-17.405,0.223],[-1.94,-4.329]],"o":[[-0.165,-7.304],[-2.69,-3.624],[-13.071,0.339],[-2.655,-10.109],[12.8,-0.164],[2.714,6.058]],"v":[[82.665,-9.321],[75.815,-28.001],[60.45,-36.416],[39.655,-9.266],[60.575,-45.336],[80.19,-30.046]],"c":true}]},{"i":{"x":0.3,"y":1},"o":{"x":0.4,"y":0},"t":79,"s":[{"i":[[1.71,-3.51],[1.995,2.688],[8.05,-0.209],[1.345,-9.359],[-17.405,0.223],[-1.94,-4.329]],"o":[[-0.165,-7.304],[-2.69,-3.624],[-13.071,0.339],[-2.655,-10.109],[12.8,-0.164],[2.714,6.058]],"v":[[82.665,-9.321],[75.815,-28.001],[60.45,-36.416],[39.655,-9.266],[60.575,-45.336],[80.19,-30.046]],"c":true}]},{"i":{"x":0.4,"y":1},"o":{"x":0.4,"y":0},"t":100,"s":[{"i":[[1.881,-3.868],[2.194,2.962],[8.855,-0.23],[1.48,-10.313],[-19.145,0.246],[-2.134,-4.77]],"o":[[-0.181,-8.049],[-2.959,-3.993],[-14.377,0.374],[-2.92,-11.14],[14.079,-0.181],[2.986,6.675]],"v":[[84.971,-10.434],[77.436,-31.019],[60.536,-40.291],[37.663,-10.374],[60.673,-50.121],[82.248,-33.272]],"c":true}]},{"t":120,"s":[{"i":[[1.71,-3.51],[2.54,2.18],[20.7,-3.52],[1.55,-5.04],[-17.16,2.92],[-10.17,-8.72]],"o":[[-0.85,-2.32],[-10.17,-8.72],[-12.04,2.05],[-2.02,-6.37],[20.7,-3.52],[5.04,4.32]],"v":[[102.165,4.304],[97.065,-2.626],[48.075,-14.166],[28.905,-2.016],[48.075,-20.336],[97.065,-8.796]],"c":true}]}]},"nm":"Path 1","hd":false},{"ty":"fl","c":{"a":0,"k":[0.419607847929,0.1254902035,0,1]},"o":{"a":0,"k":100},"r":1,"bm":0,"nm":"Fill 1","hd":false},{"ty":"tr","p":{"a":0,"k":[0,0]},"a":{"a":0,"k":[0,0]},"s":{"a":0,"k":[100,100]},"r":{"a":0,"k":0},"o":{"a":0,"k":100},"sk":{"a":0,"k":0},"sa":{"a":0,"k":0},"nm":"Transform"}],"nm":"Group 1","bm":0,"hd":false},{"ty":"gr","it":[{"ind":0,"ty":"sh","ks":{"a":1,"k":[{"i":{"x":0.833,"y":0.735},"o":{"x":0.4,"y":0},"t":0,"s":[{"i":[[10.466,8.971],[20.698,-3.525],[-9.238,-2.603],[-26.1,-9.386]],"o":[[-10.166,-8.714],[-25.485,4.34],[12.133,3.418],[19.497,7.011]],"v":[[97.06,-8.8],[48.076,-20.333],[35.295,4.403],[84.383,6.214]],"c":true}]},{"i":{"x":0.7,"y":1},"o":{"x":0.167,"y":0.265},"t":5,"s":[{"i":[[5.51,8.388],[20.294,-2.633],[-7.281,-5.866],[-12.853,1.848]],"o":[[-5.288,-9.034],[-25.615,3.291],[10.873,10.353],[9.767,-2.222]],"v":[[90.655,-8.912],[53.357,-30.783],[39.003,6.089],[81.202,11.745]],"c":true}]},{"i":{"x":0.7,"y":1},"o":{"x":0.3,"y":0},"t":12,"s":[{"i":[[-0.56,7.675],[19.799,-1.542],[-4.883,-9.864],[-6.633,14.411]],"o":[[0.688,-9.425],[-25.774,2.007],[9.33,18.847],[3.047,-6.621]],"v":[[82.81,-9.05],[59.826,-43.583],[43.545,8.153],[77.508,9.339]],"c":true}]},{"i":{"x":0.7,"y":1},"o":{"x":0.3,"y":0},"t":21,"s":[{"i":[[-0.701,1.689],[23.317,1.679],[-8.897,-6.032],[-7.902,2.934]],"o":[[0.86,-2.075],[-28.995,-2.088],[9.804,6.647],[3.63,-1.348]],"v":[[87.668,1.433],[60.894,1.885],[41.174,4.294],[80.754,6.11]],"c":true}]},{"i":{"x":0.7,"y":1},"o":{"x":0.3,"y":0},"t":29,"s":[{"i":[[-0.56,7.675],[19.799,-1.542],[-4.883,-9.864],[-6.633,14.411]],"o":[[0.688,-9.425],[-25.774,2.007],[9.33,18.847],[3.047,-6.621]],"v":[[82.81,-9.05],[59.826,-43.583],[43.545,8.153],[77.508,9.339]],"c":true}]},{"i":{"x":0.7,"y":1},"o":{"x":0.3,"y":0},"t":36,"s":[{"i":[[-0.56,8.188],[19.799,-1.645],[-4.883,-10.524],[-6.633,15.375]],"o":[[0.688,-10.056],[-25.774,2.142],[9.33,20.108],[3.047,-7.064]],"v":[[82.81,-11.978],[59.826,-48.822],[43.545,6.377],[77.508,7.642]],"c":true}]},{"i":{"x":0.7,"y":1},"o":{"x":0.3,"y":0},"t":46,"s":[{"i":[[-0.56,7.488],[19.799,-1.504],[-4.883,-9.624],[-6.633,14.06]],"o":[[0.688,-9.196],[-25.774,1.958],[9.33,18.387],[3.047,-6.459]],"v":[[82.81,-7.984],[59.826,-41.676],[43.545,8.8],[77.508,9.957]],"c":true}]},{"i":{"x":0.7,"y":1},"o":{"x":0.3,"y":0},"t":54,"s":[{"i":[[-0.56,8.188],[19.799,-1.645],[-4.883,-10.524],[-6.633,15.375]],"o":[[0.688,-10.056],[-25.774,2.142],[9.33,20.108],[3.047,-7.064]],"v":[[82.81,-11.978],[59.826,-48.822],[43.545,6.377],[77.508,7.642]],"c":true}]},{"i":{"x":0.4,"y":1},"o":{"x":0.3,"y":0},"t":64,"s":[{"i":[[-0.56,7.675],[19.799,-1.542],[-4.883,-9.864],[-6.633,14.411]],"o":[[0.688,-9.425],[-25.774,2.007],[9.33,18.847],[3.047,-6.621]],"v":[[82.81,-9.05],[59.826,-43.583],[43.545,8.153],[77.508,9.339]],"c":true}]},{"i":{"x":0.3,"y":1},"o":{"x":0.4,"y":0},"t":79,"s":[{"i":[[-0.56,7.675],[19.799,-1.542],[-4.883,-9.864],[-6.633,14.411]],"o":[[0.688,-9.425],[-25.774,2.007],[9.33,18.847],[3.047,-6.621]],"v":[[82.81,-9.05],[59.826,-43.583],[43.545,8.153],[77.508,9.339]],"c":true}]},{"i":{"x":0.4,"y":1},"o":{"x":0.4,"y":0},"t":100,"s":[{"i":[[-0.616,8.457],[21.777,-1.699],[-5.371,-10.869],[-7.296,15.88]],"o":[[0.757,-10.386],[-28.35,2.212],[10.262,20.768],[3.352,-7.295]],"v":[[85.131,-10.135],[59.85,-48.189],[41.942,8.822],[79.299,10.128]],"c":true}]},{"t":120,"s":[{"i":[[10.466,8.971],[20.698,-3.525],[-9.238,-2.603],[-26.1,-9.386]],"o":[[-10.166,-8.714],[-25.485,4.34],[12.133,3.418],[19.497,7.011]],"v":[[97.06,-8.8],[48.076,-20.333],[35.295,4.403],[84.383,6.214]],"c":true}]}]},"nm":"Path 1","hd":false},{"ty":"fl","c":{"a":0,"k":[0.560784339905,0.227450981736,0,1]},"o":{"a":0,"k":100},"r":1,"bm":0,"nm":"Fill 1","hd":false},{"ty":"tr","p":{"a":0,"k":[0,0]},"a":{"a":0,"k":[0,0]},"s":{"a":0,"k":[100,100]},"r":{"a":0,"k":0},"o":{"a":0,"k":100},"sk":{"a":0,"k":0},"sa":{"a":0,"k":0},"nm":"Transform"}],"nm":"Group 2","bm":0,"hd":false},{"ty":"gr","it":[{"ind":0,"ty":"sh","ks":{"a":1,"k":[{"i":{"x":0.833,"y":0.735},"o":{"x":0.4,"y":0},"t":0,"s":[{"i":[[10.425,9.549],[20.723,-3.874],[-10.924,-3.244],[-26.063,-9.915]],"o":[[-10.127,-9.276],[-25.516,4.77],[12.12,3.599],[19.469,7.407]],"v":[[98.312,-6.559],[47.055,-19.812],[35.264,9.844],[84.36,11.539]],"c":true}]},{"i":{"x":0.7,"y":1},"o":{"x":0.167,"y":0.265},"t":5,"s":[{"i":[[6.217,8.767],[16.701,-5.743],[-7.505,-6.686],[-12.702,2.564]],"o":[[-6.322,-10.596],[-17.218,4.789],[9.138,10.086],[12.591,-2.367]],"v":[[91.907,-8.638],[45.594,-22.452],[39.794,10.255],[80.428,15.753]],"c":true}]},{"i":{"x":0.7,"y":1},"o":{"x":0.3,"y":0},"t":12,"s":[{"i":[[1.063,7.809],[11.776,-8.032],[-3.317,-10.902],[-10.397,13.788]],"o":[[-1.662,-12.212],[-7.055,4.812],[5.486,18.031],[8.89,-11.789]],"v":[[84.062,-11.184],[43.805,-25.687],[40.139,9.094],[75.61,20.914]],"c":true}]},{"i":{"x":0.7,"y":1},"o":{"x":0.3,"y":0},"t":21,"s":[{"i":[[1.214,1.789],[13.16,4.768],[-3.591,-2.936],[-15.49,3.981]],"o":[[-1.899,-2.797],[-7.072,-2.562],[7.996,6.536],[10.449,-2.686]],"v":[[87.78,1.058],[41.747,1.007],[37.15,4.358],[77.189,8.464]],"c":true}]},{"i":{"x":0.7,"y":1},"o":{"x":0.3,"y":0},"t":29,"s":[{"i":[[1.063,7.809],[11.776,-8.032],[-3.317,-10.902],[-10.397,13.788]],"o":[[-1.662,-12.212],[-7.055,4.812],[5.486,18.031],[8.89,-11.789]],"v":[[84.062,-11.184],[43.805,-25.687],[40.139,9.094],[75.61,20.914]],"c":true}]},{"i":{"x":0.7,"y":1},"o":{"x":0.3,"y":0},"t":36,"s":[{"i":[[1.063,8.332],[11.776,-8.569],[-3.317,-11.631],[-10.397,14.711]],"o":[[-1.662,-13.029],[-7.055,5.134],[5.486,19.238],[8.89,-12.578]],"v":[[84.062,-14.255],[43.805,-29.728],[40.139,7.38],[75.61,19.991]],"c":true}]},{"i":{"x":0.7,"y":1},"o":{"x":0.3,"y":0},"t":46,"s":[{"i":[[1.063,7.619],[11.776,-7.836],[-3.317,-10.636],[-10.397,13.452]],"o":[[-1.662,-11.915],[-7.055,4.695],[5.486,17.592],[8.89,-11.502]],"v":[[84.062,-10.066],[43.805,-24.215],[40.139,9.718],[75.61,21.25]],"c":true}]},{"i":{"x":0.7,"y":1},"o":{"x":0.3,"y":0},"t":54,"s":[{"i":[[1.063,8.332],[11.776,-8.569],[-3.317,-11.631],[-10.397,14.711]],"o":[[-1.662,-13.029],[-7.055,5.134],[5.486,19.238],[8.89,-12.578]],"v":[[84.062,-14.255],[43.805,-29.728],[40.139,7.38],[75.61,19.991]],"c":true}]},{"i":{"x":0.4,"y":1},"o":{"x":0.3,"y":0},"t":64,"s":[{"i":[[1.063,7.809],[11.776,-8.032],[-3.317,-10.902],[-10.397,13.788]],"o":[[-1.662,-12.212],[-7.055,4.812],[5.486,18.031],[8.89,-11.789]],"v":[[84.062,-11.184],[43.805,-25.687],[40.139,9.094],[75.61,20.914]],"c":true}]},{"i":{"x":0.3,"y":1},"o":{"x":0.4,"y":0},"t":79,"s":[{"i":[[1.063,7.809],[11.776,-8.032],[-3.317,-10.902],[-10.397,13.788]],"o":[[-1.662,-12.212],[-7.055,4.812],[5.486,18.031],[8.89,-11.789]],"v":[[84.062,-11.184],[43.805,-25.687],[40.139,9.094],[75.61,20.914]],"c":true}]},{"i":{"x":0.4,"y":1},"o":{"x":0.4,"y":0},"t":100,"s":[{"i":[[1.169,8.606],[12.952,-8.851],[-3.648,-12.013],[-11.436,15.194]],"o":[[-1.828,-13.457],[-7.76,5.302],[6.034,19.87],[9.778,-12.991]],"v":[[86.508,-12.488],[42.228,-28.468],[38.196,9.858],[77.212,22.883]],"c":true}]},{"t":120,"s":[{"i":[[10.425,9.549],[20.723,-3.874],[-10.924,-3.244],[-26.063,-9.915]],"o":[[-10.127,-9.276],[-25.516,4.77],[12.12,3.599],[19.469,7.407]],"v":[[98.312,-6.559],[47.055,-19.812],[35.264,9.844],[84.36,11.539]],"c":true}]}]},"nm":"Path 1","hd":false},{"ty":"fl","c":{"a":0,"k":[1,0.882352948189,0.611764729023,1]},"o":{"a":0,"k":100},"r":1,"bm":0,"nm":"Fill 1","hd":false},{"ty":"tr","p":{"a":0,"k":[0,0]},"a":{"a":0,"k":[0,0]},"s":{"a":0,"k":[100,100]},"r":{"a":0,"k":0},"o":{"a":0,"k":100},"sk":{"a":0,"k":0},"sa":{"a":0,"k":0},"nm":"Transform"}],"nm":"Group 3","bm":0,"hd":false},{"ty":"gr","it":[{"ind":0,"ty":"sh","ks":{"a":1,"k":[{"i":{"x":0.833,"y":0.735},"o":{"x":0.4,"y":0},"t":0,"s":[{"i":[[1.71,-3.51],[2.541,2.179],[20.699,-3.524],[1.55,-5.04],[-17.16,2.918],[-10.171,-8.718]],"o":[[-0.85,-2.32],[-10.17,-8.72],[-12.04,2.05],[-2.02,-6.37],[20.7,-3.52],[5.04,4.32]],"v":[[102.165,6.804],[97.065,-0.126],[48.075,-11.666],[28.905,0.484],[48.075,-17.836],[97.065,-6.296]],"c":true}]},{"i":{"x":0.7,"y":1},"o":{"x":0.167,"y":0.265},"t":5,"s":[{"i":[[1.722,-3.51],[2.31,2.408],[15.071,-2.034],[1.468,-6.981],[-17.394,1.707],[-6.485,-6.745]],"o":[[-0.543,-4.56],[-6.827,-6.43],[-12.596,1.281],[-2.324,-8.051],[17.24,-2.012],[4.014,5.101]],"v":[[93.557,-3.197],[87.621,-15.408],[53.635,-25.543],[33.587,-6.651],[52.871,-33.769],[88.213,-19.172]],"c":true}]},{"i":{"x":0.7,"y":1},"o":{"x":0.3,"y":0},"t":12,"s":[{"i":[[1.737,-3.51],[2.027,2.688],[8.178,-0.209],[1.367,-9.359],[-17.681,0.223],[-1.97,-4.329]],"o":[[-0.167,-7.304],[-2.732,-3.624],[-13.278,0.339],[-2.697,-10.109],[13.003,-0.164],[2.757,6.058]],"v":[[83.013,-15.446],[76.054,-34.126],[60.446,-42.541],[39.322,-15.391],[60.573,-50.961],[80.499,-36.171]],"c":true}]},{"i":{"x":0.7,"y":1},"o":{"x":0.3,"y":0},"t":21,"s":[{"i":[[2.068,-0.709],[2.273,-0.978],[9.651,0.302],[1.661,-2.031],[-12.328,-0.886],[-4.281,0.515]],"o":[[-0.16,-1.638],[-3.805,1.636],[-15.67,-0.491],[-0.153,-3.793],[15.315,1.1],[3.517,-0.423]],"v":[[87.87,0.71],[79.02,1.13],[60.99,2.884],[36.665,-1.421],[60.731,-0.709],[82.192,-2.418]],"c":true}]},{"i":{"x":0.7,"y":1},"o":{"x":0.3,"y":0},"t":29,"s":[{"i":[[1.737,-3.51],[2.027,2.688],[8.178,-0.209],[1.367,-9.359],[-17.681,0.223],[-1.97,-4.329]],"o":[[-0.167,-7.304],[-2.732,-3.624],[-13.278,0.339],[-2.697,-10.109],[13.003,-0.164],[2.757,6.058]],"v":[[83.013,-15.446],[76.054,-34.126],[60.446,-42.541],[39.322,-15.391],[60.573,-50.961],[80.499,-36.171]],"c":true}]},{"i":{"x":0.7,"y":1},"o":{"x":0.3,"y":0},"t":36,"s":[{"i":[[1.737,-3.745],[2.027,2.868],[8.178,-0.223],[1.367,-9.985],[-17.681,0.238],[-1.97,-4.619]],"o":[[-0.167,-7.793],[-2.732,-3.867],[-13.278,0.362],[-2.697,-10.785],[13.003,-0.175],[2.757,6.463]],"v":[[83.013,-18.802],[76.054,-38.732],[60.446,-47.71],[39.322,-18.743],[60.573,-56.693],[80.499,-40.914]],"c":true}]},{"i":{"x":0.7,"y":1},"o":{"x":0.3,"y":0},"t":46,"s":[{"i":[[1.737,-3.424],[2.027,2.622],[8.178,-0.204],[1.367,-9.131],[-17.681,0.218],[-1.97,-4.224]],"o":[[-0.167,-7.126],[-2.732,-3.536],[-13.278,0.331],[-2.697,-9.863],[13.003,-0.16],[2.757,5.91]],"v":[[83.013,-14.224],[76.054,-32.449],[60.446,-40.659],[39.322,-14.171],[60.573,-48.874],[80.499,-34.444]],"c":true}]},{"i":{"x":0.7,"y":1},"o":{"x":0.3,"y":0},"t":54,"s":[{"i":[[1.737,-3.745],[2.027,2.868],[8.178,-0.223],[1.367,-9.985],[-17.681,0.238],[-1.97,-4.619]],"o":[[-0.167,-7.793],[-2.732,-3.867],[-13.278,0.362],[-2.697,-10.785],[13.003,-0.175],[2.757,6.463]],"v":[[83.013,-18.802],[76.054,-38.732],[60.446,-47.71],[39.322,-18.743],[60.573,-56.693],[80.499,-40.914]],"c":true}]},{"i":{"x":0.4,"y":1},"o":{"x":0.3,"y":0},"t":64,"s":[{"i":[[1.737,-3.51],[2.027,2.688],[8.178,-0.209],[1.367,-9.359],[-17.681,0.223],[-1.97,-4.329]],"o":[[-0.167,-7.304],[-2.732,-3.624],[-13.278,0.339],[-2.697,-10.109],[13.003,-0.164],[2.757,6.058]],"v":[[83.013,-15.446],[76.054,-34.126],[60.446,-42.541],[39.322,-15.391],[60.573,-50.961],[80.499,-36.171]],"c":true}]},{"i":{"x":0.3,"y":1},"o":{"x":0.4,"y":0},"t":79,"s":[{"i":[[1.737,-3.51],[2.027,2.688],[8.178,-0.209],[1.367,-9.359],[-17.681,0.223],[-1.97,-4.329]],"o":[[-0.167,-7.304],[-2.732,-3.624],[-13.278,0.339],[-2.697,-10.109],[13.003,-0.164],[2.757,6.058]],"v":[[83.013,-15.446],[76.054,-34.126],[60.446,-42.541],[39.322,-15.391],[60.573,-50.961],[80.499,-36.171]],"c":true}]},{"i":{"x":0.4,"y":1},"o":{"x":0.4,"y":0},"t":100,"s":[{"i":[[1.911,-3.868],[2.229,2.962],[8.995,-0.23],[1.503,-10.313],[-19.448,0.246],[-2.167,-4.77]],"o":[[-0.184,-8.049],[-3.005,-3.993],[-14.604,0.374],[-2.966,-11.14],[14.302,-0.181],[3.033,6.675]],"v":[[85.354,-17.184],[77.7,-37.768],[60.532,-47.041],[37.296,-17.123],[60.671,-56.319],[82.588,-40.021]],"c":true}]},{"t":120,"s":[{"i":[[1.71,-3.51],[2.541,2.179],[20.699,-3.524],[1.55,-5.04],[-17.16,2.918],[-10.171,-8.718]],"o":[[-0.85,-2.32],[-10.17,-8.72],[-12.04,2.05],[-2.02,-6.37],[20.7,-3.52],[5.04,4.32]],"v":[[102.165,6.804],[97.065,-0.126],[48.075,-11.666],[28.905,0.484],[48.075,-17.836],[97.065,-6.296]],"c":true}]}]},"nm":"Path 1","hd":false},{"ty":"fl","c":{"a":0,"k":[1,0.678431372549,0,1]},"o":{"a":0,"k":100},"r":1,"bm":0,"nm":"Fill 1","hd":false},{"ty":"tr","p":{"a":0,"k":[0,0]},"a":{"a":0,"k":[0,0]},"s":{"a":0,"k":[100,100]},"r":{"a":0,"k":0},"o":{"a":0,"k":100},"sk":{"a":0,"k":0},"sa":{"a":0,"k":0},"nm":"Transform"}],"nm":"Group 4","bm":0,"hd":false}],"ip":0,"op":180,"st":0,"bm":0},{"ddd":0,"ind":6,"ty":4,"nm":"Eye Open L","parent":2,"sr":1,"ks":{"p":{"a":0,"k":[-12.206,49.441,0]},"a":{"a":0,"k":[-62.206,-11.559,0]}},"ao":0,"shapes":[{"ty":"gr","it":[{"ty":"gr","it":[{"ind":0,"ty":"sh","ks":{"a":1,"k":[{"i":{"x":0.7,"y":1},"o":{"x":0.3,"y":0},"t":12,"s":[{"i":[[1.661,-23.212],[11.195,0],[1.381,-16.408],[-12.159,0]],"o":[[-1.381,-16.408],[-11.195,0],[-2.228,-24.462],[12.159,0]],"v":[[-40.381,-7.653],[-62.204,-36.723],[-84.028,-7.653],[-62.204,-45.36]],"c":true}]},{"i":{"x":0.7,"y":1},"o":{"x":0.3,"y":0},"t":21,"s":[{"i":[[1.9,-4.035],[12.81,0],[1.58,-2.852],[-13.912,0]],"o":[[-1.58,-2.852],[-12.81,0],[-2.549,-4.252],[13.912,0]],"v":[[-36.844,-0.698],[-62.133,3.561],[-85.763,-2.163],[-62.188,1.309]],"c":true}]},{"i":{"x":0.7,"y":1},"o":{"x":0.3,"y":0},"t":29,"s":[{"i":[[1.661,-23.212],[11.195,0],[1.381,-16.408],[-12.159,0]],"o":[[-1.381,-16.408],[-11.195,0],[-2.228,-24.462],[12.159,0]],"v":[[-40.381,-7.653],[-62.204,-36.723],[-84.028,-7.653],[-62.204,-45.36]],"c":true}]},{"i":{"x":0.7,"y":1},"o":{"x":0.3,"y":0},"t":36,"s":[{"i":[[1.661,-24.956],[11.195,0],[1.381,-17.64],[-12.159,0]],"o":[[-1.381,-17.64],[-11.195,0],[-2.228,-26.299],[12.159,0]],"v":[[-40.381,-10.318],[-62.204,-41.571],[-84.028,-10.318],[-62.204,-50.858]],"c":true}]},{"i":{"x":0.7,"y":1},"o":{"x":0.3,"y":0},"t":46,"s":[{"i":[[1.661,-22.65],[11.195,0],[1.381,-16.01],[-12.159,0]],"o":[[-1.381,-16.01],[-11.195,0],[-2.228,-23.869],[12.159,0]],"v":[[-40.381,-6.794],[-62.204,-35.159],[-84.028,-6.794],[-62.204,-43.588]],"c":true}]},{"i":{"x":0.7,"y":1},"o":{"x":0.3,"y":0},"t":54,"s":[{"i":[[1.661,-24.956],[11.195,0],[1.381,-17.64],[-12.159,0]],"o":[[-1.381,-17.64],[-11.195,0],[-2.228,-26.299],[12.159,0]],"v":[[-40.381,-10.318],[-62.204,-41.571],[-84.028,-10.318],[-62.204,-50.858]],"c":true}]},{"i":{"x":0.4,"y":1},"o":{"x":0.3,"y":0},"t":64,"s":[{"i":[[1.661,-23.212],[11.195,0],[1.381,-16.408],[-12.159,0]],"o":[[-1.381,-16.408],[-11.195,0],[-2.228,-24.462],[12.159,0]],"v":[[-40.381,-7.653],[-62.204,-36.723],[-84.028,-7.653],[-62.204,-45.36]],"c":true}]},{"i":{"x":0.3,"y":1},"o":{"x":0.4,"y":0},"t":79,"s":[{"i":[[1.661,-23.212],[11.195,0],[1.381,-16.408],[-12.159,0]],"o":[[-1.381,-16.408],[-11.195,0],[-2.228,-24.462],[12.159,0]],"v":[[-40.381,-7.653],[-62.204,-36.723],[-84.028,-7.653],[-62.204,-45.36]],"c":true}]},{"i":{"x":0.4,"y":1},"o":{"x":0.4,"y":0},"t":100,"s":[{"i":[[3.111,-25.29],[10.495,0.679],[2.393,-17.864],[-11.398,-0.738]],"o":[[-0.195,-18.032],[-10.495,-0.679],[-0.45,-26.893],[11.398,0.738]],"v":[[-40.295,-9.735],[-58.806,-42.857],[-81.211,-12.383],[-58.228,-52.305]],"c":true}]},{"t":120,"s":[{"i":[[1.661,-23.212],[11.195,0],[1.381,-16.408],[-12.159,0]],"o":[[-1.381,-16.408],[-11.195,0],[-2.228,-24.462],[12.159,0]],"v":[[-40.381,-7.653],[-62.204,-36.723],[-84.028,-7.653],[-62.204,-45.36]],"c":true}]}]},"nm":"Path 1","hd":false},{"ty":"fl","c":{"a":0,"k":[0.454901963472,0.0941176489,0,1]},"o":{"a":0,"k":100},"r":1,"bm":0,"nm":"Fill 1","hd":false},{"ty":"tr","p":{"a":0,"k":[0,0]},"a":{"a":0,"k":[0,0]},"s":{"a":0,"k":[100,100]},"r":{"a":0,"k":0},"o":{"a":0,"k":100},"sk":{"a":0,"k":0},"sa":{"a":0,"k":0},"nm":"Transform"}],"nm":"Group 1","bm":0,"hd":false},{"ty":"gr","it":[{"ind":0,"ty":"sh","ks":{"a":1,"k":[{"i":{"x":0.7,"y":1},"o":{"x":0.3,"y":0},"t":12,"s":[{"i":[[0,-18.437],[12.16,0],[0,18.437],[-12.16,0]],"o":[[0,18.437],[-12.16,0],[0,-18.437],[12.16,0]],"v":[[-40.188,-11.981],[-62.206,21.401],[-84.224,-11.981],[-62.206,-45.364]],"c":true}]},{"i":{"x":0.7,"y":1},"o":{"x":0.3,"y":0},"t":21,"s":[{"i":[[0,-3.205],[13.913,0],[0,3.205],[-13.913,0]],"o":[[0,3.205],[-13.913,0],[0,-3.205],[13.913,0]],"v":[[-36.624,-1.45],[-61.794,8.064],[-85.987,-2.916],[-62.19,1.308]],"c":true}]},{"i":{"x":0.7,"y":1},"o":{"x":0.3,"y":0},"t":29,"s":[{"i":[[0,-18.437],[12.16,0],[0,18.437],[-12.16,0]],"o":[[0,18.437],[-12.16,0],[0,-18.437],[12.16,0]],"v":[[-40.188,-11.981],[-62.206,21.401],[-84.224,-11.981],[-62.206,-45.364]],"c":true}]},{"i":{"x":0.7,"y":1},"o":{"x":0.3,"y":0},"t":36,"s":[{"i":[[0,-19.821],[12.16,0],[0,19.821],[-12.16,0]],"o":[[0,19.821],[-12.16,0],[0,-19.821],[12.16,0]],"v":[[-40.188,-14.971],[-62.206,20.919],[-84.224,-14.971],[-62.206,-50.861]],"c":true}]},{"i":{"x":0.7,"y":1},"o":{"x":0.3,"y":0},"t":46,"s":[{"i":[[0,-17.99],[12.16,0],[0,17.99],[-12.16,0]],"o":[[0,17.99],[-12.16,0],[0,-17.99],[12.16,0]],"v":[[-40.188,-11.017],[-62.206,21.557],[-84.224,-11.017],[-62.206,-43.591]],"c":true}]},{"i":{"x":0.7,"y":1},"o":{"x":0.3,"y":0},"t":54,"s":[{"i":[[0,-19.821],[12.16,0],[0,19.821],[-12.16,0]],"o":[[0,19.821],[-12.16,0],[0,-19.821],[12.16,0]],"v":[[-40.188,-14.971],[-62.206,20.919],[-84.224,-14.971],[-62.206,-50.861]],"c":true}]},{"i":{"x":0.4,"y":1},"o":{"x":0.3,"y":0},"t":64,"s":[{"i":[[0,-18.437],[12.16,0],[0,18.437],[-12.16,0]],"o":[[0,18.437],[-12.16,0],[0,-18.437],[12.16,0]],"v":[[-40.188,-11.981],[-62.206,21.401],[-84.224,-11.981],[-62.206,-45.364]],"c":true}]},{"i":{"x":0.3,"y":1},"o":{"x":0.4,"y":0},"t":79,"s":[{"i":[[0,-18.437],[12.16,0],[0,18.437],[-12.16,0]],"o":[[0,18.437],[-12.16,0],[0,-18.437],[12.16,0]],"v":[[-40.188,-11.981],[-62.206,21.401],[-84.224,-11.981],[-62.206,-45.364]],"c":true}]},{"i":{"x":0.4,"y":1},"o":{"x":0.4,"y":0},"t":100,"s":[{"i":[[1.235,-20.167],[11.399,0.738],[-1.235,20.167],[-11.399,-0.738]],"o":[[-1.235,20.167],[-11.399,-0.738],[1.235,-20.167],[11.399,0.738]],"v":[[-39.825,-14.457],[-62.701,20.723],[-81.105,-17.129],[-58.229,-52.309]],"c":true}]},{"t":120,"s":[{"i":[[0,-18.437],[12.16,0],[0,18.437],[-12.16,0]],"o":[[0,18.437],[-12.16,0],[0,-18.437],[12.16,0]],"v":[[-40.188,-11.981],[-62.206,21.401],[-84.224,-11.981],[-62.206,-45.364]],"c":true}]}]},"nm":"Path 1","hd":false},{"ty":"fl","c":{"a":0,"k":[0.560784339905,0.227450981736,0,1]},"o":{"a":0,"k":100},"r":1,"bm":0,"nm":"Fill 1","hd":false},{"ty":"tr","p":{"a":0,"k":[0,0]},"a":{"a":0,"k":[0,0]},"s":{"a":0,"k":[100,100]},"r":{"a":0,"k":0},"o":{"a":0,"k":100},"sk":{"a":0,"k":0},"sa":{"a":0,"k":0},"nm":"Transform"}],"nm":"Group 2","bm":0,"hd":false},{"ty":"gr","it":[{"ind":0,"ty":"sh","ks":{"a":1,"k":[{"i":{"x":0.7,"y":1},"o":{"x":0.3,"y":0},"t":12,"s":[{"i":[[0,-18.437],[12.971,0],[0,18.437],[-12.971,0]],"o":[[0,18.437],[-12.971,0],[0,-18.437],[12.971,0]],"v":[[-38.72,-5.559],[-62.206,27.823],[-85.692,-5.559],[-62.206,-38.942]],"c":true}]},{"i":{"x":0.7,"y":1},"o":{"x":0.3,"y":0},"t":21,"s":[{"i":[[0,-3.205],[14.841,0],[0,3.205],[-14.841,0]],"o":[[0,3.205],[-14.841,0],[0,-3.205],[14.841,0]],"v":[[-34.944,-0.334],[-61.956,9.539],[-87.666,-1.799],[-62.19,2.424]],"c":true}]},{"i":{"x":0.7,"y":1},"o":{"x":0.3,"y":0},"t":29,"s":[{"i":[[0,-18.437],[12.971,0],[0,18.437],[-12.971,0]],"o":[[0,18.437],[-12.971,0],[0,-18.437],[12.971,0]],"v":[[-38.72,-5.559],[-62.206,27.823],[-85.692,-5.559],[-62.206,-38.942]],"c":true}]},{"i":{"x":0.7,"y":1},"o":{"x":0.3,"y":0},"t":36,"s":[{"i":[[0,-19.821],[12.971,0],[0,19.821],[-12.971,0]],"o":[[0,19.821],[-12.971,0],[0,-19.821],[12.971,0]],"v":[[-38.72,-8.067],[-62.206,27.823],[-85.692,-8.067],[-62.206,-43.957]],"c":true}]},{"i":{"x":0.7,"y":1},"o":{"x":0.3,"y":0},"t":46,"s":[{"i":[[0,-17.99],[12.971,0],[0,17.99],[-12.971,0]],"o":[[0,17.99],[-12.971,0],[0,-17.99],[12.971,0]],"v":[[-38.72,-4.751],[-62.206,27.823],[-85.692,-4.751],[-62.206,-37.325]],"c":true}]},{"i":{"x":0.7,"y":1},"o":{"x":0.3,"y":0},"t":54,"s":[{"i":[[0,-19.821],[12.971,0],[0,19.821],[-12.971,0]],"o":[[0,19.821],[-12.971,0],[0,-19.821],[12.971,0]],"v":[[-38.72,-8.067],[-62.206,27.823],[-85.692,-8.067],[-62.206,-43.957]],"c":true}]},{"i":{"x":0.4,"y":1},"o":{"x":0.3,"y":0},"t":64,"s":[{"i":[[0,-18.437],[12.971,0],[0,18.437],[-12.971,0]],"o":[[0,18.437],[-12.971,0],[0,-18.437],[12.971,0]],"v":[[-38.72,-5.559],[-62.206,27.823],[-85.692,-5.559],[-62.206,-38.942]],"c":true}]},{"i":{"x":0.3,"y":1},"o":{"x":0.4,"y":0},"t":79,"s":[{"i":[[0,-18.437],[12.971,0],[0,18.437],[-12.971,0]],"o":[[0,18.437],[-12.971,0],[0,-18.437],[12.971,0]],"v":[[-38.72,-5.559],[-62.206,27.823],[-85.692,-5.559],[-62.206,-38.942]],"c":true}]},{"i":{"x":0.4,"y":1},"o":{"x":0.4,"y":0},"t":100,"s":[{"i":[[1.235,-20.167],[12.159,0.787],[-1.235,20.167],[-12.159,-0.787]],"o":[[-1.235,20.167],[-12.159,-0.787],[1.235,-20.167],[12.159,0.787]],"v":[[-38.879,-7.344],[-63.131,27.747],[-82.911,-10.193],[-58.659,-45.284]],"c":true}]},{"t":120,"s":[{"i":[[0,-18.437],[12.971,0],[0,18.437],[-12.971,0]],"o":[[0,18.437],[-12.971,0],[0,-18.437],[12.971,0]],"v":[[-38.72,-5.559],[-62.206,27.823],[-85.692,-5.559],[-62.206,-38.942]],"c":true}]}]},"nm":"Path 1","hd":false},{"ty":"fl","c":{"a":0,"k":[1,0.929411768913,0.713725507259,1]},"o":{"a":0,"k":100},"r":1,"bm":0,"nm":"Fill 1","hd":false},{"ty":"tr","p":{"a":0,"k":[0,0]},"a":{"a":0,"k":[0,0]},"s":{"a":0,"k":[100,100]},"r":{"a":0,"k":0},"o":{"a":0,"k":100},"sk":{"a":0,"k":0},"sa":{"a":0,"k":0},"nm":"Transform"}],"nm":"Group 3","bm":0,"hd":false},{"ty":"gr","it":[{"ind":0,"ty":"sh","ks":{"a":1,"k":[{"i":{"x":0.7,"y":1},"o":{"x":0.3,"y":0},"t":12,"s":[{"i":[[0,-18.437],[12.971,0],[0,18.437],[-12.971,0]],"o":[[0,18.437],[-12.971,0],[0,-18.437],[12.971,0]],"v":[[-38.72,-17.559],[-62.206,15.823],[-85.692,-17.559],[-62.206,-50.942]],"c":true}]},{"i":{"x":0.7,"y":1},"o":{"x":0.3,"y":0},"t":21,"s":[{"i":[[0,-3.205],[14.841,0],[0,3.205],[-14.841,0]],"o":[[0,3.205],[-14.841,0],[0,-3.205],[14.841,0]],"v":[[-34.944,-2.42],[-61.789,7.163],[-87.666,-3.885],[-62.298,-0.271]],"c":true}]},{"i":{"x":0.7,"y":1},"o":{"x":0.3,"y":0},"t":29,"s":[{"i":[[0,-18.437],[12.971,0],[0,18.437],[-12.971,0]],"o":[[0,18.437],[-12.971,0],[0,-18.437],[12.971,0]],"v":[[-38.72,-17.559],[-62.206,15.823],[-85.692,-17.559],[-62.206,-50.942]],"c":true}]},{"i":{"x":0.7,"y":1},"o":{"x":0.3,"y":0},"t":36,"s":[{"i":[[0,-19.821],[12.971,0],[0,19.821],[-12.971,0]],"o":[[0,19.821],[-12.971,0],[0,-19.821],[12.971,0]],"v":[[-38.72,-20.968],[-62.206,14.922],[-85.692,-20.968],[-62.206,-56.858]],"c":true}]},{"i":{"x":0.7,"y":1},"o":{"x":0.3,"y":0},"t":46,"s":[{"i":[[0,-17.99],[12.971,0],[0,17.99],[-12.971,0]],"o":[[0,17.99],[-12.971,0],[0,-17.99],[12.971,0]],"v":[[-38.72,-16.46],[-62.206,16.114],[-85.692,-16.46],[-62.206,-49.034]],"c":true}]},{"i":{"x":0.7,"y":1},"o":{"x":0.3,"y":0},"t":54,"s":[{"i":[[0,-19.821],[12.971,0],[0,19.821],[-12.971,0]],"o":[[0,19.821],[-12.971,0],[0,-19.821],[12.971,0]],"v":[[-38.72,-20.968],[-62.206,14.922],[-85.692,-20.968],[-62.206,-56.858]],"c":true}]},{"i":{"x":0.4,"y":1},"o":{"x":0.3,"y":0},"t":64,"s":[{"i":[[0,-18.437],[12.971,0],[0,18.437],[-12.971,0]],"o":[[0,18.437],[-12.971,0],[0,-18.437],[12.971,0]],"v":[[-38.72,-17.559],[-62.206,15.823],[-85.692,-17.559],[-62.206,-50.942]],"c":true}]},{"i":{"x":0.3,"y":1},"o":{"x":0.4,"y":0},"t":79,"s":[{"i":[[0,-18.437],[12.971,0],[0,18.437],[-12.971,0]],"o":[[0,18.437],[-12.971,0],[0,-18.437],[12.971,0]],"v":[[-38.72,-17.559],[-62.206,15.823],[-85.692,-17.559],[-62.206,-50.942]],"c":true}]},{"i":{"x":0.4,"y":1},"o":{"x":0.4,"y":0},"t":100,"s":[{"i":[[1.235,-20.167],[12.159,0.787],[-1.235,20.167],[-12.159,-0.787]],"o":[[-1.235,20.167],[-12.159,-0.787],[1.235,-20.167],[12.159,0.787]],"v":[[-38.075,-20.47],[-62.327,14.621],[-82.107,-23.32],[-57.855,-58.411]],"c":true}]},{"t":120,"s":[{"i":[[0,-18.437],[12.971,0],[0,18.437],[-12.971,0]],"o":[[0,18.437],[-12.971,0],[0,-18.437],[12.971,0]],"v":[[-38.72,-17.559],[-62.206,15.823],[-85.692,-17.559],[-62.206,-50.942]],"c":true}]}]},"nm":"Path 1","hd":false},{"ty":"fl","c":{"a":0,"k":[1,0.678431391716,0,1]},"o":{"a":0,"k":100},"r":1,"bm":0,"nm":"Fill 1","hd":false},{"ty":"tr","p":{"a":0,"k":[0,0]},"a":{"a":0,"k":[0,0]},"s":{"a":0,"k":[100,100]},"r":{"a":0,"k":0},"o":{"a":0,"k":100},"sk":{"a":0,"k":0},"sa":{"a":0,"k":0},"nm":"Transform"}],"nm":"Group 4","bm":0,"hd":false},{"ty":"tr","p":{"a":0,"k":[0,0]},"a":{"a":0,"k":[0,0]},"s":{"a":0,"k":[100,100]},"r":{"a":0,"k":0},"o":{"a":0,"k":100},"sk":{"a":0,"k":0},"sa":{"a":0,"k":0},"nm":"Transform"}],"nm":"Group 1","bm":0,"hd":false}],"ip":0,"op":180,"st":0,"bm":0},{"ddd":0,"ind":7,"ty":4,"nm":"Mouth","parent":2,"sr":1,"ks":{"p":{"a":0,"k":[50,152.774,0]},"a":{"a":0,"k":[0,91.774,0]}},"ao":0,"shapes":[{"ty":"gr","it":[{"ind":0,"ty":"sh","ks":{"a":1,"k":[{"i":{"x":0.605,"y":1},"o":{"x":0.5,"y":0},"t":10,"s":[{"i":[[0.127,0.04],[31.501,-0.32],[4.425,-1.61],[-2.546,0.847],[-31.501,-0.32],[-4.405,-1.664]],"o":[[-4.425,-1.61],[-31.501,-0.32],[-0.127,0.04],[4.468,-1.486],[31.501,-0.32],[2.448,0.925]],"v":[[55.603,74.719],[-0.006,92.101],[-55.592,74.774],[-55.243,68.641],[-0.006,86.101],[55.232,68.641]],"c":true}]},{"i":{"x":0.605,"y":1},"o":{"x":0.3,"y":0},"t":30,"s":[{"i":[[0.062,0.061],[20.78,-0.209],[2.794,-2.482],[-1.679,0.553],[-20.78,-0.209],[-2.906,-1.087]],"o":[[-2.978,-2.937],[-20.78,-0.209],[-0.083,0.026],[2.947,-0.97],[20.78,-0.209],[1.615,0.604]],"v":[[37.335,87.91],[2.261,89.506],[-34.29,87.851],[-34.06,83.846],[2.261,85.589],[37.337,83.924]],"c":true}]},{"i":{"x":0.4,"y":0.824},"o":{"x":0.3,"y":0},"t":58,"s":[{"i":[[0.062,0.061],[20.78,-0.209],[2.794,-2.482],[-1.679,0.553],[-20.78,-0.209],[-2.906,-1.087]],"o":[[-2.978,-2.937],[-20.78,-0.209],[-0.083,0.026],[2.947,-0.97],[20.78,-0.209],[1.615,0.604]],"v":[[37.335,87.91],[2.261,89.506],[-34.29,87.851],[-34.06,83.846],[2.261,85.589],[37.337,83.924]],"c":true}]},{"i":{"x":0.3,"y":1},"o":{"x":0.3,"y":0.088},"t":79,"s":[{"i":[[0.094,0.102],[31.501,-0.347],[4.235,-4.121],[-2.546,0.918],[-31.501,-0.347],[-4.405,-1.804]],"o":[[-4.514,-4.875],[-31.501,-0.347],[-0.127,0.043],[4.468,-1.611],[31.501,-0.347],[2.448,1.003]],"v":[[54.813,84.974],[-2.976,89.225],[-53.763,84.876],[-53.414,78.228],[-2.976,82.721],[54.816,78.357]],"c":true}]},{"i":{"x":0.243,"y":1},"o":{"x":0.4,"y":0},"t":100,"s":[{"i":[[0.139,0.057],[33.79,-2.786],[2.527,-8.363],[-2.674,1.576],[-33.834,1.733],[-4.844,-2.423]],"o":[[-4.094,-7.803],[-33.834,1.733],[-0.133,0.075],[4.692,-2.766],[33.79,-2.786],[2.692,1.346]],"v":[[57.813,86.28],[-10.146,66.964],[-63.141,93.191],[-63.192,83.074],[-10.562,60.102],[55.387,75.15]],"c":true}]},{"i":{"x":0.4,"y":1},"o":{"x":0.3,"y":0},"t":122,"s":[{"i":[[0.129,0.024],[40.474,-2.765],[4.533,-0.842],[-2.608,0.443],[-31.729,1.448],[-4.513,-0.871]],"o":[[-4.533,-0.842],[-31.119,1.914],[-0.13,0.021],[4.577,-0.778],[31.603,-1.392],[2.508,0.484]],"v":[[62.166,53.647],[-1.428,69.856],[-59.276,63.926],[-58.919,60.717],[-1.064,66.092],[61.786,50.467]],"c":true}]},{"t":160,"s":[{"i":[[0.127,0.04],[31.501,-0.32],[4.425,-1.61],[-2.546,0.847],[-31.501,-0.32],[-4.405,-1.664]],"o":[[-4.425,-1.61],[-31.501,-0.32],[-0.127,0.04],[4.468,-1.486],[31.501,-0.32],[2.448,0.925]],"v":[[55.603,74.719],[-0.006,92.101],[-55.592,74.774],[-55.243,68.641],[-0.006,86.101],[55.232,68.641]],"c":true}]}]},"nm":"Path 1","hd":false},{"ty":"fl","c":{"a":0,"k":[0.419607847929,0.1254902035,0,1]},"o":{"a":0,"k":100},"r":1,"bm":0,"nm":"Fill 1","hd":false},{"ty":"tr","p":{"a":0,"k":[0,0]},"a":{"a":0,"k":[0,0]},"s":{"a":0,"k":[100,100]},"r":{"a":0,"k":0},"o":{"a":0,"k":100},"sk":{"a":0,"k":0},"sa":{"a":0,"k":0},"nm":"Transform"}],"nm":"Group 1","bm":0,"hd":false},{"ty":"gr","it":[{"ind":0,"ty":"sh","ks":{"a":1,"k":[{"i":{"x":0.605,"y":1},"o":{"x":0.5,"y":0},"t":10,"s":[{"i":[[10.837,-11.057],[15.497,0],[11.931,12.174],[-3.522,1.286],[-31.499,-0.322],[-4.423,-1.615]],"o":[[-11.931,12.174],[-15.522,0],[-10.837,-11.057],[4.423,-1.615],[31.499,-0.322],[3.522,1.286]],"v":[[43.882,91.212],[-0.006,113.098],[-43.893,91.212],[-55.242,68.641],[-0.006,86.098],[55.231,68.641]],"c":true}]},{"i":{"x":0.605,"y":1},"o":{"x":0.3,"y":0},"t":30,"s":[{"i":[[7.593,-7.053],[10.223,0],[7.408,6.761],[-2.323,0.84],[-20.779,-0.21],[-2.918,-1.054]],"o":[[-7.776,7.223],[-10.24,0],[-7.687,-7.016],[2.918,-1.054],[20.779,-0.21],[2.323,0.839]],"v":[[30.191,98.805],[0.14,108.725],[-27.031,99.12],[-34.058,83.846],[2.261,85.587],[37.337,83.924]],"c":true}]},{"i":{"x":0.4,"y":0.824},"o":{"x":0.3,"y":0},"t":58,"s":[{"i":[[7.593,-7.053],[10.223,0],[7.408,6.761],[-2.323,0.84],[-20.779,-0.21],[-2.918,-1.054]],"o":[[-7.776,7.223],[-10.24,0],[-7.687,-7.016],[2.918,-1.054],[20.779,-0.21],[2.323,0.839]],"v":[[30.191,98.805],[0.14,108.725],[-27.031,99.12],[-34.058,83.846],[2.261,85.587],[37.337,83.924]],"c":true}]},{"i":{"x":0.3,"y":1},"o":{"x":0.3,"y":0.088},"t":79,"s":[{"i":[[10.837,-11.985],[15.497,0],[11.931,13.196],[-3.522,1.394],[-31.499,-0.348],[-4.423,-1.75]],"o":[[-11.931,13.196],[-15.522,0],[-10.837,-11.985],[4.423,-1.75],[31.499,-0.348],[3.522,1.394]],"v":[[43.983,103.061],[-2.73,123.421],[-42.76,103.584],[-53.412,78.228],[-2.975,82.718],[54.816,78.357]],"c":true}]},{"i":{"x":0.243,"y":1},"o":{"x":0.4,"y":0},"t":100,"s":[{"i":[[10.864,-18.972],[21.511,-1.287],[13.651,19.177],[-3.691,2.368],[-33.832,1.73],[-4.86,-2.34]],"o":[[-11.962,20.888],[-23.078,1.381],[-12.399,-17.417],[4.636,-2.974],[33.788,-2.788],[3.869,1.863]],"v":[[48.607,121.1],[0.846,166.181],[-51.762,128.219],[-63.19,83.073],[-10.561,60.097],[55.386,75.15]],"c":true}]},{"i":{"x":0.4,"y":1},"o":{"x":0.3,"y":0},"t":122,"s":[{"i":[[10.898,-6.757],[26.378,-1.821],[13.285,4.067],[-3.608,0.673],[-32.27,-0.168],[-4.531,-0.845]],"o":[[-11.736,7.276],[-21.099,1.456],[-11.97,-3.664],[4.531,-0.845],[32.269,-0.168],[3.608,0.673]],"v":[[52.583,64.638],[-1.046,79.235],[-47.329,74.053],[-58.917,60.717],[-1.063,66.09],[61.785,50.467]],"c":true}]},{"t":160,"s":[{"i":[[10.837,-11.057],[15.497,0],[11.931,12.174],[-3.522,1.286],[-31.499,-0.322],[-4.423,-1.615]],"o":[[-11.931,12.174],[-15.522,0],[-10.837,-11.057],[4.423,-1.615],[31.499,-0.322],[3.522,1.286]],"v":[[43.882,91.212],[-0.006,113.098],[-43.893,91.212],[-55.242,68.641],[-0.006,86.098],[55.231,68.641]],"c":true}]}]},"nm":"Path 1","hd":false},{"ty":"fl","c":{"a":0,"k":[0.560784339905,0.227450981736,0,1]},"o":{"a":0,"k":100},"r":1,"bm":0,"nm":"Fill 1","hd":false},{"ty":"tr","p":{"a":0,"k":[0,0]},"a":{"a":0,"k":[0,0]},"s":{"a":0,"k":[100,100]},"r":{"a":0,"k":0},"o":{"a":0,"k":100},"sk":{"a":0,"k":0},"sa":{"a":0,"k":0},"nm":"Transform"}],"nm":"Group 2","bm":0,"hd":false},{"ty":"gr","it":[{"ind":0,"ty":"sh","ks":{"a":1,"k":[{"i":{"x":0.605,"y":1},"o":{"x":0.5,"y":0},"t":10,"s":[{"i":[[10.837,-11.057],[15.497,0],[11.931,12.174],[-3.522,1.286],[-31.499,-0.322],[-4.423,-1.615]],"o":[[-11.931,12.174],[-15.522,0],[-10.837,-11.057],[4.423,-1.615],[31.499,-0.322],[3.522,1.286]],"v":[[43.882,97.212],[-0.006,119.098],[-43.893,97.212],[-55.242,68.641],[-0.006,91.098],[55.231,68.641]],"c":true}]},{"i":{"x":0.605,"y":1},"o":{"x":0.3,"y":0},"t":30,"s":[{"i":[[7.149,-7.219],[8.007,-0.022],[7.871,7.949],[-2.323,0.84],[-20.779,-0.21],[-2.918,-1.054]],"o":[[-7.871,7.949],[-7.547,0.021],[-7.149,-7.219],[2.918,-1.054],[20.779,-0.21],[2.323,0.839]],"v":[[29.834,102.324],[-0.115,112.203],[-27.747,102.249],[-34.058,83.846],[2.261,88.851],[37.337,83.924]],"c":true}]},{"i":{"x":0.4,"y":0.824},"o":{"x":0.3,"y":0},"t":58,"s":[{"i":[[7.149,-7.219],[8.007,-0.022],[7.871,7.949],[-2.323,0.84],[-20.779,-0.21],[-2.918,-1.054]],"o":[[-7.871,7.949],[-7.547,0.021],[-7.149,-7.219],[2.918,-1.054],[20.779,-0.21],[2.323,0.839]],"v":[[29.834,102.324],[-0.115,112.203],[-27.747,102.249],[-34.058,83.846],[2.261,88.851],[37.337,83.924]],"c":true}]},{"i":{"x":0.3,"y":1},"o":{"x":0.3,"y":0.088},"t":79,"s":[{"i":[[10.837,-11.985],[15.497,0],[11.931,13.196],[-3.522,1.394],[-31.499,-0.348],[-4.423,-1.75]],"o":[[-11.931,13.196],[-15.522,0],[-10.837,-11.985],[4.423,-1.75],[31.499,-0.348],[3.522,1.394]],"v":[[44.215,109.268],[-2.73,129.925],[-43.845,108.779],[-53.412,78.228],[-2.975,88.138],[54.815,78.357]],"c":true}]},{"i":{"x":0.243,"y":1},"o":{"x":0.4,"y":0},"t":100,"s":[{"i":[[12.087,-23.702],[25.422,-3.51],[12.803,20.505],[-3.691,2.368],[-33.832,1.73],[-4.86,-2.34]],"o":[[-9.659,18.941],[-19.783,2.731],[-11.089,-17.76],[4.636,-2.974],[33.788,-2.788],[3.869,1.863]],"v":[[49.43,129.606],[1.95,172.879],[-50.991,138.532],[-63.19,83.073],[-10.214,68.325],[55.386,75.15]],"c":true}]},{"i":{"x":0.4,"y":1},"o":{"x":0.3,"y":0},"t":122,"s":[{"i":[[10.365,-6.913],[24.336,-0.574],[12.384,6.572],[-3.608,0.673],[-32.27,-0.168],[-4.531,-0.845]],"o":[[-10.617,7.081],[-18.938,0.447],[-10.121,-5.37],[4.531,-0.845],[32.269,-0.168],[3.608,0.673]],"v":[[55.045,67.149],[-2.077,83.842],[-50.244,75.327],[-58.917,60.717],[-1.063,68.706],[61.785,50.467]],"c":true}]},{"t":160,"s":[{"i":[[10.837,-11.057],[15.497,0],[11.931,12.174],[-3.522,1.286],[-31.499,-0.322],[-4.423,-1.615]],"o":[[-11.931,12.174],[-15.522,0],[-10.837,-11.057],[4.423,-1.615],[31.499,-0.322],[3.522,1.286]],"v":[[43.882,97.212],[-0.006,119.098],[-43.893,97.212],[-55.242,68.641],[-0.006,91.098],[55.231,68.641]],"c":true}]}]},"nm":"Path 1","hd":false},{"ty":"fl","c":{"a":0,"k":[1,0.882352948189,0.611764729023,1]},"o":{"a":0,"k":100},"r":1,"bm":0,"nm":"Fill 1","hd":false},{"ty":"tr","p":{"a":0,"k":[0,0]},"a":{"a":0,"k":[0,0]},"s":{"a":0,"k":[100,100]},"r":{"a":0,"k":0},"o":{"a":0,"k":100},"sk":{"a":0,"k":0},"sa":{"a":0,"k":0},"nm":"Transform"}],"nm":"Group 3","bm":0,"hd":false},{"ty":"gr","it":[{"ind":0,"ty":"sh","ks":{"a":1,"k":[{"i":{"x":0.605,"y":1},"o":{"x":0.5,"y":0},"t":10,"s":[{"i":[[10.837,-11.057],[11.931,12.174],[-3.522,1.286],[-31.499,-0.322],[-4.423,-1.615]],"o":[[-11.931,12.174],[-10.837,-11.057],[4.423,-1.615],[31.499,-0.322],[3.522,1.286]],"v":[[47.121,87.126],[-47.089,87.126],[-55.242,64.555],[-0.006,81.012],[55.231,64.555]],"c":true}]},{"i":{"x":0.605,"y":1},"o":{"x":0.3,"y":0},"t":30,"s":[{"i":[[7.149,-7.219],[7.871,7.949],[-2.323,0.839],[-20.779,-0.21],[-2.918,-1.054]],"o":[[-7.871,7.949],[-7.149,-7.219],[2.918,-1.054],[20.779,-0.21],[2.323,0.84]],"v":[[31.987,95.994],[-28.68,95.916],[-34.37,81.453],[2.1,83.536],[37.354,81.507]],"c":true}]},{"i":{"x":0.4,"y":0.835},"o":{"x":0.3,"y":0},"t":58,"s":[{"i":[[7.149,-7.219],[7.871,7.949],[-2.323,0.839],[-20.779,-0.21],[-2.918,-1.054]],"o":[[-7.871,7.949],[-7.149,-7.219],[2.918,-1.054],[20.779,-0.21],[2.323,0.84]],"v":[[31.987,95.994],[-28.68,95.916],[-34.37,81.453],[2.1,83.536],[37.354,81.507]],"c":true}]},{"i":{"x":0.3,"y":1},"o":{"x":0.3,"y":0.082},"t":79,"s":[{"i":[[10.837,-11.985],[11.931,13.196],[-3.522,1.394],[-31.499,-0.348],[-4.423,-1.75]],"o":[[-11.931,13.196],[-10.837,-11.985],[4.423,-1.75],[31.499,-0.348],[3.522,1.394]],"v":[[46.706,98.394],[-45.26,98.265],[-53.885,74.254],[-3.219,79.314],[54.842,74.344]],"c":true}]},{"i":{"x":0.243,"y":1},"o":{"x":0.4,"y":0},"t":100,"s":[{"i":[[10.864,-18.972],[13.651,19.177],[-2.652,4.006],[-33.832,1.73],[-4.812,-2.49]],"o":[[-11.962,20.888],[-12.399,-17.417],[4.537,-6.852],[33.788,-2.788],[10.006,5.177]],"v":[[51.799,114.145],[-53.157,112.907],[-64.848,79.391],[-11.019,55.288],[52.074,67.736]],"c":true}]},{"i":{"x":0.4,"y":1},"o":{"x":0.3,"y":0},"t":122,"s":[{"i":[[11.102,-5.785],[12.223,6.37],[-3.487,1.146],[-32.27,-0.168],[-4.531,-0.845]],"o":[[-12.223,6.37],[-11.102,-5.785],[6.554,-2.154],[31.643,-1.326],[3.608,0.673]],"v":[[56.806,62.755],[-50.565,70.389],[-59.429,59.495],[-1.678,62.76],[61.568,46.579]],"c":true}]},{"t":160,"s":[{"i":[[10.837,-11.057],[11.931,12.174],[-3.522,1.286],[-31.499,-0.322],[-4.423,-1.615]],"o":[[-11.931,12.174],[-10.837,-11.057],[4.423,-1.615],[31.499,-0.322],[3.522,1.286]],"v":[[47.121,87.126],[-47.089,87.126],[-55.242,64.555],[-0.006,81.012],[55.231,64.555]],"c":true}]}]},"nm":"Path 1","hd":false},{"ty":"fl","c":{"a":0,"k":[1,0.678431391716,0,1]},"o":{"a":0,"k":100},"r":1,"bm":0,"nm":"Fill 1","hd":false},{"ty":"tr","p":{"a":0,"k":[0,0]},"a":{"a":0,"k":[0,0]},"s":{"a":0,"k":[100,100]},"r":{"a":0,"k":0},"o":{"a":0,"k":100},"sk":{"a":0,"k":0},"sa":{"a":0,"k":0},"nm":"Transform"}],"nm":"Group 4","bm":0,"hd":false}],"ip":0,"op":180,"st":0,"bm":0},{"ddd":0,"ind":8,"ty":4,"nm":"BODY","parent":1,"sr":1,"ks":{"p":{"a":0,"k":[50,50,0]},"a":{"a":0,"k":[0,2,0]},"s":{"a":1,"k":[{"i":{"x":[0.53,0.53,0.53],"y":[1,1,1]},"o":{"x":[0.4,0.4,0.4],"y":[0,0,0]},"t":1,"s":[100,100,100]},{"i":{"x":[0.549,0.549,0.549],"y":[1,1,1]},"o":{"x":[0.3,0.3,0.3],"y":[0,0,0]},"t":21,"s":[103,97,100]},{"i":{"x":[0.622,0.622,0.622],"y":[1,1,1]},"o":{"x":[0.266,0.266,0.266],"y":[0,0,0]},"t":51,"s":[97,103,100]},{"i":{"x":[0.4,0.4,0.4],"y":[1,1,1]},"o":{"x":[0.3,0.3,0.3],"y":[0,0,0]},"t":82,"s":[102,98,100]},{"i":{"x":[0.3,0.3,0.3],"y":[1,1,1]},"o":{"x":[0.4,0.4,0.4],"y":[0,0,0]},"t":102,"s":[95,103,100]},{"i":{"x":[0.4,0.4,0.4],"y":[1,1,1]},"o":{"x":[0.3,0.3,0.3],"y":[0,0,0]},"t":122,"s":[102,97,100]},{"i":{"x":[0.7,0.7,0.7],"y":[1,1,1]},"o":{"x":[0.3,0.3,0.3],"y":[0,0,0]},"t":142,"s":[98,103,100]},{"i":{"x":[0.6,0.6,0.6],"y":[1,1,1]},"o":{"x":[0.3,0.3,0.3],"y":[0,0,0]},"t":159,"s":[101,99,100]},{"t":179,"s":[100,100,100]}]}},"ao":0,"shapes":[{"ty":"gr","it":[{"ty":"gr","it":[{"ind":0,"ty":"sh","ks":{"a":0,"k":{"i":[[0,0],[-7.723,-1.278]],"o":[[0,0],[0,0]],"v":[[15.018,-182.036],[27.608,-180.497]],"c":false}},"nm":"Path 1","hd":false},{"ty":"st","c":{"a":0,"k":[1,1,1,1]},"o":{"a":0,"k":100},"w":{"a":0,"k":6},"lc":2,"lj":2,"bm":0,"nm":"Stroke 1","hd":false},{"ty":"tr","p":{"a":0,"k":[0,0]},"a":{"a":0,"k":[0,0]},"s":{"a":0,"k":[100,100]},"r":{"a":0,"k":0},"o":{"a":0,"k":100},"sk":{"a":0,"k":0},"sa":{"a":0,"k":0},"nm":"Transform"}],"nm":"Group 1","bm":0,"hd":false},{"ty":"gr","it":[{"ind":0,"ty":"sh","ks":{"a":0,"k":{"i":[[0,0],[-1.645,-0.406]],"o":[[1.538,0.335],[0,0]],"v":[[36.373,-178.816],[41.15,-177.706]],"c":false}},"nm":"Path 1","hd":false},{"ty":"st","c":{"a":0,"k":[1,1,1,1]},"o":{"a":0,"k":100},"w":{"a":0,"k":6},"lc":2,"lj":2,"bm":0,"nm":"Stroke 1","hd":false},{"ty":"tr","p":{"a":0,"k":[0,0]},"a":{"a":0,"k":[0,0]},"s":{"a":0,"k":[100,100]},"r":{"a":0,"k":0},"o":{"a":0,"k":100},"sk":{"a":0,"k":0},"sa":{"a":0,"k":0},"nm":"Transform"}],"nm":"Group 2","bm":0,"hd":false},{"ty":"tr","p":{"a":0,"k":[0,0]},"a":{"a":0,"k":[0,0]},"s":{"a":0,"k":[100,100]},"r":{"a":0,"k":0},"o":{"a":0,"k":100},"sk":{"a":0,"k":0},"sa":{"a":0,"k":0},"nm":"Transform"}],"nm":"Group 1","bm":0,"hd":false},{"ty":"gr","it":[{"ind":0,"ty":"sh","ks":{"a":0,"k":{"i":[[0,-72.643],[82.438,0],[0,72.643],[-82.438,0]],"o":[[0,72.643],[-82.438,0],[0,-72.643],[82.438,0]],"v":[[149.267,-51.503],[0,-36.325],[-149.267,-51.503],[0,-183.036]],"c":true}},"nm":"Path 1","hd":false},{"ty":"fl","c":{"a":0,"k":[1,0.870588243008,0.40000000596,1]},"o":{"a":0,"k":100},"r":1,"bm":0,"nm":"Fill 1","hd":false},{"ty":"tr","p":{"a":0,"k":[0,0]},"a":{"a":0,"k":[0,0]},"s":{"a":0,"k":[100,100]},"r":{"a":0,"k":0},"o":{"a":0,"k":90},"sk":{"a":0,"k":0},"sa":{"a":0,"k":0},"nm":"Transform"}],"nm":"Group 2","bm":0,"hd":false},{"ty":"gr","it":[{"ind":0,"ty":"sh","ks":{"a":0,"k":{"i":[[1.457,-95.029],[92.978,1.425],[-1.456,95.029],[-92.978,-1.425]],"o":[[-1.457,95.028],[-92.978,-1.425],[1.456,-95.029],[92.978,1.425]],"v":[[168.407,-8.362],[-2.582,161.122],[-168.296,-13.523],[2.693,-183.007]],"c":true}},"nm":"Path 1","hd":false},{"ty":"fl","c":{"a":0,"k":[1,0.811764717102,0,1]},"o":{"a":0,"k":100},"r":1,"bm":0,"nm":"Fill 1","hd":false},{"ty":"tr","p":{"a":0,"k":[0,0]},"a":{"a":0,"k":[0,0]},"s":{"a":0,"k":[100,100]},"r":{"a":0,"k":0},"o":{"a":0,"k":100},"sk":{"a":0,"k":0},"sa":{"a":0,"k":0},"nm":"Transform"}],"nm":"Group 3","bm":0,"hd":false},{"ty":"gr","it":[{"ind":0,"ty":"sh","ks":{"a":0,"k":{"i":[[0,-104.313],[104.313,0],[0,104.313],[-104.313,0]],"o":[[0,104.313],[-104.313,0],[0,-104.313],[104.313,0]],"v":[[188.875,-9.075],[0,179.801],[-188.875,-9.075],[0,-197.95]],"c":true}},"nm":"Path 1","hd":false},{"ty":"st","c":{"a":0,"k":[1,0.46274510026,0.164705887437,1]},"o":{"a":0,"k":100},"w":{"a":0,"k":8},"lc":1,"lj":1,"ml":10,"bm":0,"nm":"Stroke 1","hd":false},{"ty":"fl","c":{"a":0,"k":[1,0.678431391716,0,1]},"o":{"a":0,"k":100},"r":1,"bm":0,"nm":"Fill 1","hd":false},{"ty":"tr","p":{"a":0,"k":[0,0]},"a":{"a":0,"k":[0,0]},"s":{"a":0,"k":[100,100]},"r":{"a":0,"k":0},"o":{"a":0,"k":100},"sk":{"a":0,"k":0},"sa":{"a":0,"k":0},"nm":"Transform"}],"nm":"Group 4","bm":0,"hd":false},{"ty":"gr","it":[{"ind":0,"ty":"sh","ks":{"a":0,"k":{"i":[[0,-108.261],[108.261,0],[0,108.261],[-108.261,0]],"o":[[0,108.261],[-108.261,0],[0,-108.261],[108.261,0]],"v":[[196.025,5.925],[0,201.95],[-196.025,5.925],[0,-190.099]],"c":true}},"nm":"Path 1","hd":false},{"ty":"fl","c":{"a":0,"k":[0,0,0,1]},"o":{"a":0,"k":100},"r":1,"bm":0,"nm":"Fill 1","hd":false},{"ty":"tr","p":{"a":0,"k":[0,0]},"a":{"a":0,"k":[0,0]},"s":{"a":0,"k":[100,100]},"r":{"a":0,"k":0},"o":{"a":0,"k":10},"sk":{"a":0,"k":0},"sa":{"a":0,"k":0},"nm":"Transform"}],"nm":"Group 5","bm":0,"hd":false}],"ip":0,"op":180,"st":0,"bm":0}]}