{"tgs":1,"v":"5.5.2","fr":60,"ip":0,"op":180,"w":512,"h":448,"nm":"smile 5","ddd":0,"assets":[],"layers":[{"ddd":0,"ind":1,"ty":3,"sr":1,"ks":{"o":{"a":0,"k":0},"p":{"a":0,"k":[256,240,0]}},"ao":0,"ip":0,"op":180,"st":0,"bm":0},{"ddd":0,"ind":2,"ty":3,"parent":1,"sr":1,"ks":{"o":{"a":0,"k":0},"p":{"a":1,"k":[{"i":{"x":0.667,"y":1},"o":{"x":0.167,"y":0.167},"t":0,"s":[-218,92,0],"to":[0,0,0],"ti":[0,0,0]},{"i":{"x":0.667,"y":1},"o":{"x":0.333,"y":0},"t":17,"s":[-186,92,0],"to":[0,0,0],"ti":[0,0,0]},{"i":{"x":0.62,"y":1},"o":{"x":0.333,"y":0},"t":55,"s":[-257.429,92,0],"to":[0,0,0],"ti":[0,0,0]},{"i":{"x":0.667,"y":1},"o":{"x":0.33,"y":0},"t":116,"s":[-186,92,0],"to":[0,0,0],"ti":[0,0,0]},{"i":{"x":0.833,"y":0.833},"o":{"x":0.333,"y":0},"t":156.801,"s":[-257.429,92,0],"to":[0,0,0],"ti":[0,0,0]},{"t":179.19921875,"s":[-218,92,0]}]}},"ao":0,"ip":0,"op":180,"st":0,"bm":0},{"ddd":0,"ind":3,"ty":3,"parent":2,"sr":1,"ks":{"o":{"a":0,"k":0},"p":{"a":0,"k":[0,40,0]}},"ao":0,"ip":0,"op":180,"st":0,"bm":0},{"ddd":0,"ind":4,"ty":3,"parent":10,"sr":1,"ks":{"o":{"a":0,"k":0},"r":{"a":1,"k":[{"i":{"x":[0.667],"y":[1]},"o":{"x":[0.167],"y":[0.167]},"t":0,"s":[0]},{"i":{"x":[0.667],"y":[1]},"o":{"x":[0.333],"y":[0]},"t":17,"s":[20]},{"i":{"x":[0.62],"y":[1]},"o":{"x":[0.333],"y":[0]},"t":55,"s":[-10]},{"i":{"x":[0.667],"y":[1]},"o":{"x":[0.33],"y":[0]},"t":116,"s":[25]},{"i":{"x":[0.833],"y":[0.833]},"o":{"x":[0.333],"y":[0]},"t":155.805,"s":[-25]},{"t":180,"s":[0]}]},"p":{"a":0,"k":[0.75,-10,0]}},"ao":0,"ip":0,"op":180,"st":0,"bm":0},{"ddd":0,"ind":5,"ty":4,"parent":10,"sr":1,"ks":{"p":{"a":0,"k":[0.813,1.056,0]},"a":{"a":0,"k":[0.813,1.056,0]}},"ao":0,"shapes":[{"ty":"gr","it":[{"ind":0,"ty":"sh","ks":{"a":0,"k":{"i":[[0,-104.313],[104.313,0],[0,104.313],[-104.313,0]],"o":[[0,104.313],[-104.313,0],[0,-104.313],[104.313,0]],"v":[[189.688,-10.018],[0.813,178.857],[-188.063,-10.018],[0.813,-198.894]],"c":true}},"hd":false},{"ty":"st","c":{"a":0,"k":[0.96862745285,0.494117647409,0.254901975393,1]},"o":{"a":0,"k":100},"w":{"a":0,"k":8},"lc":1,"lj":1,"ml":10,"bm":0,"hd":false},{"ty":"tr","p":{"a":0,"k":[0,0]},"a":{"a":0,"k":[0,0]},"s":{"a":0,"k":[100,100]},"r":{"a":0,"k":0},"o":{"a":0,"k":100},"sk":{"a":0,"k":0},"sa":{"a":0,"k":0}}],"bm":0,"hd":false}],"ip":0,"op":180,"st":0,"bm":0},{"ddd":0,"ind":6,"ty":4,"parent":4,"sr":1,"ks":{"p":{"a":1,"k":[{"i":{"x":0.34,"y":1},"o":{"x":0.333,"y":0},"t":0,"s":[0.061,88.649,0],"to":[0,0,0],"ti":[0,0,0]},{"i":{"x":0.811,"y":0.443},"o":{"x":0.577,"y":0},"t":35,"s":[0.061,-150,0],"to":[0,0,0],"ti":[0,0,0]},{"i":{"x":0.655,"y":0.731},"o":{"x":0.341,"y":0.266},"t":62.656,"s":[0.061,-18.001,0],"to":[0,0,0],"ti":[0,0,0]},{"i":{"x":0.497,"y":1},"o":{"x":0.226,"y":0.492},"t":67.686,"s":[0.061,72.716,0],"to":[0,0,0],"ti":[0,0,0]},{"i":{"x":0.723,"y":0.191},"o":{"x":0.492,"y":0},"t":79,"s":[0.061,145.593,0],"to":[0,0,0],"ti":[0,0,0]},{"i":{"x":0.347,"y":1},"o":{"x":0.154,"y":0.399},"t":91,"s":[0.061,109.491,0],"to":[0,0,0],"ti":[0,0,0]},{"i":{"x":0.667,"y":1},"o":{"x":0.66,"y":0},"t":127,"s":[0.061,-12.351,0],"to":[0,0,0],"ti":[0,0,0]},{"t":180,"s":[0.061,88.649,0]}]},"a":{"a":0,"k":[0.811,78.649,0]},"s":{"a":1,"k":[{"i":{"x":[0.667,0.667,0.667],"y":[1,1,1]},"o":{"x":[0.333,0.333,0.333],"y":[0,0,0]},"t":0,"s":[100,100,100]},{"i":{"x":[0.667,0.667,0.667],"y":[1,1,1]},"o":{"x":[0.333,0.333,0.333],"y":[0,0,0]},"t":35,"s":[100,100,100]},{"i":{"x":[0.667,0.667,0.667],"y":[1,1,1]},"o":{"x":[0.333,0.333,0.333],"y":[0,0,0]},"t":90,"s":[100,100,100]},{"i":{"x":[0.17,0.17,0.17],"y":[1,1,1]},"o":{"x":[0.333,0.333,0.333],"y":[0,0,0]},"t":133,"s":[100,100,100]},{"t":180,"s":[100,100,100]}]}},"ao":0,"shapes":[{"ty":"gr","it":[{"ty":"gr","it":[{"ind":0,"ty":"sh","ks":{"a":1,"k":[{"i":{"x":0.667,"y":1},"o":{"x":0.333,"y":0},"t":0,"s":[{"i":[[0.05,-0.48],[4.13,-8.16],[6.824,-2.058],[69.621,-5.06],[9.12,0],[16.685,1.254],[-19.311,-29.068],[3.244,1.303],[0.84,8.7],[-0.02,0.42],[-94.67,-1.77],[-1.07,-14.59]],"o":[[-0.93,8.34],[-2.567,1.017],[17.09,-28.127],[-10.205,0.742],[-13.811,0],[-48.63,-3.656],[-8.411,-2.393],[-4.34,-8.63],[-0.05,-0.48],[1.07,-14.59],[94.68,-1.77],[0.02,0.42]],"v":[[121.728,35.637],[113.958,60.527],[99.785,65.377],[30.258,47.435],[0.78,48.682],[-47.366,45.781],[-94.439,66.818],[-111.972,60.947],[-119.902,34.777],[-119.862,33.437],[1.968,46.587],[121.688,34.297]],"c":true}]},{"i":{"x":0.833,"y":0.833},"o":{"x":0.333,"y":0},"t":11,"s":[{"i":[[0.053,-0.546],[4.119,-7.358],[6.807,-1.855],[49.282,0.074],[6.289,0],[11.537,0.32],[-19.261,-26.211],[3.236,1.174],[0.838,9.899],[-0.02,0.478],[-65.288,-2.014],[-1.067,-16.601]],"o":[[-0.928,9.49],[-2.561,0.917],[17.046,-25.363],[-7.056,-0.011],[-9.525,0],[-32.036,-0.888],[-8.664,0.164],[-4.329,-7.782],[-0.05,-0.546],[1.067,-16.601],[65.294,-2.014],[0.02,0.478]],"v":[[121.394,43.684],[115.579,69.267],[102.191,71.162],[21.297,16.007],[0.968,16.288],[-32.208,16.116],[-93.777,71.108],[-109.769,69.646],[-119.494,43.985],[-119.454,42.46],[1.787,13.904],[121.354,42.159]],"c":true}]},{"i":{"x":0.833,"y":0.833},"o":{"x":0.167,"y":0.167},"t":19,"s":[{"i":[[0.057,-0.456],[3.846,-5.995],[5.455,1.301],[44.95,3.035],[8.192,0],[14.196,-1.214],[-14.358,-27.347],[3.474,0.582],[0.69,8.035],[-0.019,0.388],[-82.138,-1.855],[-1.146,-13.866]],"o":[[-0.996,7.926],[-2.749,0.455],[13.266,-25.638],[-9.186,-0.263],[-12.406,0],[-29.712,2.926],[-9.191,1.955],[-3.913,-5.769],[-0.041,-0.443],[0.879,-13.474],[78.877,-1.855],[0.021,0.399]],"v":[[129.998,90.349],[122.922,104.569],[110.602,101.628],[27.423,36.561],[0.952,35.967],[-42.825,39.486],[-101.806,100.913],[-118.883,104.844],[-128.195,91.951],[-128.163,90.714],[2.018,33.771],[129.956,89.075]],"c":true}]},{"i":{"x":0.667,"y":1},"o":{"x":0.167,"y":0.167},"t":21,"s":[{"i":[[0.059,-0.469],[3.752,-5.532],[4.306,1.87],[50.021,4.309],[8.839,0],[15.255,-2.381],[-12.69,-27.734],[3.555,0.381],[0.639,8.168],[-0.019,0.394],[-87.871,-1.801],[-1.172,-14.261]],"o":[[-1.019,8.152],[-2.813,0.297],[11.98,-25.732],[-9.911,-0.349],[-13.386,0],[-29.98,5.323],[-9.37,2.565],[-3.771,-5.083],[-0.038,-0.451],[0.815,-13.698],[83.499,-1.801],[0.022,0.411]],"v":[[132.926,100.093],[125.42,116.581],[113.054,112.204],[29.538,44.537],[0.946,42.663],[-46.281,47.656],[-104.538,111.055],[-121.984,116.822],[-131.156,102.292],[-131.126,101.034],[2.096,40.532],[132.883,98.783]],"c":true}]},{"i":{"x":0.833,"y":0.833},"o":{"x":0.333,"y":0},"t":35,"s":[{"i":[[0.062,-0.332],[3.496,-3.396],[4.026,2.423],[53.566,1.591],[10.62,0],[17.589,-3.171],[-8.1,-22.976],[3.778,-0.138],[0.501,5.552],[-0.018,0.268],[-103.644,-1.652],[-1.246,-10.073]],"o":[[-1.083,5.758],[-2.99,-0.108],[8.442,-20.736],[-11.905,-0.585],[-16.084,0],[-23.731,5.505],[-6.361,5.006],[-3.381,-2.552],[-0.03,-0.306],[0.638,-9.311],[96.213,-1.652],[0.023,0.29]],"v":[[140.981,132.969],[132.293,141.055],[121.246,133.95],[35.241,62.796],[0.931,61.084],[-55.452,67.049],[-113.018,130.208],[-130.515,141.17],[-139.301,135.78],[-139.278,134.925],[2.312,59.128],[140.934,132.044]],"c":true}]},{"i":{"x":0.833,"y":0.867},"o":{"x":0.167,"y":0.167},"t":51,"s":[{"i":[[0.059,-0.469],[3.752,-5.532],[4.917,2.14],[49.355,3.565],[8.839,0],[15.1,-1.735],[-12.69,-27.734],[3.555,0.381],[0.639,8.168],[-0.019,0.394],[-87.871,-1.801],[-1.172,-14.261]],"o":[[-1.019,8.152],[-2.813,0.297],[11.98,-25.732],[-9.911,-0.349],[-13.386,0],[-24.053,3.702],[-9.37,2.565],[-3.771,-5.083],[-0.038,-0.451],[0.815,-13.698],[83.499,-1.801],[0.022,0.411]],"v":[[132.926,100.093],[125.42,116.581],[112.963,112.037],[29.507,43.556],[0.946,42.663],[-45.893,46.105],[-104.538,111.055],[-121.984,116.822],[-131.156,102.292],[-131.126,101.034],[2.096,40.532],[132.883,98.783]],"c":true}]},{"i":{"x":0.667,"y":1},"o":{"x":0.167,"y":0.133},"t":54,"s":[{"i":[[0.057,-0.457],[3.852,-6.012],[4.423,2.379],[51.181,0.732],[8.174,0],[14.172,-1.195],[-14.434,-27.333],[3.473,0.59],[0.692,8.057],[-0.019,0.389],[-81.983,-1.857],[-1.146,-13.9]],"o":[[-0.996,7.945],[-2.749,0.46],[13.326,-25.635],[-9.166,-0.26],[-12.378,0],[-32.066,0.628],[-9.191,1.933],[-3.921,-5.793],[-0.041,-0.445],[0.882,-13.513],[78.763,-1.857],[0.021,0.4]],"v":[[129.99,89.776],[122.924,104.135],[110.485,100.554],[27.364,36.309],[0.952,35.725],[-42.32,38.216],[-101.783,100.547],[-118.86,104.412],[-128.186,91.362],[-128.153,90.121],[2.016,33.527],[129.947,88.499]],"c":true}]},{"i":{"x":0.833,"y":0.867},"o":{"x":0.333,"y":0},"t":63.914,"s":[{"i":[[0.057,-0.546],[4.39,-7.358],[7.254,-1.855],[52.519,0.074],[6.703,0],[12.295,0.32],[-20.526,-26.211],[3.448,1.174],[0.893,9.899],[-0.021,0.478],[-69.576,-2.014],[-1.137,-16.601]],"o":[[-0.989,9.49],[-2.729,0.917],[18.166,-25.363],[-7.52,-0.011],[-10.15,0],[-34.14,-0.888],[-9.233,0.164],[-4.613,-7.782],[-0.053,-0.546],[1.137,-16.601],[69.583,-2.014],[0.021,0.478]],"v":[[129.311,43.684],[123.114,69.267],[108.847,71.162],[22.639,16.007],[0.975,16.288],[-34.381,16.116],[-99.994,71.108],[-117.036,69.646],[-127.4,43.985],[-127.358,42.46],[1.847,13.904],[129.268,42.159]],"c":true}]},{"i":{"x":0.52,"y":1},"o":{"x":0.167,"y":0.133},"t":68.943,"s":[{"i":[[0.051,-0.395],[3.604,-6.079],[5.817,-1.701],[47.236,-1.147],[7.124,0],[12.534,0.915],[-14.562,-19.666],[3.117,1.095],[0.675,7.254],[-0.018,0.35],[-72.118,-1.441],[-1.028,-12.026]],"o":[[-0.894,6.874],[-2.467,0.855],[13.241,-19.303],[-7.984,0.22],[-10.788,0],[-30.585,-1.67],[-8.224,-0.96],[-3.601,-6.242],[-0.04,-0.4],[0.859,-12.165],[70.06,-1.441],[0.019,0.346]],"v":[[116.981,41.914],[110.575,61.503],[98.346,64.476],[23.924,35.129],[0.902,35.804],[-36.783,34.267],[-90.835,65.186],[-106.439,61.827],[-115.008,41.968],[-114.976,40.851],[1.829,34.098],[116.942,40.81]],"c":true}]},{"i":{"x":0.833,"y":0.833},"o":{"x":0.333,"y":0},"t":79,"s":[{"i":[[0.045,-0.212],[2.651,-4.527],[4.076,-1.514],[40.829,-2.628],[7.635,0],[12.824,1.637],[-7.33,-11.729],[2.716,0.998],[0.41,4.046],[-0.015,0.195],[-75.2,-0.747],[-0.896,-6.477]],"o":[[-0.779,3.702],[-2.149,0.779],[7.269,-11.955],[-8.548,0.499],[-11.562,0],[-26.274,-2.618],[-7,-2.323],[-2.375,-4.376],[-0.024,-0.223],[0.522,-6.785],[70.637,-0.747],[0.017,0.186]],"v":[[102.029,39.769],[95.37,52.088],[85.612,56.368],[25.481,58.317],[0.814,59.47],[-39.697,56.276],[-79.729,58.005],[-93.589,52.346],[-99.982,39.522],[-99.962,38.899],[1.807,58.586],[101.996,39.174]],"c":true}]},{"i":{"x":0.21,"y":1},"o":{"x":0.167,"y":0.167},"t":103,"s":[{"i":[[0.058,-0.496],[4.322,-6.935],[7.097,-1.804],[53.074,-0.329],[7.135,0],[12.912,0.517],[-19.455,-24.049],[3.49,1.148],[0.86,9.025],[-0.021,0.436],[-73.463,-1.825],[-1.151,-15.09]],"o":[[-1,8.625],[-2.762,0.896],[17.334,-23.361],[-8.003,0.065],[-10.806,0],[-34.461,-1.147],[-9.304,-0.207],[-4.481,-7.273],[-0.051,-0.498],[1.095,-15.136],[72.788,-1.825],[0.022,0.434]],"v":[[130.862,43.099],[124.325,66.702],[110.106,68.953],[24.017,22.325],[0.955,22.736],[-36.718,22.113],[-101.385,69.152],[-118.699,67.063],[-128.923,43.319],[-128.882,41.929],[1.884,20.576],[130.819,41.713]],"c":true}]},{"i":{"x":0.667,"y":1},"o":{"x":0.66,"y":0},"t":127,"s":[{"i":[[0.06,-0.546],[4.616,-7.358],[7.627,-1.855],[55.223,0.074],[7.048,0],[12.928,0.32],[-21.583,-26.211],[3.626,1.174],[0.939,9.899],[-0.022,0.478],[-73.158,-2.014],[-1.196,-16.601]],"o":[[-1.039,9.49],[-2.87,0.917],[19.101,-25.363],[-7.907,-0.011],[-10.673,0],[-35.898,-0.888],[-9.708,0.164],[-4.851,-7.782],[-0.056,-0.546],[1.196,-16.601],[73.165,-2.014],[0.022,0.478]],"v":[[135.923,43.684],[129.407,69.267],[114.405,71.162],[23.76,16.007],[0.98,16.288],[-36.195,16.116],[-105.186,71.108],[-123.106,69.646],[-134.004,43.985],[-133.959,42.46],[1.898,13.904],[135.878,42.159]],"c":true}]},{"t":180,"s":[{"i":[[0.05,-0.48],[4.13,-8.16],[6.824,-2.058],[69.621,-5.06],[9.12,0],[16.685,1.254],[-19.311,-29.068],[3.244,1.303],[0.84,8.7],[-0.02,0.42],[-94.67,-1.77],[-1.07,-14.59]],"o":[[-0.93,8.34],[-2.567,1.017],[17.09,-28.127],[-10.205,0.742],[-13.811,0],[-48.63,-3.656],[-8.411,-2.393],[-4.34,-8.63],[-0.05,-0.48],[1.07,-14.59],[94.68,-1.77],[0.02,0.42]],"v":[[121.728,35.637],[113.958,60.527],[99.785,65.377],[30.258,47.435],[0.78,48.682],[-47.366,45.781],[-94.439,66.818],[-111.972,60.947],[-119.902,34.777],[-119.862,33.437],[1.968,46.587],[121.688,34.297]],"c":true}]}]},"hd":false},{"ty":"fl","c":{"a":0,"k":[0.780392169952,0.843137264252,0.847058832645,1]},"o":{"a":0,"k":100},"r":1,"bm":0,"hd":false},{"ty":"tr","p":{"a":0,"k":[0,0]},"a":{"a":0,"k":[0,0]},"s":{"a":0,"k":[100,100]},"r":{"a":0,"k":0},"o":{"a":0,"k":100},"sk":{"a":0,"k":0},"sa":{"a":0,"k":0}}],"bm":0,"hd":false},{"ty":"gr","it":[{"ind":0,"ty":"sh","ks":{"a":1,"k":[{"i":{"x":0.667,"y":1},"o":{"x":0.333,"y":0},"t":0,"s":[{"i":[[0.05,-0.48],[4.13,-8.16],[62.81,0],[10.61,4.26],[0.84,8.7],[-0.02,0.42],[-94.67,-1.77],[-1.07,-14.59]],"o":[[-0.93,8.34],[-9.62,3.81],[-63.4,0],[-4.34,-8.63],[-0.05,-0.48],[1.07,-14.59],[94.68,-1.77],[0.02,0.42]],"v":[[121.728,35.637],[113.958,60.527],[0.828,78.807],[-111.972,60.947],[-119.902,34.777],[-119.862,33.437],[1.968,46.587],[121.688,34.297]],"c":true}]},{"i":{"x":0.833,"y":0.833},"o":{"x":0.333,"y":0},"t":11,"s":[{"i":[[0.053,-0.546],[4.119,-7.358],[62.648,0],[10.583,3.841],[0.838,9.899],[-0.02,0.478],[-65.287,-2.014],[-1.067,-16.601]],"o":[[-0.928,9.49],[-9.595,3.436],[-63.237,0],[-4.329,-7.782],[-0.05,-0.546],[1.067,-16.601],[65.294,-2.014],[0.02,0.478]],"v":[[121.394,43.684],[115.579,69.267],[3.089,65.002],[-109.769,69.646],[-119.494,43.985],[-119.454,42.46],[1.787,13.904],[121.354,42.159]],"c":true}]},{"i":{"x":0.833,"y":0.833},"o":{"x":0.167,"y":0.167},"t":19,"s":[{"i":[[0.057,-0.456],[3.846,-6.112],[67.259,0],[11.361,1.905],[0.69,8.035],[-0.019,0.388],[-81.623,-1.855],[-1.146,-13.866]],"o":[[-0.996,7.926],[-9.151,1.452],[-67.891,0],[-4.026,-6.225],[-0.041,-0.443],[0.879,-13.474],[78.657,-1.855],[0.021,0.399]],"v":[[129.998,90.349],[122.922,104.569],[2.054,78.925],[-118.883,104.844],[-128.195,91.951],[-128.163,90.714],[2.018,33.771],[129.956,89.075]],"c":true}]},{"i":{"x":0.667,"y":1},"o":{"x":0.167,"y":0.167},"t":21,"s":[{"i":[[0.059,-0.469],[3.752,-5.689],[68.828,0],[11.627,1.246],[0.639,8.168],[-0.019,0.394],[-87.182,-1.801],[-1.172,-14.261]],"o":[[-1.019,8.152],[-9,0.777],[-69.474,0],[-3.923,-5.695],[-0.038,-0.451],[0.815,-13.698],[83.204,-1.801],[0.022,0.411]],"v":[[132.926,100.093],[125.42,116.581],[1.702,83.663],[-121.984,116.822],[-131.156,102.292],[-131.126,101.034],[2.096,40.532],[132.883,98.783]],"c":true}]},{"i":{"x":0.833,"y":0.833},"o":{"x":0.333,"y":0},"t":35,"s":[{"i":[[0.062,-0.332],[3.496,-3.609],[84.313,1.858],[12.356,-0.452],[0.501,5.552],[-0.018,0.268],[-102.473,-1.652],[-1.246,-10.073]],"o":[[-1.083,5.758],[-8.585,-0.862],[-79.405,-1.75],[-3.639,-3.381],[-0.03,-0.306],[0.638,-9.311],[95.712,-1.652],[0.023,0.29]],"v":[[140.981,132.969],[132.293,141.055],[0.164,83.464],[-130.515,141.17],[-139.301,135.78],[-139.278,134.925],[2.312,59.128],[140.934,132.044]],"c":true}]},{"i":{"x":0.833,"y":0.867},"o":{"x":0.167,"y":0.167},"t":51,"s":[{"i":[[0.059,-0.469],[3.752,-5.689],[68.828,0],[11.627,1.246],[0.639,8.168],[-0.019,0.394],[-87.182,-1.801],[-1.172,-14.261]],"o":[[-1.019,8.152],[-9,0.777],[-69.474,0],[-3.923,-5.695],[-0.038,-0.451],[0.815,-13.698],[83.204,-1.801],[0.022,0.411]],"v":[[132.926,100.093],[125.42,116.581],[1.702,83.663],[-121.984,116.822],[-131.156,102.292],[-131.126,101.034],[2.096,40.532],[132.883,98.783]],"c":true}]},{"i":{"x":0.667,"y":1},"o":{"x":0.167,"y":0.133},"t":53.857,"s":[{"i":[[0.057,-0.456],[3.846,-6.112],[67.259,0],[11.361,1.905],[0.69,8.035],[-0.019,0.388],[-81.623,-1.855],[-1.146,-13.866]],"o":[[-0.996,7.926],[-9.151,1.452],[-67.891,0],[-4.026,-6.225],[-0.041,-0.443],[0.879,-13.474],[78.657,-1.855],[0.021,0.399]],"v":[[129.998,90.349],[122.922,104.569],[2.054,78.925],[-118.883,104.844],[-128.195,91.951],[-128.163,90.714],[2.018,33.771],[129.956,89.075]],"c":true}]},{"i":{"x":0.833,"y":0.867},"o":{"x":0.333,"y":0},"t":63.914,"s":[{"i":[[0.057,-0.546],[4.39,-7.358],[66.763,0],[11.278,3.841],[0.893,9.899],[-0.021,0.478],[-69.576,-2.014],[-1.137,-16.601]],"o":[[-0.989,9.49],[-10.226,3.436],[-67.39,0],[-4.613,-7.782],[-0.053,-0.546],[1.137,-16.601],[69.583,-2.014],[0.021,0.478]],"v":[[129.311,43.684],[123.114,69.267],[3.235,65.002],[-117.036,69.646],[-127.4,43.985],[-127.358,42.46],[1.847,13.904],[129.268,42.159]],"c":true}]},{"i":{"x":0.52,"y":1},"o":{"x":0.167,"y":0.133},"t":68.943,"s":[{"i":[[0.051,-0.395],[3.604,-6.04],[60.354,0],[10.195,3.58],[0.675,7.254],[-0.018,0.35],[-71.793,-1.441],[-1.028,-12.026]],"o":[[-0.894,6.874],[-8.517,3.286],[-60.921,0],[-3.509,-6.126],[-0.04,-0.4],[0.859,-12.165],[69.92,-1.441],[0.019,0.346]],"v":[[116.981,41.914],[110.575,61.503],[2.153,68.247],[-106.439,61.827],[-115.008,41.968],[-114.976,40.851],[1.829,34.098],[116.942,40.81]],"c":true}]},{"i":{"x":0.833,"y":0.833},"o":{"x":0.333,"y":0},"t":79,"s":[{"i":[[0.045,-0.212],[2.651,-4.441],[52.582,0],[8.882,3.263],[0.41,4.046],[-0.015,0.195],[-74.48,-0.747],[-0.896,-6.477]],"o":[[-0.779,3.702],[-6.446,3.104],[-53.076,0],[-2.169,-4.118],[-0.024,-0.223],[0.522,-6.785],[70.329,-0.747],[0.017,0.186]],"v":[[102.029,39.769],[95.37,52.088],[0.842,72.181],[-93.589,52.346],[-99.982,39.522],[-99.962,38.899],[1.807,58.586],[101.996,39.174]],"c":true}]},{"i":{"x":0.21,"y":1},"o":{"x":0.167,"y":0.167},"t":103,"s":[{"i":[[0.058,-0.496],[4.322,-6.922],[67.57,0],[11.414,3.755],[0.86,9.025],[-0.021,0.436],[-73.355,-1.825],[-1.151,-15.09]],"o":[[-1,8.625],[-10.109,3.386],[-68.204,0],[-4.45,-7.235],[-0.051,-0.498],[1.095,-15.136],[72.742,-1.825],[0.022,0.434]],"v":[[130.862,43.099],[124.325,66.702],[2.981,66.074],[-118.699,67.063],[-128.923,43.319],[-128.882,41.929],[1.884,20.576],[130.819,41.713]],"c":true}]},{"i":{"x":0.667,"y":1},"o":{"x":0.66,"y":0},"t":127,"s":[{"i":[[0.06,-0.546],[4.616,-7.358],[70.2,0],[11.858,3.841],[0.939,9.899],[-0.022,0.478],[-73.158,-2.014],[-1.196,-16.601]],"o":[[-1.039,9.49],[-10.752,3.436],[-70.86,0],[-4.851,-7.782],[-0.056,-0.546],[1.196,-16.601],[73.165,-2.014],[0.022,0.478]],"v":[[135.923,43.684],[129.407,69.267],[3.356,65.002],[-123.106,69.646],[-134.004,43.985],[-133.959,42.46],[1.898,13.904],[135.878,42.159]],"c":true}]},{"t":180,"s":[{"i":[[0.05,-0.48],[4.13,-8.16],[62.81,0],[10.61,4.26],[0.84,8.7],[-0.02,0.42],[-94.67,-1.77],[-1.07,-14.59]],"o":[[-0.93,8.34],[-9.62,3.81],[-63.4,0],[-4.34,-8.63],[-0.05,-0.48],[1.07,-14.59],[94.68,-1.77],[0.02,0.42]],"v":[[121.728,35.637],[113.958,60.527],[0.828,78.807],[-111.972,60.947],[-119.902,34.777],[-119.862,33.437],[1.968,46.587],[121.688,34.297]],"c":true}]}]},"hd":false},{"ty":"fl","c":{"a":0,"k":[0.960784316063,0.960784316063,0.960784316063,1]},"o":{"a":0,"k":100},"r":1,"bm":0,"hd":false},{"ty":"tr","p":{"a":0,"k":[0,0]},"a":{"a":0,"k":[0,0]},"s":{"a":0,"k":[100,100]},"r":{"a":0,"k":0},"o":{"a":0,"k":100},"sk":{"a":0,"k":0},"sa":{"a":0,"k":0}}],"bm":0,"hd":false},{"ty":"gr","it":[{"ind":0,"ty":"sh","ks":{"a":1,"k":[{"i":{"x":0.667,"y":1},"o":{"x":0.333,"y":0},"t":0,"s":[{"i":[[0.05,-0.587],[4.13,-9.973],[62.81,0],[4,8.866],[0.84,10.633],[-0.02,0.513],[-94.67,-2.163],[-1.07,-17.831]],"o":[[-0.93,10.193],[-4.644,9.029],[-63.4,0],[-4.34,-10.547],[-0.05,-0.587],[1.07,-17.831],[94.68,-2.163],[0.02,0.513]],"v":[[121.728,37.11],[113.958,60.527],[1.968,88.156],[-111.972,60.947],[-119.902,36.059],[-119.862,34.421],[1.968,50.492],[121.688,35.472]],"c":true}]},{"i":{"x":0.833,"y":0.833},"o":{"x":0.333,"y":0},"t":11,"s":[{"i":[[0.053,-0.667],[4.119,-8.992],[62.648,0],[3.99,7.994],[0.838,12.099],[-0.02,0.584],[-65.287,-2.461],[-1.067,-20.289]],"o":[[-0.928,11.598],[-4.632,8.141],[-63.237,0],[-4.329,-9.511],[-0.05,-0.667],[1.067,-20.289],[65.294,-2.461],[0.02,0.584]],"v":[[121.394,45.36],[115.579,69.267],[3.976,69.825],[-109.769,69.646],[-119.494,45.444],[-119.454,43.58],[1.787,18.348],[121.354,43.496]],"c":true}]},{"i":{"x":0.833,"y":0.833},"o":{"x":0.167,"y":0.167},"t":19,"s":[{"i":[[0.057,-0.558],[3.846,-8.007],[64.605,0],[3.173,7.771],[0.844,9.799],[-0.019,0.474],[-81.403,-2.267],[-1.146,-16.946]],"o":[[-0.996,9.687],[-4.147,7.343],[-67.891,0],[-3.988,-7.324],[-0.113,-0.341],[0.879,-16.467],[77.26,-2.267],[0.021,0.488]],"v":[[129.999,91.748],[122.922,104.569],[3.127,89.794],[-118.883,104.844],[-128.163,92.756],[-128.163,91.623],[2.018,37.864],[129.956,90.192]],"c":true}]},{"i":{"x":0.667,"y":1},"o":{"x":0.167,"y":0.167},"t":21,"s":[{"i":[[0.059,-0.574],[3.752,-7.671],[65.271,0],[2.895,7.696],[0.847,9.954],[-0.019,0.482],[-86.887,-2.201],[-1.172,-17.429]],"o":[[-1.019,9.962],[-3.981,7.071],[-69.474,0],[-3.872,-6.581],[-0.134,-0.263],[0.815,-16.741],[81.331,-2.201],[0.022,0.502]],"v":[[132.926,101.533],[125.42,116.581],[2.838,96.588],[-121.984,116.822],[-131.113,102.952],[-131.126,101.958],[2.097,44.505],[132.883,99.932]],"c":true}]},{"i":{"x":0.833,"y":0.833},"o":{"x":0.333,"y":0},"t":35,"s":[{"i":[[0.062,-0.406],[3.496,-5.384],[67.102,0],[2.13,5.973],[0.853,6.746],[-0.018,0.327],[-101.973,-2.02],[-1.246,-12.311]],"o":[[-1.083,7.037],[-3.527,5.046],[-73.831,0],[-3.553,-3.618],[-0.193,0.016],[0.638,-11.379],[92.531,-2.02],[0.023,0.354]],"v":[[140.981,133.986],[132.293,141.055],[-0.079,99.674],[-130.515,141.17],[-139.229,135.862],[-139.278,135.553],[2.314,62.774],[140.934,132.855]],"c":true}]},{"i":{"x":0.833,"y":0.867},"o":{"x":0.167,"y":0.167},"t":51,"s":[{"i":[[0.059,-0.574],[3.752,-7.671],[65.271,0],[2.895,7.696],[0.847,9.954],[-0.019,0.482],[-86.887,-2.201],[-1.172,-17.429]],"o":[[-1.019,9.962],[-3.981,7.071],[-69.474,0],[-3.872,-6.581],[-0.134,-0.263],[0.815,-16.741],[81.331,-2.201],[0.022,0.502]],"v":[[132.926,101.533],[125.42,116.581],[2.838,96.588],[-121.984,116.822],[-131.113,102.952],[-131.126,101.958],[2.097,44.505],[132.883,99.932]],"c":true}]},{"i":{"x":0.667,"y":1},"o":{"x":0.167,"y":0.133},"t":53.857,"s":[{"i":[[0.057,-0.558],[3.846,-8.007],[64.605,0],[3.173,7.771],[0.844,9.799],[-0.019,0.474],[-81.403,-2.267],[-1.146,-16.946]],"o":[[-0.996,9.687],[-4.147,7.343],[-67.891,0],[-3.988,-7.324],[-0.113,-0.341],[0.879,-16.467],[77.26,-2.267],[0.021,0.488]],"v":[[129.999,91.748],[122.922,104.569],[3.127,89.794],[-118.883,104.844],[-128.163,92.756],[-128.163,91.623],[2.018,37.864],[129.956,90.192]],"c":true}]},{"i":{"x":0.833,"y":0.867},"o":{"x":0.333,"y":0},"t":63.914,"s":[{"i":[[0.057,-0.667],[4.39,-8.992],[66.763,0],[4.252,7.994],[0.893,12.099],[-0.021,0.584],[-69.576,-2.461],[-1.137,-20.289]],"o":[[-0.989,11.598],[-4.937,8.141],[-67.39,0],[-4.613,-9.511],[-0.053,-0.667],[1.137,-20.289],[69.583,-2.461],[0.021,0.584]],"v":[[129.311,45.36],[123.114,69.267],[4.181,69.825],[-117.036,69.646],[-127.4,45.444],[-127.358,43.58],[1.847,18.348],[129.268,43.496]],"c":true}]},{"i":{"x":0.52,"y":1},"o":{"x":0.167,"y":0.133},"t":68.943,"s":[{"i":[[0.051,-0.483],[3.604,-7.203],[58.677,0],[3.142,6.187],[0.772,8.872],[-0.018,0.428],[-71.654,-1.761],[-1.028,-14.697]],"o":[[-0.894,8.401],[-3.94,6.49],[-60.921,0],[-3.578,-7.448],[-0.086,-0.56],[0.859,-14.867],[69.038,-1.761],[0.019,0.423]],"v":[[116.981,43.128],[110.575,61.503],[3.092,72.681],[-106.439,61.827],[-115.131,42.62],[-114.976,41.671],[1.83,37.279],[116.942,41.778]],"c":true}]},{"i":{"x":0.833,"y":0.833},"o":{"x":0.333,"y":0},"t":79,"s":[{"i":[[0.045,-0.26],[2.651,-5.034],[48.872,0],[1.796,3.995],[0.626,4.961],[-0.015,0.238],[-74.173,-0.913],[-0.896,-7.916]],"o":[[-0.779,4.525],[-2.732,4.488],[-53.076,0],[-2.323,-4.948],[-0.125,-0.431],[0.522,-8.292],[68.376,-0.913],[0.017,0.228]],"v":[[102.029,40.423],[95.37,52.088],[1.771,76.144],[-93.589,52.346],[-100.253,39.195],[-99.962,39.356],[1.808,60.234],[101.996,39.696]],"c":true}]},{"i":{"x":0.21,"y":1},"o":{"x":0.167,"y":0.167},"t":103,"s":[{"i":[[0.058,-0.606],[4.322,-8.401],[67.016,0],[4.071,7.397],[0.892,11.033],[-0.021,0.533],[-73.309,-2.23],[-1.151,-18.442]],"o":[[-1,10.542],[-4.824,7.596],[-68.204,0],[-4.473,-8.829],[-0.066,-0.632],[1.095,-18.498],[72.45,-2.23],[0.022,0.531]],"v":[[130.862,44.622],[124.325,66.702],[3.966,70.769],[-118.699,67.063],[-128.964,44.511],[-128.882,42.949],[1.884,24.602],[130.819,42.929]],"c":true}]},{"i":{"x":0.667,"y":1},"o":{"x":0.66,"y":0},"t":127,"s":[{"i":[[0.06,-0.667],[4.616,-8.992],[70.2,0],[4.471,7.994],[0.939,12.099],[-0.022,0.584],[-73.158,-2.461],[-1.196,-20.289]],"o":[[-1.039,11.598],[-5.191,8.141],[-70.86,0],[-4.851,-9.511],[-0.056,-0.667],[1.196,-20.289],[73.165,-2.461],[0.022,0.584]],"v":[[135.923,45.36],[129.407,69.267],[4.351,69.825],[-123.106,69.646],[-134.004,45.444],[-133.959,43.58],[1.898,18.348],[135.878,43.496]],"c":true}]},{"t":180,"s":[{"i":[[0.05,-0.587],[4.13,-9.973],[62.81,0],[4,8.866],[0.84,10.633],[-0.02,0.513],[-94.67,-2.163],[-1.07,-17.831]],"o":[[-0.93,10.193],[-4.644,9.029],[-63.4,0],[-4.34,-10.547],[-0.05,-0.587],[1.07,-17.831],[94.68,-2.163],[0.02,0.513]],"v":[[121.728,37.11],[113.958,60.527],[1.968,88.156],[-111.972,60.947],[-119.902,36.059],[-119.862,34.421],[1.968,50.492],[121.688,35.472]],"c":true}]}]},"hd":false},{"ty":"fl","c":{"a":0,"k":[0.419607847929,0.1254902035,0,1]},"o":{"a":0,"k":100},"r":1,"bm":0,"hd":false},{"ty":"tr","p":{"a":0,"k":[0,0]},"a":{"a":0,"k":[0,0]},"s":{"a":0,"k":[100,100]},"r":{"a":0,"k":0},"o":{"a":0,"k":100},"sk":{"a":0,"k":0},"sa":{"a":0,"k":0}}],"bm":0,"hd":false},{"ty":"gr","it":[{"ind":0,"ty":"sh","ks":{"a":1,"k":[{"i":{"x":0.667,"y":1},"o":{"x":0.333,"y":0},"t":0,"s":[{"i":[[1.74,-0.48],[4.77,-1.05],[0,0],[0,0],[56.453,0],[0,0],[0,0],[5.07,1.5],[-40.23,-0.34],[-0.01,0],[-0.34,0],[-23.21,28.84]],"o":[[-3.9,1.06],[0,0],[0,0],[0,0],[-56.347,0],[0,0],[-6.9,-1.52],[22.39,28.14],[0.01,0],[0.34,0.01],[37.06,0],[-1.57,0.46]],"v":[[96.998,80.307],[83.988,83.497],[83.988,83.547],[83.998,83.917],[0.918,127.284],[-82.162,83.917],[-82.162,83.907],[-100.132,79.307],[0.918,127.957],[0.938,127.957],[1.968,127.967],[101.958,78.897]],"c":true}]},{"i":{"x":0.833,"y":0.833},"o":{"x":0.333,"y":0},"t":11,"s":[{"i":[[0.834,0.135],[4.856,0.697],[0,0],[0,0],[88.417,0],[0,0],[0,0],[2.982,-0.653],[-63.008,-0.607],[-0.016,0],[-0.533,0],[-14.383,28.229]],"o":[[-1.868,-0.301],[0,0],[0,0],[0,0],[-88.251,0],[0,0],[-7.041,0.761],[17.637,25.198],[0.016,0],[0.533,0.018],[58.043,0],[-0.757,-0.077]],"v":[[104.841,86.116],[88.728,84.649],[88.713,84.716],[88.606,85.214],[0.855,136.508],[-80.655,85.019],[-80.658,85.005],[-103.109,88.081],[0.855,137.71],[0.886,137.71],[2.5,137.728],[107.225,86.417]],"c":true}]},{"i":{"x":0.833,"y":0.833},"o":{"x":0.167,"y":0.167},"t":19,"s":[{"i":[[1.161,0.337],[5.182,1.087],[0,0],[0,0],[85.46,0],[0,0],[0,0],[3.811,-1.26],[-60.901,-0.558],[-0.015,0],[-0.515,0],[-15.887,20.4]],"o":[[-2.6,-0.754],[0,0],[0,0],[0,0],[-85.3,0],[0,0],[-7.5,1.864],[16.34,20.173],[0.015,0],[0.515,0.016],[56.102,0],[-1.051,-0.281]],"v":[[109.475,117.965],[93.807,112.359],[93.795,112.393],[93.715,112.643],[0.864,150.707],[-87.431,111.055],[-87.433,111.048],[-109.53,119.992],[0.864,151.813],[0.894,151.813],[2.453,151.829],[112.697,119.087]],"c":true}]},{"i":{"x":0.667,"y":1},"o":{"x":0.167,"y":0.167},"t":21,"s":[{"i":[[1.273,0.405],[5.293,1.219],[0,0],[0,0],[84.454,0],[0,0],[0,0],[4.094,-1.466],[-60.184,-0.542],[-0.015,0],[-0.509,0],[-16.399,17.736]],"o":[[-2.85,-0.908],[0,0],[0,0],[0,0],[-84.296,0],[0,0],[-7.28,3.205],[15.899,18.463],[0.015,0],[0.509,0.016],[55.442,0],[-1.151,-0.351]],"v":[[111.051,128.802],[96.089,121.944],[94.858,124.23],[94.787,124.398],[0.867,155.539],[-90.162,120.591],[-90.164,120.586],[-111.715,130.851],[0.867,156.611],[0.897,156.611],[2.438,156.627],[114.559,130.204]],"c":true}]},{"i":{"x":0.833,"y":0.833},"o":{"x":0.333,"y":0},"t":35,"s":[{"i":[[1.579,0.474],[5.599,1.264],[0,0],[0,0],[81.686,0],[0,0],[0,0],[4.87,-1.623],[-58.212,-0.496],[-0.014,0],[-0.492,0],[-17.807,8.303]],"o":[[-3.536,-1.062],[0,0],[0,0],[0,0],[-81.533,0],[0,0],[-5.152,3.502],[14.685,10.978],[0.014,0],[0.492,0.015],[53.625,0],[-1.426,-0.432]],"v":[[115.389,148.227],[103.287,139.811],[99.15,142.813],[99.104,142.762],[0.875,168.831],[-95.262,142.472],[-101.34,139.099],[-117.725,149.909],[0.875,169.812],[0.904,169.812],[2.394,169.827],[119.681,149.959]],"c":true}]},{"i":{"x":0.833,"y":0.867},"o":{"x":0.167,"y":0.167},"t":51,"s":[{"i":[[1.273,0.405],[4.695,2.158],[0,0],[0,0],[84.454,0],[0,0],[0,0],[4.094,-1.466],[-60.184,-0.542],[-0.015,0],[-0.509,0],[-16.399,17.736]],"o":[[-2.85,-0.908],[0,0],[0,0],[0,0],[-84.296,0],[0,0],[-6.984,3.318],[15.899,18.463],[0.015,0],[0.509,0.016],[55.442,0],[-1.151,-0.351]],"v":[[111.051,128.802],[95.971,121.854],[94.858,124.23],[94.787,124.398],[0.867,155.539],[-90.977,120.793],[-90.979,120.788],[-111.715,130.851],[0.867,156.611],[0.897,156.611],[2.438,156.627],[114.559,130.204]],"c":true}]},{"i":{"x":0.667,"y":1},"o":{"x":0.167,"y":0.133},"t":54,"s":[{"i":[[1.158,0.334],[4.545,1.783],[0,0],[0,0],[85.568,0],[0,0],[0,0],[3.804,-1.252],[-60.978,-0.559],[-0.015,0],[-0.515,0],[-15.88,20.496]],"o":[[-2.593,-0.748],[0,0],[0,0],[0,0],[-85.407,0],[0,0],[-6.766,2.636],[16.37,20.235],[0.015,0],[0.515,0.016],[56.173,0],[-1.048,-0.279]],"v":[[109.501,117.574],[94.028,111.816],[94.016,111.85],[93.936,112.104],[0.864,150.533],[-87.983,110.982],[-87.985,110.975],[-109.535,119.6],[0.864,151.639],[0.894,151.639],[2.455,151.656],[112.716,118.686]],"c":true}]},{"i":{"x":0.833,"y":0.867},"o":{"x":0.333,"y":0},"t":63.914,"s":[{"i":[[0.889,0.135],[5.175,0.697],[0,0],[0,0],[94.224,0],[0,0],[0,0],[3.177,-0.653],[-67.147,-0.607],[-0.017,0],[-0.568,0],[-15.327,28.229]],"o":[[-1.991,-0.301],[0,0],[0,0],[0,0],[-94.048,0],[0,0],[-7.503,0.761],[18.796,25.198],[0.017,0],[0.568,0.018],[61.856,0],[-0.807,-0.077]],"v":[[111.67,86.116],[94.5,84.649],[94.483,84.716],[94.369,85.214],[0.854,136.508],[-86.01,85.019],[-86.013,85.005],[-109.938,88.081],[0.854,137.71],[0.888,137.71],[2.607,137.728],[114.211,86.417]],"c":true}]},{"i":{"x":0.52,"y":1},"o":{"x":0.167,"y":0.133},"t":68.943,"s":[{"i":[[1.146,-0.09],[4.641,0.019],[0,0],[0,0],[72.999,0],[0,0],[0,0],[3.66,0.161],[-52.021,-0.398],[-0.013,0],[-0.44,0],[-15.835,22.192]],"o":[[-2.567,0.202],[0,0],[0,0],[0,0],[-72.862,0],[0,0],[-6.717,-0.276],[16.263,19.614],[0.013,0],[0.44,0.012],[47.922,0],[-1.036,0.117]],"v":[[97.782,76.263],[83.56,76.783],[83.551,76.837],[83.493,77.237],[0.871,116.732],[-78.017,77.091],[-78.019,77.08],[-97.738,76.828],[0.871,117.52],[0.897,117.52],[2.229,117.531],[100.993,75.872]],"c":true}]},{"i":{"x":0.833,"y":0.833},"o":{"x":0.333,"y":0},"t":79,"s":[{"i":[[1.458,-0.363],[3.993,-0.804],[0,0],[0,0],[47.26,0],[0,0],[0,0],[4.244,1.149],[-33.679,-0.144],[-0.008,0],[-0.285,0],[-16.45,14.87]],"o":[[-3.265,0.812],[0,0],[0,0],[0,0],[-47.171,0],[0,0],[-5.764,-1.534],[13.193,12.843],[0.008,0],[0.285,0.004],[31.025,0],[-1.314,0.352]],"v":[[80.941,64.315],[70.296,67.244],[70.296,67.282],[70.304,67.565],[0.892,92.751],[-68.325,67.478],[-68.325,67.47],[-82.945,63.183],[0.892,93.036],[0.909,93.036],[1.771,93.04],[84.965,63.085]],"c":true}]},{"i":{"x":0.21,"y":1},"o":{"x":0.167,"y":0.167},"t":103,"s":[{"i":[[1.013,0.06],[5.225,0.473],[0,0],[0,0],[91.338,0],[0,0],[0,0],[3.476,-0.384],[-65.09,-0.538],[-0.016,0],[-0.55,0],[-16.166,26.234]],"o":[[-2.268,-0.135],[0,0],[0,0],[0,0],[-91.167,0],[0,0],[-7.572,0.418],[18.782,23.353],[0.016,0],[0.55,0.016],[59.961,0],[-0.918,-0.013]],"v":[[111.934,82.861],[94.986,82.05],[94.971,82.113],[94.871,82.578],[0.859,129.974],[-87.174,82.4],[-87.177,82.387],[-110.76,84.363],[0.859,131.039],[0.892,131.039],[2.558,131.055],[114.808,82.933]],"c":true}]},{"i":{"x":0.667,"y":1},"o":{"x":0.66,"y":0},"t":127,"s":[{"i":[[0.935,0.135],[5.442,0.697],[0,0],[0,0],[99.075,0],[0,0],[0,0],[3.341,-0.653],[-70.604,-0.607],[-0.017,0],[-0.597,0],[-16.116,28.229]],"o":[[-2.093,-0.301],[0,0],[0,0],[0,0],[-98.89,0],[0,0],[-7.89,0.761],[19.763,25.198],[0.018,0],[0.597,0.018],[65.04,0],[-0.848,-0.077]],"v":[[117.374,86.116],[99.32,84.649],[99.302,84.716],[99.183,85.214],[0.853,136.508],[-90.483,85.019],[-90.486,85.005],[-115.643,88.081],[0.853,137.71],[0.888,137.71],[2.696,137.728],[120.046,86.417]],"c":true}]},{"t":180,"s":[{"i":[[1.74,-0.48],[4.77,-1.05],[0,0],[0,0],[56.453,0],[0,0],[0,0],[5.07,1.5],[-40.23,-0.34],[-0.01,0],[-0.34,0],[-23.21,28.84]],"o":[[-3.9,1.06],[0,0],[0,0],[0,0],[-56.347,0],[0,0],[-6.9,-1.52],[22.39,28.14],[0.01,0],[0.34,0.01],[37.06,0],[-1.57,0.46]],"v":[[96.998,80.307],[83.988,83.497],[83.988,83.547],[83.998,83.917],[0.918,127.284],[-82.162,83.917],[-82.162,83.907],[-100.132,79.307],[0.918,127.957],[0.938,127.957],[1.968,127.967],[101.958,78.897]],"c":true}]}]},"hd":false},{"ty":"fl","c":{"a":0,"k":[0.780392169952,0.819607853889,0.819607853889,1]},"o":{"a":0,"k":100},"r":1,"bm":0,"hd":false},{"ty":"tr","p":{"a":0,"k":[0,0]},"a":{"a":0,"k":[0,0]},"s":{"a":0,"k":[100,100]},"r":{"a":0,"k":0},"o":{"a":0,"k":100},"sk":{"a":0,"k":0},"sa":{"a":0,"k":0}}],"bm":0,"hd":false},{"ty":"gr","it":[{"ind":0,"ty":"sh","ks":{"a":1,"k":[{"i":{"x":0.667,"y":1},"o":{"x":0.333,"y":0},"t":0,"s":[{"i":[[-47.23,0],[-20.01,5.92],[37.06,0],[22.59,28.39]],"o":[[46.54,0],[-23.21,28.84],[-40.61,0],[19.83,5.86]],"v":[[0.828,92.317],[101.958,78.897],[1.968,127.967],[-100.132,79.307]],"c":true}]},{"i":{"x":0.833,"y":0.833},"o":{"x":0.333,"y":0},"t":11,"s":[{"i":[[-47.205,0],[-9.653,-0.905],[58.043,0],[17.795,25.421]],"o":[[46.516,0],[-14.383,28.229],[-63.604,0],[11.66,-2.563]],"v":[[1.388,79.679],[107.225,86.417],[2.5,137.728],[-103.109,88.081]],"c":true}]},{"i":{"x":0.833,"y":0.833},"o":{"x":0.167,"y":0.167},"t":19,"s":[{"i":[[-61.261,0],[-13.397,-3.546],[56.102,0],[16.242,19.427]],"o":[[60.732,0],[-15.96,20.4],[-61.477,0],[14.906,-4.932]],"v":[[1.162,94.714],[112.697,119.087],[2.453,151.829],[-109.53,119.992]],"c":true}]},{"i":{"x":0.667,"y":1},"o":{"x":0.167,"y":0.167},"t":21,"s":[{"i":[[-66.044,0],[-14.671,-4.444],[55.442,0],[15.714,17.387]],"o":[[65.57,0],[-16.497,17.736],[-60.753,0],[16.01,-5.738]],"v":[[1.085,99.83],[114.559,130.204],[2.438,156.627],[-111.715,130.851]],"c":true}]},{"i":{"x":0.833,"y":0.833},"o":{"x":0.333,"y":0},"t":35,"s":[{"i":[[-79.202,0],[-18.175,-5.518],[53.625,0],[14.261,9.395]],"o":[[78.878,0],[-17.974,8.303],[-58.762,0],[19.049,-6.347]],"v":[[-1.249,98.299],[119.681,149.959],[2.394,169.827],[-117.725,149.909]],"c":true}]},{"i":{"x":0.833,"y":0.867},"o":{"x":0.167,"y":0.167},"t":51,"s":[{"i":[[-66.044,0],[-14.671,-4.444],[55.442,0],[15.714,17.387]],"o":[[65.57,0],[-16.497,17.736],[-60.753,0],[16.01,-5.738]],"v":[[1.085,99.83],[114.559,130.204],[2.438,156.627],[-111.715,130.851]],"c":true}]},{"i":{"x":0.667,"y":1},"o":{"x":0.167,"y":0.133},"t":53.857,"s":[{"i":[[-61.261,0],[-13.397,-3.546],[56.102,0],[16.242,19.427]],"o":[[60.732,0],[-15.96,20.4],[-61.477,0],[14.906,-4.932]],"v":[[1.162,94.714],[112.697,119.087],[2.453,151.829],[-109.53,119.992]],"c":true}]},{"i":{"x":0.833,"y":0.867},"o":{"x":0.333,"y":0},"t":63.914,"s":[{"i":[[-50.306,0],[-10.288,-0.905],[61.856,0],[18.963,25.421]],"o":[[49.571,0],[-15.327,28.229],[-67.781,0],[12.426,-2.563]],"v":[[1.422,79.679],[114.211,86.417],[2.607,137.728],[-109.938,88.081]],"c":true}]},{"i":{"x":0.52,"y":1},"o":{"x":0.167,"y":0.133},"t":68.943,"s":[{"i":[[-45.44,0],[-13.209,1.553],[47.922,0],[16.254,20.095]],"o":[[44.776,0],[-15.881,22.192],[-52.512,0],[14.313,0.624]],"v":[[1.148,78.88],[100.993,75.872],[2.229,117.531],[-97.738,76.828]],"c":true}]},{"i":{"x":0.833,"y":0.833},"o":{"x":0.333,"y":0},"t":79,"s":[{"i":[[-39.539,0],[-16.752,4.535],[31.025,0],[12.97,13.636]],"o":[[38.961,0],[-16.553,14.87],[-33.997,0],[16.601,4.489]],"v":[[0.817,77.91],[84.965,63.085],[1.771,93.04],[-82.945,63.183]],"c":true}]},{"i":{"x":0.21,"y":1},"o":{"x":0.167,"y":0.167},"t":103,"s":[{"i":[[-50.901,0],[-11.703,-0.093],[59.961,0],[18.899,23.662]],"o":[[50.158,0],[-16.181,26.234],[-65.705,0],[13.594,-1.51]],"v":[[1.356,79.415],[114.808,82.933],[2.558,131.055],[-110.76,84.363]],"c":true}]},{"i":{"x":0.667,"y":1},"o":{"x":0.66,"y":0},"t":127,"s":[{"i":[[-52.896,0],[-10.817,-0.905],[65.04,0],[19.94,25.421]],"o":[[52.123,0],[-16.116,28.229],[-71.271,0],[13.066,-2.563]],"v":[[1.45,79.679],[120.046,86.417],[2.696,137.728],[-115.643,88.081]],"c":true}]},{"t":180,"s":[{"i":[[-47.23,0],[-20.01,5.92],[37.06,0],[22.59,28.39]],"o":[[46.54,0],[-23.21,28.84],[-40.61,0],[19.83,5.86]],"v":[[0.828,92.317],[101.958,78.897],[1.968,127.967],[-100.132,79.307]],"c":true}]}]},"hd":false},{"ty":"fl","c":{"a":0,"k":[0.960784316063,0.960784316063,0.960784316063,1]},"o":{"a":0,"k":100},"r":1,"bm":0,"hd":false},{"ty":"tr","p":{"a":0,"k":[0,0]},"a":{"a":0,"k":[0,0]},"s":{"a":0,"k":[100,100]},"r":{"a":0,"k":0},"o":{"a":0,"k":100},"sk":{"a":0,"k":0},"sa":{"a":0,"k":0}}],"bm":0,"hd":false},{"ty":"gr","it":[{"ind":0,"ty":"sh","ks":{"a":1,"k":[{"i":{"x":0.667,"y":1},"o":{"x":0.333,"y":0},"t":0,"s":[{"i":[[17.47,-19.87],[0,20.7],[0.03,0.55],[96.69,-2.33],[1.09,-19.25],[0,-0.63],[-10.14,-17.08],[0,26.51],[-0.03,0.55],[-106.32,-2.33],[-1.2,-19.25],[0,-0.63]],"o":[[10.12,-17.07],[0,-0.63],[-1.09,-19.25],[-96.68,-2.33],[-0.03,0.55],[0,20.71],[-17.49,-19.87],[0,-0.63],[1.2,-19.25],[106.32,-2.33],[0.03,0.55],[0,26.5]],"v":[[105.588,94.607],[121.538,37.197],[121.498,35.437],[0.808,48.387],[-119.872,35.437],[-119.922,37.197],[-103.942,94.637],[-131.952,23.477],[-131.902,21.717],[0.808,34.667],[133.518,21.717],[133.568,23.477]],"c":true}]},{"i":{"x":0.833,"y":0.833},"o":{"x":0.333,"y":0},"t":11,"s":[{"i":[[15.996,-23.021],[0,23.554],[0.031,0.626],[66.68,-2.651],[1.087,-21.904],[0,-0.717],[-10.114,-19.435],[0,30.165],[-0.034,0.625],[-73.183,2.513],[-1.197,-21.904],[0,-0.717]],"o":[[10.094,-19.424],[0,-0.717],[-1.087,-21.904],[-66.674,-2.651],[-0.03,0.626],[0,23.565],[-14.77,-21.491],[0,-0.717],[1.197,-21.904],[73.192,1.375],[0.03,0.626],[0,30.154]],"v":[[110.056,107.939],[121.205,45.459],[121.165,43.456],[0.987,15.952],[-119.464,44.736],[-119.514,46.739],[-109.408,106.978],[-131.513,41.652],[-131.463,39.65],[1.12,0.982],[133.194,39.437],[133.243,41.439]],"c":true}]},{"i":{"x":0.833,"y":0.833},"o":{"x":0.167,"y":0.167},"t":19,"s":[{"i":[[13.275,-9.686],[-0.085,20.212],[0.033,0.523],[80.799,-2.442],[0.895,-17.778],[0.139,-0.798],[-8.004,-16.156],[0,23.373],[-0.037,0.485],[-89.219,2.314],[-1.285,-17.084],[0.01,-0.559]],"o":[[7.965,-16.401],[0.037,-0.599],[-1.167,-18.295],[-82.35,-2.442],[-0.025,0.508],[-0.317,20.675],[-11.448,-12.623],[0,-0.555],[1.285,-16.972],[90.558,1.266],[0.032,0.488],[-0.379,21.689]],"v":[[121.394,136.138],[129.795,91.831],[129.752,90.158],[0.976,35.658],[-128.171,92.561],[-128.185,93.372],[-120.257,136.863],[-139.91,92.323],[-139.856,90.771],[1.057,20.526],[142.918,89.319],[142.972,90.881]],"c":true}]},{"i":{"x":0.667,"y":1},"o":{"x":0.167,"y":0.167},"t":21,"s":[{"i":[[15.615,-10.033],[-0.113,21.007],[0.034,0.538],[85.604,-2.371],[0.83,-18.073],[0.186,-0.902],[-7.287,-15.04],[0,23.297],[-0.038,0.484],[-94.676,2.247],[-1.315,-17.077],[0,-0.559]],"o":[[7.24,-15.373],[0.049,-0.616],[-1.194,-18.815],[-87.685,-2.371],[-0.023,0.516],[-0.425,21.669],[-10.318,-9.606],[0,-0.554],[1.315,-16.917],[96.467,1.229],[0.033,0.488],[0,23.509]],"v":[[121.667,147.019],[132.718,101.618],[132.674,99.898],[0.973,42.363],[-131.134,102.911],[-131.135,103.395],[-122.648,145.806],[-142.767,103.619],[-142.712,102.073],[1.035,27.176],[146.227,100.06],[146.282,101.621]],"c":true}]},{"i":{"x":0.833,"y":0.833},"o":{"x":0.333,"y":0},"t":35,"s":[{"i":[[12.226,-7.555],[-0.192,15.34],[0.036,0.38],[98.82,-2.175],[0.65,-12.285],[0.317,-0.823],[-5.312,-9.551],[0,14.76],[-0.04,0.307],[-109.686,2.061],[-1.397,-10.935],[0,-0.358]],"o":[[5.247,-10.008],[0.083,-0.436],[-1.269,-13.291],[-102.359,-2.175],[-0.018,0.351],[-0.721,16.231],[-4.494,-4.413],[0,-0.351],[1.397,-10.718],[112.723,1.128],[0.035,0.312],[0,15.054]],"v":[[133.065,164.567],[140.759,134.046],[140.713,132.831],[0.963,60.809],[-139.284,136.202],[-139.252,135.741],[-137.283,162.966],[-150.627,138.879],[-150.568,137.899],[1.394,49.334],[155.33,135.29],[155.389,136.29]],"c":true}]},{"i":{"x":0.833,"y":0.867},"o":{"x":0.167,"y":0.167},"t":51,"s":[{"i":[[15.615,-10.033],[-0.113,21.007],[0.034,0.538],[85.604,-2.371],[0.83,-18.073],[0.186,-0.902],[-7.287,-15.04],[0,23.297],[-0.038,0.484],[-94.676,2.247],[-1.315,-17.077],[0,-0.559]],"o":[[7.24,-15.373],[0.049,-0.616],[-1.194,-18.815],[-87.685,-2.371],[-0.023,0.516],[-0.425,21.669],[-10.318,-9.606],[0,-0.554],[1.315,-16.917],[96.467,1.229],[0.033,0.488],[0,23.509]],"v":[[120.708,147.739],[132.718,101.618],[132.674,99.898],[0.973,42.363],[-131.134,102.911],[-131.135,103.395],[-122.648,145.806],[-142.767,103.619],[-142.712,102.073],[1.035,27.176],[146.227,100.06],[146.282,101.621]],"c":true}]},{"i":{"x":0.667,"y":1},"o":{"x":0.167,"y":0.133},"t":54,"s":[{"i":[[15.22,-13.118],[-0.083,20.253],[0.033,0.524],[80.68,-2.445],[0.898,-17.828],[0.137,-0.797],[-8.039,-16.196],[0,23.457],[-0.037,0.487],[-89.081,2.317],[-1.285,-17.143],[0,-0.561]],"o":[[7.999,-16.438],[0.036,-0.601],[-1.167,-18.339],[-82.212,-2.445],[-0.025,0.509],[-0.313,20.711],[-11.501,-12.732],[0,-0.557],[1.285,-17.033],[90.404,1.268],[0.032,0.49],[0,23.6]],"v":[[118.651,138.059],[129.787,91.262],[129.744,89.585],[0.977,35.416],[-128.161,91.974],[-128.175,92.8],[-120.345,136.138],[-139.913,91.701],[-139.86,90.144],[1.058,20.286],[142.906,88.706],[142.959,90.274]],"c":true}]},{"i":{"x":0.833,"y":0.867},"o":{"x":0.333,"y":0},"t":63.914,"s":[{"i":[[17.047,-23.021],[0,23.554],[0.033,0.626],[71.06,-2.651],[1.159,-21.904],[0,-0.717],[-10.778,-19.435],[0,30.165],[-0.036,0.625],[-77.99,2.513],[-1.276,-21.904],[0,-0.717]],"o":[[10.757,-19.424],[0,-0.717],[-1.159,-21.904],[-71.053,-2.651],[-0.032,0.626],[0,23.565],[-15.74,-21.491],[0,-0.717],[1.276,-21.904],[77.999,1.375],[0.032,0.626],[0,30.154]],"v":[[117.228,107.939],[129.109,45.459],[129.066,43.456],[0.995,15.952],[-127.368,44.736],[-127.421,46.739],[-116.651,106.978],[-140.209,41.652],[-140.156,39.65],[1.137,0.982],[141.885,39.437],[141.939,41.439]],"c":true}]},{"i":{"x":0.52,"y":1},"o":{"x":0.167,"y":0.133},"t":68.943,"s":[{"i":[[15.169,-17.87],[-0.053,16.87],[0.03,0.453],[71.704,-1.897],[0.876,-16.05],[0.088,-0.448],[-7.94,-14.095],[0,21.891],[-0.033,0.454],[-79.076,0.933],[-1.153,-15.775],[0,-0.516]],"o":[[7.91,-13.917],[0.023,-0.519],[-1.047,-15.867],[-72.681,-1.897],[-0.024,0.459],[-0.2,16.717],[-12.556,-15.687],[0,-0.52],[1.153,-15.896],[79.922,0.309],[0.029,0.451],[0,21.716]],"v":[[104.837,89.581],[116.798,43.2],[116.76,41.749],[0.924,35.564],[-114.984,42.518],[-115.15,43.723],[-105.668,86.673],[-126.71,36.161],[-126.662,34.707],[0.995,24.744],[128.333,34.931],[128.381,36.373]],"c":true}]},{"i":{"x":0.833,"y":0.833},"o":{"x":0.333,"y":0},"t":79,"s":[{"i":[[12.892,-11.624],[-0.118,8.765],[0.026,0.244],[72.483,-0.983],[0.532,-8.952],[0.194,-0.123],[-4.499,-7.619],[0,11.857],[-0.029,0.245],[-80.393,-0.983],[-1.005,-8.343],[0,-0.273]],"o":[[4.457,-7.239],[0.051,-0.279],[-0.912,-8.546],[-74.656,-0.983],[-0.015,0.256],[-0.443,8.412],[-8.694,-8.649],[0,-0.282],[1.005,-8.61],[82.254,-0.983],[0.025,0.238],[0,11.485]],"v":[[89.811,67.321],[101.87,40.461],[101.837,39.68],[0.837,59.346],[-99.967,39.829],[-100.27,40.067],[-92.349,62.052],[-110.341,29.501],[-110.299,28.714],[0.822,53.557],[111.899,29.468],[111.941,30.23]],"c":true}]},{"i":{"x":0.21,"y":1},"o":{"x":0.167,"y":0.167},"t":103,"s":[{"i":[[17.173,-21.319],[-0.018,21.346],[0.034,0.569],[74.385,-2.402],[1.116,-19.97],[0.029,-0.628],[-10.313,-17.671],[0,27.431],[-0.037,0.569],[-81.764,1.991],[-1.291,-19.879],[0,-0.65]],"o":[[10.287,-17.604],[0.008,-0.652],[-1.173,-19.909],[-74.703,-2.402],[-0.031,0.571],[-0.066,21.303],[-15.377,-19.573],[0,-0.652],[1.291,-19.919],[82.05,1.023],[0.032,0.568],[0,27.366]],"v":[[118.23,101.874],[130.658,44.712],[130.615,42.892],[0.977,22.432],[-128.893,44.003],[-128.985,45.743],[-118.169,100.269],[-141.927,39.838],[-141.873,38.017],[1.102,8.833],[143.583,37.948],[143.637,39.765]],"c":true}]},{"i":{"x":0.667,"y":1},"o":{"x":0.66,"y":0},"t":127,"s":[{"i":[[17.924,-23.021],[0,23.554],[0.035,0.626],[74.719,-2.651],[1.218,-21.904],[0,-0.717],[-11.333,-19.435],[0,30.165],[-0.038,0.625],[-82.005,2.513],[-1.341,-21.904],[0,-0.717]],"o":[[11.311,-19.424],[0,-0.717],[-1.218,-21.904],[-74.711,-2.651],[-0.033,0.626],[0,23.565],[-16.55,-21.491],[0,-0.717],[1.341,-21.904],[82.015,1.375],[0.034,0.626],[0,30.154]],"v":[[123.218,107.939],[135.711,45.459],[135.666,43.456],[1.001,15.952],[-133.97,44.736],[-134.026,46.739],[-122.701,106.978],[-147.471,41.652],[-147.415,39.65],[1.151,0.982],[149.145,39.437],[149.201,41.439]],"c":true}]},{"t":180,"s":[{"i":[[17.47,-19.87],[0,20.7],[0.03,0.55],[96.69,-2.33],[1.09,-19.25],[0,-0.63],[-10.14,-17.08],[0,26.51],[-0.03,0.55],[-106.32,-2.33],[-1.2,-19.25],[0,-0.63]],"o":[[10.12,-17.07],[0,-0.63],[-1.09,-19.25],[-96.68,-2.33],[-0.03,0.55],[0,20.71],[-17.49,-19.87],[0,-0.63],[1.2,-19.25],[106.32,-2.33],[0.03,0.55],[0,26.5]],"v":[[105.588,94.607],[121.538,37.197],[121.498,35.437],[0.808,48.387],[-119.872,35.437],[-119.922,37.197],[-103.942,94.637],[-131.952,23.477],[-131.902,21.717],[0.808,34.667],[133.518,21.717],[133.568,23.477]],"c":true}]}]},"hd":false},{"ty":"fl","c":{"a":0,"k":[0.419607847929,0.1254902035,0,1]},"o":{"a":0,"k":100},"r":1,"bm":0,"hd":false},{"ty":"tr","p":{"a":0,"k":[0,0]},"a":{"a":0,"k":[0,0]},"s":{"a":0,"k":[100,100]},"r":{"a":0,"k":0},"o":{"a":0,"k":100},"sk":{"a":0,"k":0},"sa":{"a":0,"k":0}}],"bm":0,"hd":false},{"ty":"tr","p":{"a":0,"k":[0.808,71.626]},"a":{"a":0,"k":[0.808,71.626]},"s":{"a":0,"k":[100,100]},"r":{"a":0,"k":0},"o":{"a":0,"k":100},"sk":{"a":0,"k":0},"sa":{"a":0,"k":0}}],"bm":0,"hd":false},{"ty":"gr","it":[{"ind":0,"ty":"sh","ks":{"a":1,"k":[{"i":{"x":0.667,"y":1},"o":{"x":0.333,"y":0},"t":0,"s":[{"i":[[0,-0.63],[72.22,0],[0,63.63],[-0.03,0.55],[-106.32,-2.33],[-1.2,-19.25]],"o":[[0,63.63],[-72.22,0],[0,-0.63],[1.2,-19.25],[106.32,-2.33],[0.03,0.55]],"v":[[133.571,23.477],[0.811,140.697],[-131.949,23.477],[-131.899,21.717],[0.811,34.667],[133.521,21.717]],"c":true}]},{"i":{"x":0.833,"y":0.833},"o":{"x":0.333,"y":0},"t":11,"s":[{"i":[[0,-0.717],[72.034,0],[0,72.403],[-0.034,0.626],[-73.875,0.379],[-1.197,-21.904]],"o":[[0,72.403],[-72.034,0],[0,-0.717],[1.197,-21.904],[73.189,-0.19],[0.03,0.626]],"v":[[133.3,41.368],[0.62,149.147],[-131.506,41.937],[-131.456,39.934],[0.95,2.262],[133.25,39.365]],"c":true}]},{"i":{"x":0.833,"y":0.833},"o":{"x":0.167,"y":0.167},"t":19,"s":[{"i":[[0,-0.559],[78.576,0],[0,56.95],[-0.037,0.485],[-93.354,0.284],[-1.285,-17.084]],"o":[[0,56.471],[-77.335,0],[0,-0.555],[1.285,-16.972],[90.555,-0.175],[0.032,0.488]],"v":[[143.017,90.824],[0.617,163.347],[-139.903,92.55],[-139.85,90.998],[0.909,21.705],[142.964,89.263]],"c":true}]},{"i":{"x":0.667,"y":1},"o":{"x":0.167,"y":0.167},"t":21,"s":[{"i":[[0,-0.559],[80.802,0],[0,57.136],[-0.038,0.484],[-99.982,0.252],[-1.315,-17.077]],"o":[[0,56.447],[-79.139,0],[0,-0.554],[1.315,-16.917],[96.464,-0.17],[0.033,0.488]],"v":[[146.324,101.564],[0.616,168.179],[-142.761,103.848],[-142.706,102.302],[0.895,28.321],[146.269,100.003]],"c":true}]},{"i":{"x":0.833,"y":0.833},"o":{"x":0.333,"y":0},"t":35,"s":[{"i":[[0,-0.358],[86.925,0],[0,37.079],[-0.04,0.307],[-118.216,0.163],[-1.397,-10.935]],"o":[[0,36.146],[-84.102,0],[0,-0.351],[1.397,-10.718],[112.719,-0.156],[0.035,0.312]],"v":[[155.419,136.253],[0.613,181.471],[-150.621,139.031],[-150.563,138.051],[1.275,50.385],[155.361,135.253]],"c":true}]},{"i":{"x":0.833,"y":0.867},"o":{"x":0.167,"y":0.167},"t":51,"s":[{"i":[[0,-0.559],[80.802,0],[0,57.136],[-0.038,0.484],[-99.982,0.252],[-1.315,-17.077]],"o":[[0,56.447],[-79.139,0],[0,-0.554],[1.315,-16.917],[96.464,-0.17],[0.033,0.488]],"v":[[146.324,101.564],[0.616,168.179],[-142.761,103.848],[-142.706,102.302],[0.895,28.321],[146.269,100.003]],"c":true}]},{"i":{"x":0.667,"y":1},"o":{"x":0.167,"y":0.133},"t":53.857,"s":[{"i":[[0,-0.559],[78.576,0],[0,56.95],[-0.037,0.485],[-93.354,0.284],[-1.285,-17.084]],"o":[[0,56.471],[-77.335,0],[0,-0.555],[1.285,-16.972],[90.555,-0.175],[0.032,0.488]],"v":[[143.017,90.824],[0.617,163.347],[-139.903,92.55],[-139.85,90.998],[0.909,21.705],[142.964,89.263]],"c":true}]},{"i":{"x":0.833,"y":0.867},"o":{"x":0.333,"y":0},"t":63.914,"s":[{"i":[[0,-0.717],[76.766,0],[0,72.403],[-0.036,0.626],[-78.727,0.379],[-1.276,-21.904]],"o":[[0,72.403],[-76.766,0],[0,-0.717],[1.276,-21.904],[77.997,-0.19],[0.032,0.626]],"v":[[141.999,41.368],[0.604,149.147],[-140.201,41.937],[-140.148,39.934],[0.956,2.262],[141.946,39.365]],"c":true}]},{"i":{"x":0.52,"y":1},"o":{"x":0.167,"y":0.133},"t":68.943,"s":[{"i":[[0,-0.516],[70.18,0],[0,52.173],[-0.033,0.454],[-81.71,-0.237],[-1.153,-15.775]],"o":[[0,52.143],[-69.396,0],[0,-0.52],[1.153,-15.896],[79.92,-0.548],[0.029,0.451]],"v":[[128.416,36.334],[0.694,126.231],[-126.704,36.317],[-126.656,34.863],[0.897,25.445],[128.368,34.892]],"c":true}]},{"i":{"x":0.833,"y":0.833},"o":{"x":0.333,"y":0},"t":79,"s":[{"i":[[0,-0.273],[62.193,0],[0,27.642],[-0.029,0.245],[-85.326,-0.983],[-1.005,-8.343]],"o":[[0,27.576],[-60.46,0],[0,-0.282],[1.005,-8.61],[82.252,-0.983],[0.025,0.238]],"v":[[111.944,30.23],[0.803,98.443],[-110.338,29.501],[-110.296,28.714],[0.825,53.557],[111.902,29.468]],"c":true}]},{"i":{"x":0.21,"y":1},"o":{"x":0.167,"y":0.167},"t":103,"s":[{"i":[[0,-0.651],[77.952,0],[0,65.719],[-0.037,0.569],[-83.16,0.176],[-1.291,-19.879]],"o":[[0,65.709],[-77.693,0],[0,-0.652],[1.291,-19.919],[82.048,-0.308],[0.032,0.568]],"v":[[143.692,39.705],[0.622,141.576],[-141.92,40.08],[-141.866,38.259],[0.94,9.922],[143.638,37.887]],"c":true}]},{"i":{"x":0.667,"y":1},"o":{"x":0.66,"y":0},"t":127,"s":[{"i":[[0,-0.717],[80.718,0],[0,72.403],[-0.038,0.626],[-82.78,0.379],[-1.341,-21.904]],"o":[[0,72.403],[-80.718,0],[0,-0.717],[1.341,-21.904],[82.012,-0.19],[0.034,0.626]],"v":[[149.265,41.368],[0.59,149.147],[-147.464,41.937],[-147.408,39.934],[0.96,2.262],[149.209,39.365]],"c":true}]},{"t":180,"s":[{"i":[[0,-0.63],[72.22,0],[0,63.63],[-0.03,0.55],[-106.32,-2.33],[-1.2,-19.25]],"o":[[0,63.63],[-72.22,0],[0,-0.63],[1.2,-19.25],[106.32,-2.33],[0.03,0.55]],"v":[[133.571,23.477],[0.811,140.697],[-131.949,23.477],[-131.899,21.717],[0.811,34.667],[133.521,21.717]],"c":true}]}]},"hd":false},{"ty":"fl","c":{"a":0,"k":[0.525490224361,0.247058823705,0.078431375325,1]},"o":{"a":0,"k":100},"r":1,"bm":0,"hd":false},{"ty":"tr","p":{"a":0,"k":[0,0]},"a":{"a":0,"k":[0,0]},"s":{"a":0,"k":[100,100]},"r":{"a":0,"k":0},"o":{"a":0,"k":100},"sk":{"a":0,"k":0},"sa":{"a":0,"k":0}}],"bm":0,"hd":false},{"ty":"gr","it":[{"ty":"gr","it":[{"ind":0,"ty":"sh","ks":{"a":1,"k":[{"i":{"x":0.667,"y":1},"o":{"x":0.333,"y":0},"t":0,"s":[{"i":[[0,-0.63],[73.123,0],[0,63.63],[-0.03,0.55],[-107.649,-2.33],[-1.215,-19.25]],"o":[[0,63.63],[-73.123,0],[0,-0.63],[1.215,-19.25],[107.649,-2.33],[0.03,0.55]],"v":[[135.231,16.477],[0.811,133.697],[-133.609,16.477],[-133.558,14.717],[0.811,27.667],[135.18,14.717]],"c":true}]},{"i":{"x":0.833,"y":0.833},"o":{"x":0.333,"y":0},"t":11,"s":[{"i":[[0,-0.717],[72.935,0],[0,72.403],[-0.035,0.626],[-106.846,-0.617],[-1.212,-21.904]],"o":[[0,72.403],[-72.935,0],[0,-0.717],[1.212,-21.904],[107.6,1.375],[0.03,0.626]],"v":[[134.903,33.474],[0.811,149.147],[-133.165,33.687],[-133.115,31.685],[0.872,-0.883],[134.852,31.471]],"c":true}]},{"i":{"x":0.833,"y":0.833},"o":{"x":0.167,"y":0.167},"t":19,"s":[{"i":[[0,-0.559],[78.302,0],[0,57.123],[-0.037,0.485],[-111.636,-0.568],[-1.301,-17.084]],"o":[[0,56.471],[-78.302,0],[0,-0.555],[1.301,-16.972],[110.875,1.266],[0.033,0.488]],"v":[[144.753,84.668],[0.766,163.371],[-141.683,86.151],[-141.629,84.599],[0.935,16.609],[144.699,83.106]],"c":true}]},{"i":{"x":0.667,"y":1},"o":{"x":0.167,"y":0.167},"t":21,"s":[{"i":[[0,-0.559],[80.129,0],[0,57.384],[-0.038,0.484],[-113.266,-0.551],[-1.331,-17.077]],"o":[[0,56.447],[-80.129,0],[0,-0.554],[1.331,-16.917],[111.99,1.229],[0.033,0.488]],"v":[[148.105,95.411],[0.751,168.211],[-144.582,97.468],[-144.527,95.921],[0.957,22.561],[148.05,93.85]],"c":true}]},{"i":{"x":0.833,"y":0.833},"o":{"x":0.333,"y":0},"t":35,"s":[{"i":[[0,-0.358],[85.153,0],[0,37.415],[-0.04,0.307],[-117.75,-0.506],[-1.415,-10.935]],"o":[[0,36.146],[-85.153,0],[0,-0.351],[1.415,-10.718],[115.056,1.128],[0.035,0.312]],"v":[[157.326,132.313],[0.708,181.525],[-152.556,134.981],[-152.497,134.002],[1.435,42.799],[157.267,131.314]],"c":true}]},{"i":{"x":0.833,"y":0.867},"o":{"x":0.167,"y":0.167},"t":51,"s":[{"i":[[0,-0.559],[80.129,0],[0,57.384],[-0.038,0.484],[-113.266,-0.551],[-1.331,-17.077]],"o":[[0,56.447],[-80.129,0],[0,-0.554],[1.331,-16.917],[111.99,1.229],[0.033,0.488]],"v":[[148.105,95.411],[0.751,168.211],[-144.582,97.468],[-144.527,95.921],[0.957,22.561],[148.05,93.85]],"c":true}]},{"i":{"x":0.667,"y":1},"o":{"x":0.167,"y":0.133},"t":53.857,"s":[{"i":[[0,-0.559],[78.302,0],[0,57.123],[-0.037,0.485],[-111.636,-0.568],[-1.301,-17.084]],"o":[[0,56.471],[-78.302,0],[0,-0.555],[1.301,-16.972],[110.875,1.266],[0.033,0.488]],"v":[[144.753,84.668],[0.766,163.371],[-141.683,86.151],[-141.629,84.599],[0.935,16.609],[144.699,83.106]],"c":true}]},{"i":{"x":0.833,"y":0.867},"o":{"x":0.333,"y":0},"t":63.914,"s":[{"i":[[0,-0.717],[77.726,0],[0,72.403],[-0.037,0.626],[-113.865,-0.617],[-1.291,-21.904]],"o":[[0,72.403],[-77.726,0],[0,-0.717],[1.291,-21.904],[114.668,1.375],[0.032,0.626]],"v":[[143.707,33.474],[0.808,149.147],[-141.969,33.687],[-141.916,31.685],[0.872,-0.883],[143.653,31.471]],"c":true}]},{"i":{"x":0.52,"y":1},"o":{"x":0.167,"y":0.133},"t":68.943,"s":[{"i":[[0,-0.516],[70.264,0],[0,52.098],[-0.033,0.454],[-101.093,-0.782],[-1.167,-15.775]],"o":[[0,52.143],[-70.264,0],[0,-0.52],[1.167,-15.896],[100.681,0.309],[0.029,0.451]],"v":[[129.98,30.637],[0.806,124.888],[-128.301,30.381],[-128.253,28.927],[0.861,22.386],[129.931,29.195]],"c":true}]},{"i":{"x":0.833,"y":0.833},"o":{"x":0.333,"y":0},"t":79,"s":[{"i":[[0,-0.273],[61.216,0],[0,27.476],[-0.029,0.245],[-85.606,-0.983],[-1.017,-8.343]],"o":[[0,27.576],[-61.216,0],[0,-0.282],[1.017,-8.61],[83.722,-0.983],[0.025,0.238]],"v":[[113.334,27.197],[0.803,95.472],[-111.728,26.37],[-111.685,25.583],[0.847,50.603],[113.291,26.434]],"c":true}]},{"i":{"x":0.21,"y":1},"o":{"x":0.167,"y":0.167},"t":103,"s":[{"i":[[0,-0.651],[78.664,0],[0,65.694],[-0.037,0.569],[-114.632,-0.671],[-1.307,-19.879]],"o":[[0,65.709],[-78.664,0],[0,-0.652],[1.307,-19.919],[115.069,1.023],[0.033,0.568]],"v":[[145.427,32.537],[0.804,141.132],[-143.709,32.595],[-143.655,30.774],[0.869,6.805],[145.372,30.719]],"c":true}]},{"i":{"x":0.667,"y":1},"o":{"x":0.66,"y":0},"t":127,"s":[{"i":[[0,-0.717],[81.727,0],[0,72.403],[-0.039,0.626],[-119.727,-0.617],[-1.358,-21.904]],"o":[[0,72.403],[-81.727,0],[0,-0.717],[1.358,-21.904],[120.571,1.375],[0.034,0.626]],"v":[[151.06,33.474],[0.804,149.147],[-149.323,33.687],[-149.266,31.685],[0.873,-0.883],[151.004,31.471]],"c":true}]},{"t":180,"s":[{"i":[[0,-0.63],[73.123,0],[0,63.63],[-0.03,0.55],[-107.649,-2.33],[-1.215,-19.25]],"o":[[0,63.63],[-73.123,0],[0,-0.63],[1.215,-19.25],[107.649,-2.33],[0.03,0.55]],"v":[[135.231,16.477],[0.811,133.697],[-133.609,16.477],[-133.558,14.717],[0.811,27.667],[135.18,14.717]],"c":true}]}]},"hd":false},{"ty":"fl","c":{"a":0,"k":[1,0.694117665291,0.223529413342,1]},"o":{"a":0,"k":100},"r":1,"bm":0,"hd":false},{"ty":"tr","p":{"a":0,"k":[0,0]},"a":{"a":0,"k":[0,0]},"s":{"a":0,"k":[100,100]},"r":{"a":0,"k":0},"o":{"a":0,"k":60},"sk":{"a":0,"k":0},"sa":{"a":0,"k":0}}],"bm":0,"hd":false},{"ty":"gr","it":[{"ind":0,"ty":"sh","ks":{"a":1,"k":[{"i":{"x":0.667,"y":1},"o":{"x":0.333,"y":0},"t":0,"s":[{"i":[[114.062,-2.568],[0,-24.378],[-75.346,0],[0,68.093]],"o":[[-114.062,-2.568],[0,68.093],[75.346,0],[0,-24.378]],"v":[[0.811,35.546],[-133.609,24.501],[0.811,149.013],[135.231,24.501]],"c":true}]},{"i":{"x":0.833,"y":0.833},"o":{"x":0.333,"y":0},"t":11,"s":[{"i":[[77.327,0.943],[0,-27.739],[-75.152,0],[0,77.481]],"o":[[-78.53,1.227],[0,77.48],[75.152,0],[0,-27.739]],"v":[[1.123,1.983],[-133.165,42.818],[0.808,151.213],[134.903,42.605]],"c":true}]},{"i":{"x":0.833,"y":0.833},"o":{"x":0.167,"y":0.167},"t":19,"s":[{"i":[[93.739,0.869],[0.05,-21.496],[-80.683,0],[0,60.431]],"o":[[-94.861,1.131],[-0.041,61.297],[80.683,0],[0,-21.635]],"v":[[1.06,21.447],[-141.683,93.226],[0.764,165.222],[144.753,91.79]],"c":true}]},{"i":{"x":0.667,"y":1},"o":{"x":0.167,"y":0.167},"t":21,"s":[{"i":[[99.324,0.843],[0.067,-21.427],[-82.565,0],[0,60.406]],"o":[[-100.418,1.098],[-0.056,61.649],[82.565,0],[0,-21.626]],"v":[[1.039,28.071],[-144.582,104.519],[0.749,169.989],[148.105,102.53]],"c":true}]},{"i":{"x":0.833,"y":0.833},"o":{"x":0.333,"y":0},"t":35,"s":[{"i":[[114.687,0.774],[0.114,-13.578],[-87.742,0],[0,38.681]],"o":[[-115.704,1.007],[-0.094,40.365],[87.742,0],[0,-13.848]],"v":[[1.398,50.155],[-152.556,139.449],[0.707,183.103],[157.326,136.872]],"c":true}]},{"i":{"x":0.833,"y":0.867},"o":{"x":0.167,"y":0.167},"t":51,"s":[{"i":[[99.324,0.843],[0.067,-21.427],[-82.565,0],[0,60.406]],"o":[[-100.418,1.098],[-0.056,61.649],[82.565,0],[0,-21.626]],"v":[[1.039,28.071],[-144.582,104.519],[0.749,169.989],[148.105,102.53]],"c":true}]},{"i":{"x":0.667,"y":1},"o":{"x":0.167,"y":0.133},"t":53.857,"s":[{"i":[[93.739,0.869],[0.05,-21.496],[-80.683,0],[0,60.431]],"o":[[-94.861,1.131],[-0.041,61.297],[80.683,0],[0,-21.635]],"v":[[1.06,21.447],[-141.683,93.226],[0.764,165.222],[144.753,91.79]],"c":true}]},{"i":{"x":0.833,"y":0.867},"o":{"x":0.333,"y":0},"t":63.914,"s":[{"i":[[82.406,0.943],[0,-27.739],[-80.089,0],[0,77.481]],"o":[[-83.688,1.227],[0,77.48],[80.089,0],[0,-27.739]],"v":[[1.139,1.983],[-141.969,42.818],[0.805,151.213],[143.707,42.605]],"c":true}]},{"i":{"x":0.52,"y":1},"o":{"x":0.167,"y":0.133},"t":68.943,"s":[{"i":[[83.549,0.027],[0.032,-20.129],[-72.4,0],[0,55.8]],"o":[[-84.294,0.183],[-0.026,55.678],[72.4,0],[0,-19.977]],"v":[[0.997,25.46],[-128.301,37.007],[0.804,128.958],[129.98,37.213]],"c":true}]},{"i":{"x":0.833,"y":0.833},"o":{"x":0.333,"y":0},"t":79,"s":[{"i":[[84.936,-1.084],[0.07,-10.901],[-63.077,0],[0,29.51]],"o":[[-85.029,-1.084],[-0.058,29.241],[63.077,0],[0,-10.565]],"v":[[0.825,53.928],[-111.728,29.96],[0.803,101.972],[113.334,30.674]],"c":true}]},{"i":{"x":0.21,"y":1},"o":{"x":0.167,"y":0.167},"t":103,"s":[{"i":[[86.393,0.64],[0.01,-25.224],[-81.056,0],[0,70.318]],"o":[[-87.554,0.882],[-0.009,70.277],[81.056,0],[0,-25.174]],"v":[[1.104,9.739],[-143.709,40.898],[0.802,143.86],[145.427,40.823]],"c":true}]},{"i":{"x":0.667,"y":1},"o":{"x":0.66,"y":0},"t":127,"s":[{"i":[[86.649,0.943],[0,-27.739],[-84.211,0],[0,77.481]],"o":[[-87.997,1.227],[0,77.48],[84.211,0],[0,-27.739]],"v":[[1.153,1.983],[-149.323,42.818],[0.801,151.213],[151.06,42.605]],"c":true}]},{"t":180,"s":[{"i":[[114.062,-2.568],[0,-24.378],[-75.346,0],[0,68.093]],"o":[[-114.062,-2.568],[0,68.093],[75.346,0],[0,-24.378]],"v":[[0.811,35.546],[-133.609,24.501],[0.811,149.013],[135.231,24.501]],"c":true}]}]},"hd":false},{"ty":"fl","c":{"a":0,"k":[1,0.886274516582,0.65098041296,1]},"o":{"a":0,"k":100},"r":1,"bm":0,"hd":false},{"ty":"tr","p":{"a":0,"k":[0,0]},"a":{"a":0,"k":[0,0]},"s":{"a":0,"k":[100,100]},"r":{"a":0,"k":0},"o":{"a":0,"k":100},"sk":{"a":0,"k":0},"sa":{"a":0,"k":0}}],"bm":0,"hd":false},{"ty":"tr","p":{"a":0,"k":[0,0]},"a":{"a":0,"k":[0,0]},"s":{"a":0,"k":[100,100]},"r":{"a":0,"k":0},"o":{"a":0,"k":100},"sk":{"a":0,"k":0},"sa":{"a":0,"k":0}}],"bm":0,"hd":false}],"ip":0,"op":180,"st":0,"bm":0},{"ddd":0,"ind":7,"ty":4,"parent":4,"sr":1,"ks":{"p":{"a":1,"k":[{"i":{"x":0.67,"y":0.643},"o":{"x":0.441,"y":0},"t":0,"s":[52.951,-30.574,0],"to":[0,0,0],"ti":[0,0,0]},{"i":{"x":0.467,"y":1},"o":{"x":0.201,"y":0.817},"t":13,"s":[53.117,-133.296,0],"to":[0,0,0],"ti":[0,0,0]},{"i":{"x":0.803,"y":0},"o":{"x":0.66,"y":0},"t":35,"s":[52.951,-179.635,0],"to":[0,0,0],"ti":[0,0,0]},{"i":{"x":0.576,"y":1},"o":{"x":0.201,"y":0.118},"t":61.4,"s":[53.117,-144.296,0],"to":[0,0,0],"ti":[0,0,0]},{"i":{"x":0.21,"y":1},"o":{"x":0.331,"y":0},"t":79,"s":[52.951,60.145,0],"to":[0,0,0],"ti":[0,0,0]},{"i":{"x":0.667,"y":1},"o":{"x":0.66,"y":0},"t":127,"s":[52.951,-131.574,0],"to":[0,0,0],"ti":[0,0,0]},{"t":180,"s":[52.951,-30.574,0]}]},"a":{"a":0,"k":[-53.701,-40.574,0]},"s":{"a":0,"k":[-100,100,100]}},"ao":0,"shapes":[{"ty":"gr","it":[{"ind":0,"ty":"sh","ks":{"a":1,"k":[{"i":{"x":0.667,"y":1},"o":{"x":0.333,"y":0},"t":0,"s":[{"i":[[2.24,-8.26],[4.28,10.64],[2.8,0],[8.14,-20.25],[-0.83,-8.23],[-5.84,14.25],[-2.74,0],[-8.47,-20.65]],"o":[[0.84,-8.23],[-8.14,-20.25],[-2.63,0],[-4.27,10.64],[-2.24,-8.26],[8.47,-20.65],[2.92,0],[5.85,14.26]],"v":[[-23.334,-14.171],[-27.534,-43.071],[-53.704,-63.481],[-79.864,-43.071],[-84.074,-14.181],[-80.934,-51.631],[-53.704,-72.461],[-26.474,-51.631]],"c":true}]},{"i":{"x":0.2,"y":1},"o":{"x":0.333,"y":0},"t":4,"s":[{"i":[[2.24,-8.26],[4.28,10.64],[2.8,0],[8.14,-20.25],[-0.83,-8.23],[-5.84,14.25],[-2.74,0],[-8.47,-20.65]],"o":[[0.84,-8.23],[-8.14,-20.25],[-2.63,0],[-4.27,10.64],[-2.24,-8.26],[8.47,-20.65],[2.92,0],[5.85,14.26]],"v":[[-23.334,-14.171],[-27.534,-43.071],[-53.704,-63.481],[-79.864,-43.071],[-84.074,-14.181],[-80.934,-51.631],[-53.704,-72.461],[-26.474,-51.631]],"c":true}]},{"i":{"x":0.833,"y":0.867},"o":{"x":0.8,"y":0},"t":35,"s":[{"i":[[2.24,-0.328],[4.28,0.422],[2.706,-0.742],[7.687,-3.769],[-0.378,0.309],[-5.514,2.693],[-2.648,0.726],[-8.47,-0.82]],"o":[[0.432,0.226],[-8.14,-0.804],[-2.542,0.697],[-4.033,1.978],[-2.583,0.642],[7.997,-3.905],[2.822,-0.774],[5.85,0.566]],"v":[[-23.334,-43.502],[-28.128,-43.224],[-52.936,-39.824],[-76.738,-29.731],[-81.099,-27.964],[-78.427,-30.748],[-52.985,-41.58],[-26.474,-44.99]],"c":true}]},{"i":{"x":0.667,"y":1},"o":{"x":0.167,"y":0.133},"t":61.4,"s":[{"i":[[2.24,-4.338],[4.28,5.589],[2.754,-0.367],[7.916,-12.102],[-0.607,-4.008],[-5.679,8.536],[-2.695,0.359],[-8.47,-10.846]],"o":[[0.638,-4.049],[-8.14,-10.636],[-2.586,0.345],[-4.153,6.358],[-2.41,-3.859],[8.236,-12.371],[2.872,-0.383],[5.85,7.49]],"v":[[-23.334,-28.672],[-27.828,-43.147],[-53.325,-51.785],[-78.318,-36.476],[-82.603,-20.995],[-79.695,-41.306],[-53.349,-57.194],[-26.474,-48.347]],"c":true}]},{"i":{"x":0.68,"y":1},"o":{"x":0.333,"y":0},"t":70.199,"s":[{"i":[[2.24,-8.26],[4.28,10.64],[2.8,0],[8.14,-20.25],[-0.83,-8.23],[-5.84,14.25],[-2.74,0],[-8.47,-20.65]],"o":[[0.84,-8.23],[-8.14,-20.25],[-2.63,0],[-4.27,10.64],[-2.24,-8.26],[8.47,-20.65],[2.92,0],[5.85,14.26]],"v":[[-23.334,-14.171],[-27.534,-43.071],[-53.704,-63.481],[-79.864,-43.071],[-84.074,-14.181],[-80.934,-51.631],[-53.704,-72.461],[-26.474,-51.631]],"c":true}]},{"i":{"x":0.667,"y":1},"o":{"x":0.333,"y":0},"t":79,"s":[{"i":[[2.24,-6.215],[4.28,8.005],[2.775,0.184],[8.021,-14.5],[-0.809,-6.265],[-5.754,10.194],[-2.716,-0.18],[-8.47,-15.536]],"o":[[0.84,-6.192],[-8.14,-15.236],[-2.607,-0.173],[-4.208,7.619],[-2.195,-6.415],[8.346,-14.771],[2.894,0.192],[5.85,10.729]],"v":[[-23.334,-21.046],[-29.234,-38.99],[-53.621,-54.697],[-77.28,-41.978],[-83.394,-24.876],[-80.275,-52.763],[-53.515,-65.953],[-26.474,-49.23]],"c":true}]},{"i":{"x":0.21,"y":1},"o":{"x":0.333,"y":0},"t":92,"s":[{"i":[[2.24,-8.26],[4.28,10.64],[2.8,0],[8.14,-20.25],[-0.83,-8.23],[-5.84,14.25],[-2.74,0],[-8.47,-20.65]],"o":[[0.84,-8.23],[-8.14,-20.25],[-2.63,0],[-4.27,10.64],[-2.24,-8.26],[8.47,-20.65],[2.92,0],[5.85,14.26]],"v":[[-23.334,-14.171],[-27.534,-43.071],[-53.704,-63.481],[-79.864,-43.071],[-84.074,-14.181],[-80.934,-51.631],[-53.704,-72.461],[-26.474,-51.631]],"c":true}]},{"i":{"x":0.667,"y":1},"o":{"x":0.66,"y":0},"t":127,"s":[{"i":[[2.481,-6.055],[5.28,7.296],[3.836,0.158],[7.433,-8.781],[0.701,-6.471],[-6.821,9.219],[-2.56,-0.049],[-8.985,-14.956]],"o":[[1.081,-6.073],[-7.662,-10.588],[-3.411,-0.14],[-5.562,6.571],[-1.111,-7.096],[9.886,-13.362],[2.728,0.052],[6.205,10.328]],"v":[[-24.432,-19.513],[-28.867,-38.538],[-51.461,-51.158],[-75.29,-40.298],[-83.451,-18.654],[-75.44,-46.288],[-51.072,-58.752],[-28.329,-44.998]],"c":true}]},{"t":180,"s":[{"i":[[2.24,-8.26],[4.28,10.64],[2.8,0],[8.14,-20.25],[-0.83,-8.23],[-5.84,14.25],[-2.74,0],[-8.47,-20.65]],"o":[[0.84,-8.23],[-8.14,-20.25],[-2.63,0],[-4.27,10.64],[-2.24,-8.26],[8.47,-20.65],[2.92,0],[5.85,14.26]],"v":[[-23.334,-14.171],[-27.534,-43.071],[-53.704,-63.481],[-79.864,-43.071],[-84.074,-14.181],[-80.934,-51.631],[-53.704,-72.461],[-26.474,-51.631]],"c":true}]}]},"hd":false},{"ty":"fl","c":{"a":0,"k":[0.419607847929,0.1254902035,0,1]},"o":{"a":0,"k":100},"r":1,"bm":0,"hd":false},{"ty":"tr","p":{"a":0,"k":[0,0]},"a":{"a":0,"k":[0,0]},"s":{"a":0,"k":[100,100]},"r":{"a":0,"k":0},"o":{"a":0,"k":100},"sk":{"a":0,"k":0},"sa":{"a":0,"k":0}}],"bm":0,"hd":false},{"ty":"gr","it":[{"ind":0,"ty":"sh","ks":{"a":1,"k":[{"i":{"x":0.667,"y":1},"o":{"x":0.333,"y":0},"t":0,"s":[{"i":[[10.4,25.371],[2.914,0],[8.467,-20.656],[-4,11.745],[-2.443,0],[-8.057,-23.657]],"o":[[-8.467,-20.656],[-2.743,0],[-10.4,25.371],[8.057,-23.657],[2.576,0],[4,11.745]],"v":[[-26.473,-51.628],[-53.701,-72.457],[-80.93,-51.628],[-77.759,-10.485],[-53.701,-33.885],[-29.644,-10.485]],"c":true}]},{"i":{"x":0.2,"y":1},"o":{"x":0.333,"y":0},"t":4,"s":[{"i":[[10.4,25.371],[2.914,0],[8.467,-20.656],[-4,11.745],[-2.443,0],[-8.057,-23.657]],"o":[[-8.467,-20.656],[-2.743,0],[-10.4,25.371],[8.057,-23.657],[2.576,0],[4,11.745]],"v":[[-26.473,-51.628],[-53.701,-72.457],[-80.93,-51.628],[-77.759,-10.485],[-53.701,-33.885],[-29.644,-10.485]],"c":true}]},{"i":{"x":0.833,"y":0.867},"o":{"x":0.8,"y":0},"t":35,"s":[{"i":[[10.4,0.744],[2.816,-0.781],[7.99,-3.723],[-3.781,1.818],[-2.36,0.655],[-8.057,-0.693]],"o":[[-8.467,-0.605],[-2.65,0.735],[-9.813,4.573],[7.616,-3.662],[2.489,-0.69],[4,0.344]],"v":[[-26.473,-44.918],[-52.974,-41.246],[-78.396,-30.523],[-75.564,-30.453],[-53.067,-40.103],[-29.644,-43.712]],"c":true}]},{"i":{"x":0.667,"y":1},"o":{"x":0.167,"y":0.133},"t":61.4,"s":[{"i":[[10.4,13.196],[2.866,-0.386],[8.231,-12.284],[-3.892,6.838],[-2.402,0.324],[-8.057,-12.304]],"o":[[-8.467,-10.743],[-2.697,0.363],[-10.11,15.089],[7.839,-13.772],[2.533,-0.341],[4,6.109]],"v":[[-26.473,-48.31],[-53.342,-57.026],[-79.677,-41.194],[-76.674,-20.357],[-53.388,-36.959],[-29.644,-26.912]],"c":true}]},{"i":{"x":0.68,"y":1},"o":{"x":0.333,"y":0},"t":70.199,"s":[{"i":[[10.4,25.371],[2.914,0],[8.467,-20.656],[-4,11.745],[-2.443,0],[-8.057,-23.657]],"o":[[-8.467,-20.656],[-2.743,0],[-10.4,25.371],[8.057,-23.657],[2.576,0],[4,11.745]],"v":[[-26.473,-51.628],[-53.701,-72.457],[-80.93,-51.628],[-77.759,-10.485],[-53.701,-33.885],[-29.644,-10.485]],"c":true}]},{"i":{"x":0.667,"y":1},"o":{"x":0.333,"y":0},"t":79,"s":[{"i":[[10.4,19.089],[2.889,0.192],[8.343,-14.776],[-3.943,8.475],[-2.421,-0.161],[-8.057,-17.799]],"o":[[-8.467,-15.541],[-2.719,-0.18],[-10.247,18.149],[7.942,-17.07],[2.553,0.169],[4,8.837]],"v":[[-26.473,-49.228],[-53.512,-65.949],[-80.271,-52.761],[-77.188,-21.527],[-53.536,-36.933],[-29.644,-18.273]],"c":true}]},{"i":{"x":0.21,"y":1},"o":{"x":0.333,"y":0},"t":92,"s":[{"i":[[10.4,25.371],[2.914,0],[8.467,-20.656],[-4,11.745],[-2.443,0],[-8.057,-23.657]],"o":[[-8.467,-20.656],[-2.743,0],[-10.4,25.371],[8.057,-23.657],[2.576,0],[4,11.745]],"v":[[-26.473,-51.628],[-53.701,-72.457],[-80.93,-51.628],[-77.759,-10.485],[-53.701,-33.885],[-29.644,-10.485]],"c":true}]},{"i":{"x":0.667,"y":1},"o":{"x":0.66,"y":0},"t":127,"s":[{"i":[[11.032,18.376],[2.723,0.052],[9.884,-13.366],[-4.343,10.083],[-2.441,-0.082],[-7.358,-17.758]],"o":[[-8.982,-14.961],[-2.563,-0.049],[-12.14,16.418],[8.747,-20.31],[2.574,0.087],[3.653,8.817]],"v":[[-28.328,-44.996],[-51.07,-58.749],[-75.436,-46.286],[-78.934,-15.181],[-52.203,-34.727],[-30.847,-16.963]],"c":true}]},{"t":180,"s":[{"i":[[10.4,25.371],[2.914,0],[8.467,-20.656],[-4,11.745],[-2.443,0],[-8.057,-23.657]],"o":[[-8.467,-20.656],[-2.743,0],[-10.4,25.371],[8.057,-23.657],[2.576,0],[4,11.745]],"v":[[-26.473,-51.628],[-53.701,-72.457],[-80.93,-51.628],[-77.759,-10.485],[-53.701,-33.885],[-29.644,-10.485]],"c":true}]}]},"hd":false},{"ty":"fl","c":{"a":0,"k":[0.525490224361,0.247058823705,0.078431375325,1]},"o":{"a":0,"k":100},"r":1,"bm":0,"hd":false},{"ty":"tr","p":{"a":0,"k":[0,0]},"a":{"a":0,"k":[0,0]},"s":{"a":0,"k":[100,100]},"r":{"a":0,"k":0},"o":{"a":0,"k":100},"sk":{"a":0,"k":0},"sa":{"a":0,"k":0}}],"bm":0,"hd":false},{"ty":"gr","it":[{"ty":"gr","it":[{"ind":0,"ty":"sh","ks":{"a":1,"k":[{"i":{"x":0.667,"y":1},"o":{"x":0.333,"y":0},"t":0,"s":[{"i":[[10.4,25.371],[2.914,0],[8.467,-20.656],[-4,11.745],[-2.443,0],[-8.057,-23.657]],"o":[[-8.467,-20.656],[-2.743,0],[-10.4,25.371],[8.057,-23.657],[2.576,0],[4,11.745]],"v":[[-25.473,-46.628],[-53.701,-67.457],[-81.93,-46.628],[-75.759,-5.485],[-53.701,-28.885],[-31.644,-5.485]],"c":true}]},{"i":{"x":0.2,"y":1},"o":{"x":0.333,"y":0},"t":4,"s":[{"i":[[10.4,25.371],[2.914,0],[8.467,-20.656],[-4,11.745],[-2.443,0],[-8.057,-23.657]],"o":[[-8.467,-20.656],[-2.743,0],[-10.4,25.371],[8.057,-23.657],[2.576,0],[4,11.745]],"v":[[-25.473,-46.628],[-53.701,-67.457],[-81.93,-46.628],[-75.759,-5.485],[-53.701,-28.885],[-31.644,-5.485]],"c":true}]},{"i":{"x":0.833,"y":0.867},"o":{"x":0.8,"y":0},"t":35,"s":[{"i":[[10.4,0.744],[2.816,-0.781],[7.99,-3.723],[-3.781,1.818],[-2.36,0.655],[-8.057,-0.693]],"o":[[-8.467,-0.605],[-2.65,0.735],[-9.813,4.573],[7.616,-3.662],[2.489,-0.69],[4,0.344]],"v":[[-25.473,-44.771],[-52.986,-41.098],[-79.348,-30.007],[-73.709,-31.036],[-53.079,-39.954],[-31.644,-43.565]],"c":true}]},{"i":{"x":0.667,"y":1},"o":{"x":0.167,"y":0.133},"t":61.4,"s":[{"i":[[10.4,13.196],[2.866,-0.386],[8.231,-12.284],[-3.892,6.838],[-2.402,0.324],[-8.057,-12.304]],"o":[[-8.467,-10.743],[-2.697,0.363],[-10.11,15.089],[7.839,-13.772],[2.533,-0.341],[4,6.109]],"v":[[-25.473,-45.71],[-53.348,-54.425],[-80.654,-38.41],[-74.745,-18.118],[-53.394,-34.358],[-31.644,-24.312]],"c":true}]},{"i":{"x":0.68,"y":1},"o":{"x":0.333,"y":0},"t":70.199,"s":[{"i":[[10.4,25.371],[2.914,0],[8.467,-20.656],[-4,11.745],[-2.443,0],[-8.057,-23.657]],"o":[[-8.467,-20.656],[-2.743,0],[-10.4,25.371],[8.057,-23.657],[2.576,0],[4,11.745]],"v":[[-25.473,-46.628],[-53.701,-67.457],[-81.93,-46.628],[-75.759,-5.485],[-53.701,-28.885],[-31.644,-5.485]],"c":true}]},{"i":{"x":0.667,"y":1},"o":{"x":0.333,"y":0},"t":79,"s":[{"i":[[10.4,19.089],[2.889,0.192],[8.343,-14.776],[-3.943,8.475],[-2.421,-0.161],[-8.057,-17.799]],"o":[[-8.467,-15.541],[-2.719,-0.18],[-10.247,18.149],[7.942,-17.07],[2.553,0.169],[4,8.837]],"v":[[-25.473,-45.466],[-53.515,-62.188],[-81.258,-49.09],[-75.225,-17.586],[-53.539,-33.171],[-31.644,-14.511]],"c":true}]},{"i":{"x":0.21,"y":1},"o":{"x":0.333,"y":0},"t":92,"s":[{"i":[[10.4,25.371],[2.914,0],[8.467,-20.656],[-4,11.745],[-2.443,0],[-8.057,-23.657]],"o":[[-8.467,-20.656],[-2.743,0],[-10.4,25.371],[8.057,-23.657],[2.576,0],[4,11.745]],"v":[[-25.473,-46.628],[-53.701,-67.457],[-81.93,-46.628],[-75.759,-5.485],[-53.701,-28.885],[-31.644,-5.485]],"c":true}]},{"i":{"x":0.667,"y":1},"o":{"x":0.66,"y":0},"t":127,"s":[{"i":[[11.032,18.376],[2.723,0.052],[9.884,-13.366],[-4.343,10.083],[-2.441,-0.082],[-7.358,-17.758]],"o":[[-8.982,-14.961],[-2.563,-0.049],[-12.14,16.418],[8.747,-20.31],[2.574,0.087],[3.653,8.817]],"v":[[-27.132,-41.315],[-51.147,-54.729],[-76.855,-42.947],[-77.082,-10.764],[-52.35,-30.377],[-32.992,-13.317]],"c":true}]},{"t":180,"s":[{"i":[[10.4,25.371],[2.914,0],[8.467,-20.656],[-4,11.745],[-2.443,0],[-8.057,-23.657]],"o":[[-8.467,-20.656],[-2.743,0],[-10.4,25.371],[8.057,-23.657],[2.576,0],[4,11.745]],"v":[[-25.473,-46.628],[-53.701,-67.457],[-81.93,-46.628],[-75.759,-5.485],[-53.701,-28.885],[-31.644,-5.485]],"c":true}]}]},"hd":false},{"ty":"fl","c":{"a":0,"k":[1,0.886274516582,0.65098041296,1]},"o":{"a":0,"k":100},"r":1,"bm":0,"hd":false},{"ty":"tr","p":{"a":0,"k":[0,0]},"a":{"a":0,"k":[0,0]},"s":{"a":0,"k":[100,100]},"r":{"a":0,"k":0},"o":{"a":0,"k":100},"sk":{"a":0,"k":0},"sa":{"a":0,"k":0}}],"bm":0,"hd":false},{"ty":"gr","it":[{"ind":0,"ty":"sh","ks":{"a":1,"k":[{"i":{"x":0.667,"y":1},"o":{"x":0.333,"y":0},"t":0,"s":[{"i":[[10.4,25.371],[2.914,0],[8.467,-20.656],[-4,11.745],[-2.443,0],[-8.057,-23.657]],"o":[[-8.467,-20.656],[-2.743,0],[-10.4,25.371],[8.057,-23.657],[2.576,0],[4,11.745]],"v":[[-25.473,-57.628],[-53.701,-78.457],[-81.93,-57.628],[-75.759,-16.485],[-53.701,-39.885],[-31.644,-16.485]],"c":true}]},{"i":{"x":0.2,"y":1},"o":{"x":0.333,"y":0},"t":4,"s":[{"i":[[10.4,25.371],[2.914,0],[8.467,-20.656],[-4,11.745],[-2.443,0],[-8.057,-23.657]],"o":[[-8.467,-20.656],[-2.743,0],[-10.4,25.371],[8.057,-23.657],[2.576,0],[4,11.745]],"v":[[-25.473,-57.628],[-53.701,-78.457],[-81.93,-57.628],[-75.759,-16.485],[-53.701,-39.885],[-31.644,-16.485]],"c":true}]},{"i":{"x":0.833,"y":0.867},"o":{"x":0.8,"y":0},"t":35,"s":[{"i":[[10.4,0.744],[2.816,-0.781],[7.99,-3.723],[-3.781,1.818],[-2.36,0.655],[-8.057,-0.693]],"o":[[-8.467,-0.605],[-2.65,0.735],[-9.813,4.573],[7.616,-3.662],[2.489,-0.69],[4,0.344]],"v":[[-25.473,-45.093],[-52.96,-41.424],[-79.312,-30.336],[-73.673,-31.366],[-53.052,-40.281],[-31.644,-43.887]],"c":true}]},{"i":{"x":0.667,"y":1},"o":{"x":0.167,"y":0.133},"t":61.4,"s":[{"i":[[10.4,13.196],[2.866,-0.386],[8.231,-12.284],[-3.892,6.838],[-2.402,0.324],[-8.057,-12.304]],"o":[[-8.467,-10.743],[-2.697,0.363],[-10.11,15.089],[7.839,-13.772],[2.533,-0.341],[4,6.109]],"v":[[-25.473,-51.431],[-53.335,-60.148],[-80.636,-44.135],[-74.728,-23.842],[-53.381,-40.081],[-31.644,-30.033]],"c":true}]},{"i":{"x":0.68,"y":1},"o":{"x":0.333,"y":0},"t":70.199,"s":[{"i":[[10.4,25.371],[2.914,0],[8.467,-20.656],[-4,11.745],[-2.443,0],[-8.057,-23.657]],"o":[[-8.467,-20.656],[-2.743,0],[-10.4,25.371],[8.057,-23.657],[2.576,0],[4,11.745]],"v":[[-25.473,-57.628],[-53.701,-78.457],[-81.93,-57.628],[-75.759,-16.485],[-53.701,-39.885],[-31.644,-16.485]],"c":true}]},{"i":{"x":0.667,"y":1},"o":{"x":0.333,"y":0},"t":79,"s":[{"i":[[10.4,19.089],[2.889,0.192],[8.343,-14.776],[-3.943,8.475],[-2.421,-0.161],[-8.057,-17.799]],"o":[[-8.467,-15.541],[-2.719,-0.18],[-10.247,18.149],[7.942,-17.07],[2.553,0.169],[4,8.837]],"v":[[-25.473,-53.742],[-53.509,-70.463],[-81.249,-57.364],[-75.216,-25.861],[-53.533,-41.446],[-31.644,-22.787]],"c":true}]},{"i":{"x":0.21,"y":1},"o":{"x":0.333,"y":0},"t":92,"s":[{"i":[[10.4,25.371],[2.914,0],[8.467,-20.656],[-4,11.745],[-2.443,0],[-8.057,-23.657]],"o":[[-8.467,-20.656],[-2.743,0],[-10.4,25.371],[8.057,-23.657],[2.576,0],[4,11.745]],"v":[[-25.473,-57.628],[-53.701,-78.457],[-81.93,-57.628],[-75.759,-16.485],[-53.701,-39.885],[-31.644,-16.485]],"c":true}]},{"i":{"x":0.667,"y":1},"o":{"x":0.66,"y":0},"t":127,"s":[{"i":[[11.032,18.376],[2.723,0.052],[9.884,-13.366],[-4.087,10.19],[-4.242,-0.474],[-4.58,-15.034]],"o":[[-8.982,-14.961],[-2.563,-0.049],[-12.14,16.418],[6.384,-15.917],[2.392,0.267],[2.757,9.05]],"v":[[-27.711,-49.539],[-50.977,-63.572],[-75.774,-50.509],[-76.759,-20.333],[-49.758,-36.651],[-32.67,-21.466]],"c":true}]},{"t":180,"s":[{"i":[[10.4,25.371],[2.914,0],[8.467,-20.656],[-4,11.745],[-2.443,0],[-8.057,-23.657]],"o":[[-8.467,-20.656],[-2.743,0],[-10.4,25.371],[8.057,-23.657],[2.576,0],[4,11.745]],"v":[[-25.473,-57.628],[-53.701,-78.457],[-81.93,-57.628],[-75.759,-16.485],[-53.701,-39.885],[-31.644,-16.485]],"c":true}]}]},"hd":false},{"ty":"fl","c":{"a":0,"k":[1,0.694117665291,0.223529413342,1]},"o":{"a":0,"k":100},"r":1,"bm":0,"hd":false},{"ty":"tr","p":{"a":0,"k":[0,0]},"a":{"a":0,"k":[0,0]},"s":{"a":0,"k":[100,100]},"r":{"a":0,"k":0},"o":{"a":0,"k":60},"sk":{"a":0,"k":0},"sa":{"a":0,"k":0}}],"bm":0,"hd":false},{"ty":"tr","p":{"a":0,"k":[0,0]},"a":{"a":0,"k":[0,0]},"s":{"a":0,"k":[100,100]},"r":{"a":0,"k":0},"o":{"a":0,"k":100},"sk":{"a":0,"k":0},"sa":{"a":0,"k":0}}],"bm":0,"hd":false}],"ip":0,"op":180,"st":0,"bm":0},{"ddd":0,"ind":8,"ty":4,"parent":4,"sr":1,"ks":{"p":{"a":1,"k":[{"i":{"x":0.67,"y":0.643},"o":{"x":0.441,"y":0},"t":0,"s":[-54.451,-30.574,0],"to":[0,0,0],"ti":[0,0,0]},{"i":{"x":0.467,"y":1},"o":{"x":0.201,"y":0.817},"t":13,"s":[-54.286,-133.296,0],"to":[0,0,0],"ti":[0,0,0]},{"i":{"x":0.803,"y":0},"o":{"x":0.66,"y":0},"t":35,"s":[-54.451,-179.635,0],"to":[0,0,0],"ti":[0,0,0]},{"i":{"x":0.576,"y":1},"o":{"x":0.201,"y":0.118},"t":61.4,"s":[-54.286,-144.296,0],"to":[0,0,0],"ti":[0,0,0]},{"i":{"x":0.21,"y":1},"o":{"x":0.331,"y":0},"t":79,"s":[-54.451,60.145,0],"to":[0,0,0],"ti":[0,0,0]},{"i":{"x":0.667,"y":1},"o":{"x":0.66,"y":0},"t":127,"s":[-54.451,-131.574,0],"to":[0,0,0],"ti":[0,0,0]},{"t":180,"s":[-54.451,-30.574,0]}]},"a":{"a":0,"k":[-53.701,-40.574,0]}},"ao":0,"shapes":[{"ty":"gr","it":[{"ind":0,"ty":"sh","ks":{"a":1,"k":[{"i":{"x":0.667,"y":1},"o":{"x":0.333,"y":0},"t":0,"s":[{"i":[[2.24,-8.26],[4.28,10.64],[2.8,0],[8.14,-20.25],[-0.83,-8.23],[-5.84,14.25],[-2.74,0],[-8.47,-20.65]],"o":[[0.84,-8.23],[-8.14,-20.25],[-2.63,0],[-4.27,10.64],[-2.24,-8.26],[8.47,-20.65],[2.92,0],[5.85,14.26]],"v":[[-23.334,-14.171],[-27.534,-43.071],[-53.704,-63.481],[-79.864,-43.071],[-84.074,-14.181],[-80.934,-51.631],[-53.704,-72.461],[-26.474,-51.631]],"c":true}]},{"i":{"x":0.2,"y":1},"o":{"x":0.333,"y":0},"t":4,"s":[{"i":[[2.24,-8.26],[4.28,10.64],[2.8,0],[8.14,-20.25],[-0.83,-8.23],[-5.84,14.25],[-2.74,0],[-8.47,-20.65]],"o":[[0.84,-8.23],[-8.14,-20.25],[-2.63,0],[-4.27,10.64],[-2.24,-8.26],[8.47,-20.65],[2.92,0],[5.85,14.26]],"v":[[-23.334,-14.171],[-27.534,-43.071],[-53.704,-63.481],[-79.864,-43.071],[-84.074,-14.181],[-80.934,-51.631],[-53.704,-72.461],[-26.474,-51.631]],"c":true}]},{"i":{"x":0.833,"y":0.867},"o":{"x":0.8,"y":0},"t":35,"s":[{"i":[[2.24,-0.328],[4.28,0.422],[2.706,-0.742],[7.687,-3.769],[-0.378,0.309],[-5.514,2.693],[-2.648,0.726],[-8.47,-0.82]],"o":[[0.432,0.226],[-8.14,-0.804],[-2.542,0.697],[-4.033,1.978],[-2.583,0.642],[7.997,-3.905],[2.822,-0.774],[5.85,0.566]],"v":[[-23.334,-43.502],[-28.128,-43.224],[-52.936,-39.824],[-76.738,-29.731],[-81.099,-27.964],[-78.427,-30.748],[-52.985,-41.58],[-26.474,-44.99]],"c":true}]},{"i":{"x":0.667,"y":1},"o":{"x":0.167,"y":0.133},"t":61.4,"s":[{"i":[[2.24,-4.338],[4.28,5.589],[2.754,-0.367],[7.916,-12.102],[-0.607,-4.008],[-5.679,8.536],[-2.695,0.359],[-8.47,-10.846]],"o":[[0.638,-4.049],[-8.14,-10.636],[-2.586,0.345],[-4.153,6.358],[-2.41,-3.859],[8.236,-12.371],[2.872,-0.383],[5.85,7.49]],"v":[[-23.334,-28.672],[-27.828,-43.147],[-53.325,-51.785],[-78.318,-36.476],[-82.603,-20.995],[-79.695,-41.306],[-53.349,-57.194],[-26.474,-48.347]],"c":true}]},{"i":{"x":0.68,"y":1},"o":{"x":0.333,"y":0},"t":70.199,"s":[{"i":[[2.24,-8.26],[4.28,10.64],[2.8,0],[8.14,-20.25],[-0.83,-8.23],[-5.84,14.25],[-2.74,0],[-8.47,-20.65]],"o":[[0.84,-8.23],[-8.14,-20.25],[-2.63,0],[-4.27,10.64],[-2.24,-8.26],[8.47,-20.65],[2.92,0],[5.85,14.26]],"v":[[-23.334,-14.171],[-27.534,-43.071],[-53.704,-63.481],[-79.864,-43.071],[-84.074,-14.181],[-80.934,-51.631],[-53.704,-72.461],[-26.474,-51.631]],"c":true}]},{"i":{"x":0.667,"y":1},"o":{"x":0.333,"y":0},"t":79,"s":[{"i":[[2.24,-6.215],[4.28,8.005],[2.775,0.184],[8.021,-14.5],[-0.809,-6.265],[-5.754,10.194],[-2.716,-0.18],[-8.47,-15.536]],"o":[[0.84,-6.192],[-8.14,-15.236],[-2.607,-0.173],[-4.208,7.619],[-2.195,-6.415],[8.346,-14.771],[2.894,0.192],[5.85,10.729]],"v":[[-23.334,-21.046],[-29.234,-38.99],[-53.621,-54.697],[-77.28,-41.978],[-83.394,-24.876],[-80.275,-52.763],[-53.515,-65.953],[-26.474,-49.23]],"c":true}]},{"i":{"x":0.21,"y":1},"o":{"x":0.333,"y":0},"t":92,"s":[{"i":[[2.24,-8.26],[4.28,10.64],[2.8,0],[8.14,-20.25],[-0.83,-8.23],[-5.84,14.25],[-2.74,0],[-8.47,-20.65]],"o":[[0.84,-8.23],[-8.14,-20.25],[-2.63,0],[-4.27,10.64],[-2.24,-8.26],[8.47,-20.65],[2.92,0],[5.85,14.26]],"v":[[-23.334,-14.171],[-27.534,-43.071],[-53.704,-63.481],[-79.864,-43.071],[-84.074,-14.181],[-80.934,-51.631],[-53.704,-72.461],[-26.474,-51.631]],"c":true}]},{"i":{"x":0.667,"y":1},"o":{"x":0.66,"y":0},"t":127,"s":[{"i":[[2.481,-6.055],[5.28,7.296],[3.836,0.158],[7.433,-8.781],[0.701,-6.471],[-6.821,9.219],[-2.56,-0.049],[-8.985,-14.956]],"o":[[1.081,-6.073],[-7.662,-10.588],[-3.411,-0.14],[-5.562,6.571],[-1.111,-7.096],[9.886,-13.362],[2.728,0.052],[6.205,10.328]],"v":[[-24.432,-19.513],[-28.867,-38.538],[-51.461,-51.158],[-75.29,-40.298],[-83.451,-18.654],[-75.44,-46.288],[-51.072,-58.752],[-28.329,-44.998]],"c":true}]},{"t":180,"s":[{"i":[[2.24,-8.26],[4.28,10.64],[2.8,0],[8.14,-20.25],[-0.83,-8.23],[-5.84,14.25],[-2.74,0],[-8.47,-20.65]],"o":[[0.84,-8.23],[-8.14,-20.25],[-2.63,0],[-4.27,10.64],[-2.24,-8.26],[8.47,-20.65],[2.92,0],[5.85,14.26]],"v":[[-23.334,-14.171],[-27.534,-43.071],[-53.704,-63.481],[-79.864,-43.071],[-84.074,-14.181],[-80.934,-51.631],[-53.704,-72.461],[-26.474,-51.631]],"c":true}]}]},"hd":false},{"ty":"fl","c":{"a":0,"k":[0.419607847929,0.1254902035,0,1]},"o":{"a":0,"k":100},"r":1,"bm":0,"hd":false},{"ty":"tr","p":{"a":0,"k":[0,0]},"a":{"a":0,"k":[0,0]},"s":{"a":0,"k":[100,100]},"r":{"a":0,"k":0},"o":{"a":0,"k":100},"sk":{"a":0,"k":0},"sa":{"a":0,"k":0}}],"bm":0,"hd":false},{"ty":"gr","it":[{"ind":0,"ty":"sh","ks":{"a":1,"k":[{"i":{"x":0.667,"y":1},"o":{"x":0.333,"y":0},"t":0,"s":[{"i":[[10.4,25.371],[2.914,0],[8.467,-20.656],[-4,11.745],[-2.443,0],[-8.057,-23.657]],"o":[[-8.467,-20.656],[-2.743,0],[-10.4,25.371],[8.057,-23.657],[2.576,0],[4,11.745]],"v":[[-26.473,-51.628],[-53.701,-72.457],[-80.93,-51.628],[-77.759,-10.485],[-53.701,-33.885],[-29.644,-10.485]],"c":true}]},{"i":{"x":0.2,"y":1},"o":{"x":0.333,"y":0},"t":4,"s":[{"i":[[10.4,25.371],[2.914,0],[8.467,-20.656],[-4,11.745],[-2.443,0],[-8.057,-23.657]],"o":[[-8.467,-20.656],[-2.743,0],[-10.4,25.371],[8.057,-23.657],[2.576,0],[4,11.745]],"v":[[-26.473,-51.628],[-53.701,-72.457],[-80.93,-51.628],[-77.759,-10.485],[-53.701,-33.885],[-29.644,-10.485]],"c":true}]},{"i":{"x":0.833,"y":0.867},"o":{"x":0.8,"y":0},"t":35,"s":[{"i":[[10.4,0.744],[2.816,-0.781],[7.99,-3.723],[-3.781,1.818],[-2.36,0.655],[-8.057,-0.693]],"o":[[-8.467,-0.605],[-2.65,0.735],[-9.813,4.573],[7.616,-3.662],[2.489,-0.69],[4,0.344]],"v":[[-26.473,-44.918],[-52.974,-41.246],[-78.396,-30.523],[-75.564,-30.453],[-53.067,-40.103],[-29.644,-43.712]],"c":true}]},{"i":{"x":0.667,"y":1},"o":{"x":0.167,"y":0.133},"t":61.4,"s":[{"i":[[10.4,13.196],[2.866,-0.386],[8.231,-12.284],[-3.892,6.838],[-2.402,0.324],[-8.057,-12.304]],"o":[[-8.467,-10.743],[-2.697,0.363],[-10.11,15.089],[7.839,-13.772],[2.533,-0.341],[4,6.109]],"v":[[-26.473,-48.31],[-53.342,-57.026],[-79.677,-41.194],[-76.674,-20.357],[-53.388,-36.959],[-29.644,-26.912]],"c":true}]},{"i":{"x":0.68,"y":1},"o":{"x":0.333,"y":0},"t":70.199,"s":[{"i":[[10.4,25.371],[2.914,0],[8.467,-20.656],[-4,11.745],[-2.443,0],[-8.057,-23.657]],"o":[[-8.467,-20.656],[-2.743,0],[-10.4,25.371],[8.057,-23.657],[2.576,0],[4,11.745]],"v":[[-26.473,-51.628],[-53.701,-72.457],[-80.93,-51.628],[-77.759,-10.485],[-53.701,-33.885],[-29.644,-10.485]],"c":true}]},{"i":{"x":0.667,"y":1},"o":{"x":0.333,"y":0},"t":79,"s":[{"i":[[10.4,19.089],[2.889,0.192],[8.343,-14.776],[-3.943,8.475],[-2.421,-0.161],[-8.057,-17.799]],"o":[[-8.467,-15.541],[-2.719,-0.18],[-10.247,18.149],[7.942,-17.07],[2.553,0.169],[4,8.837]],"v":[[-26.473,-49.228],[-53.512,-65.949],[-80.271,-52.761],[-77.188,-21.527],[-53.536,-36.933],[-29.644,-18.273]],"c":true}]},{"i":{"x":0.21,"y":1},"o":{"x":0.333,"y":0},"t":92,"s":[{"i":[[10.4,25.371],[2.914,0],[8.467,-20.656],[-4,11.745],[-2.443,0],[-8.057,-23.657]],"o":[[-8.467,-20.656],[-2.743,0],[-10.4,25.371],[8.057,-23.657],[2.576,0],[4,11.745]],"v":[[-26.473,-51.628],[-53.701,-72.457],[-80.93,-51.628],[-77.759,-10.485],[-53.701,-33.885],[-29.644,-10.485]],"c":true}]},{"i":{"x":0.667,"y":1},"o":{"x":0.66,"y":0},"t":127,"s":[{"i":[[11.032,18.376],[2.723,0.052],[9.884,-13.366],[-4.343,10.083],[-2.441,-0.082],[-7.358,-17.758]],"o":[[-8.982,-14.961],[-2.563,-0.049],[-12.14,16.418],[8.747,-20.31],[2.574,0.087],[3.653,8.817]],"v":[[-28.328,-44.996],[-51.07,-58.749],[-75.436,-46.286],[-78.934,-15.181],[-52.203,-34.727],[-30.847,-16.963]],"c":true}]},{"t":180,"s":[{"i":[[10.4,25.371],[2.914,0],[8.467,-20.656],[-4,11.745],[-2.443,0],[-8.057,-23.657]],"o":[[-8.467,-20.656],[-2.743,0],[-10.4,25.371],[8.057,-23.657],[2.576,0],[4,11.745]],"v":[[-26.473,-51.628],[-53.701,-72.457],[-80.93,-51.628],[-77.759,-10.485],[-53.701,-33.885],[-29.644,-10.485]],"c":true}]}]},"hd":false},{"ty":"fl","c":{"a":0,"k":[0.525490224361,0.247058823705,0.078431375325,1]},"o":{"a":0,"k":100},"r":1,"bm":0,"hd":false},{"ty":"tr","p":{"a":0,"k":[0,0]},"a":{"a":0,"k":[0,0]},"s":{"a":0,"k":[100,100]},"r":{"a":0,"k":0},"o":{"a":0,"k":100},"sk":{"a":0,"k":0},"sa":{"a":0,"k":0}}],"bm":0,"hd":false},{"ty":"gr","it":[{"ty":"gr","it":[{"ind":0,"ty":"sh","ks":{"a":1,"k":[{"i":{"x":0.667,"y":1},"o":{"x":0.333,"y":0},"t":0,"s":[{"i":[[10.4,25.371],[2.914,0],[8.467,-20.656],[-4,11.745],[-2.443,0],[-8.057,-23.657]],"o":[[-8.467,-20.656],[-2.743,0],[-10.4,25.371],[8.057,-23.657],[2.576,0],[4,11.745]],"v":[[-25.473,-46.628],[-53.701,-67.457],[-81.93,-46.628],[-75.759,-5.485],[-53.701,-28.885],[-31.644,-5.485]],"c":true}]},{"i":{"x":0.2,"y":1},"o":{"x":0.333,"y":0},"t":4,"s":[{"i":[[10.4,25.371],[2.914,0],[8.467,-20.656],[-4,11.745],[-2.443,0],[-8.057,-23.657]],"o":[[-8.467,-20.656],[-2.743,0],[-10.4,25.371],[8.057,-23.657],[2.576,0],[4,11.745]],"v":[[-25.473,-46.628],[-53.701,-67.457],[-81.93,-46.628],[-75.759,-5.485],[-53.701,-28.885],[-31.644,-5.485]],"c":true}]},{"i":{"x":0.833,"y":0.867},"o":{"x":0.8,"y":0},"t":35,"s":[{"i":[[10.4,0.744],[2.816,-0.781],[7.99,-3.723],[-3.781,1.818],[-2.36,0.655],[-8.057,-0.693]],"o":[[-8.467,-0.605],[-2.65,0.735],[-9.813,4.573],[7.616,-3.662],[2.489,-0.69],[4,0.344]],"v":[[-25.473,-44.771],[-52.986,-41.098],[-79.348,-30.007],[-73.709,-31.036],[-53.079,-39.954],[-31.644,-43.565]],"c":true}]},{"i":{"x":0.667,"y":1},"o":{"x":0.167,"y":0.133},"t":61.4,"s":[{"i":[[10.4,13.196],[2.866,-0.386],[8.231,-12.284],[-3.892,6.838],[-2.402,0.324],[-8.057,-12.304]],"o":[[-8.467,-10.743],[-2.697,0.363],[-10.11,15.089],[7.839,-13.772],[2.533,-0.341],[4,6.109]],"v":[[-25.473,-45.71],[-53.348,-54.425],[-80.654,-38.41],[-74.745,-18.118],[-53.394,-34.358],[-31.644,-24.312]],"c":true}]},{"i":{"x":0.68,"y":1},"o":{"x":0.333,"y":0},"t":70.199,"s":[{"i":[[10.4,25.371],[2.914,0],[8.467,-20.656],[-4,11.745],[-2.443,0],[-8.057,-23.657]],"o":[[-8.467,-20.656],[-2.743,0],[-10.4,25.371],[8.057,-23.657],[2.576,0],[4,11.745]],"v":[[-25.473,-46.628],[-53.701,-67.457],[-81.93,-46.628],[-75.759,-5.485],[-53.701,-28.885],[-31.644,-5.485]],"c":true}]},{"i":{"x":0.667,"y":1},"o":{"x":0.333,"y":0},"t":79,"s":[{"i":[[10.4,19.089],[2.889,0.192],[8.343,-14.776],[-3.943,8.475],[-2.421,-0.161],[-8.057,-17.799]],"o":[[-8.467,-15.541],[-2.719,-0.18],[-10.247,18.149],[7.942,-17.07],[2.553,0.169],[4,8.837]],"v":[[-25.473,-45.466],[-53.515,-62.188],[-81.258,-49.09],[-75.225,-17.586],[-53.539,-33.171],[-31.644,-14.511]],"c":true}]},{"i":{"x":0.21,"y":1},"o":{"x":0.333,"y":0},"t":92,"s":[{"i":[[10.4,25.371],[2.914,0],[8.467,-20.656],[-4,11.745],[-2.443,0],[-8.057,-23.657]],"o":[[-8.467,-20.656],[-2.743,0],[-10.4,25.371],[8.057,-23.657],[2.576,0],[4,11.745]],"v":[[-25.473,-46.628],[-53.701,-67.457],[-81.93,-46.628],[-75.759,-5.485],[-53.701,-28.885],[-31.644,-5.485]],"c":true}]},{"i":{"x":0.667,"y":1},"o":{"x":0.66,"y":0},"t":127,"s":[{"i":[[11.032,18.376],[2.723,0.052],[9.884,-13.366],[-4.343,10.083],[-2.441,-0.082],[-7.358,-17.758]],"o":[[-8.982,-14.961],[-2.563,-0.049],[-12.14,16.418],[8.747,-20.31],[2.574,0.087],[3.653,8.817]],"v":[[-27.132,-41.315],[-51.147,-54.729],[-76.855,-42.947],[-77.082,-10.764],[-52.35,-30.377],[-32.992,-13.317]],"c":true}]},{"t":180,"s":[{"i":[[10.4,25.371],[2.914,0],[8.467,-20.656],[-4,11.745],[-2.443,0],[-8.057,-23.657]],"o":[[-8.467,-20.656],[-2.743,0],[-10.4,25.371],[8.057,-23.657],[2.576,0],[4,11.745]],"v":[[-25.473,-46.628],[-53.701,-67.457],[-81.93,-46.628],[-75.759,-5.485],[-53.701,-28.885],[-31.644,-5.485]],"c":true}]}]},"hd":false},{"ty":"fl","c":{"a":0,"k":[1,0.886274516582,0.65098041296,1]},"o":{"a":0,"k":100},"r":1,"bm":0,"hd":false},{"ty":"tr","p":{"a":0,"k":[0,0]},"a":{"a":0,"k":[0,0]},"s":{"a":0,"k":[100,100]},"r":{"a":0,"k":0},"o":{"a":0,"k":100},"sk":{"a":0,"k":0},"sa":{"a":0,"k":0}}],"bm":0,"hd":false},{"ty":"gr","it":[{"ind":0,"ty":"sh","ks":{"a":1,"k":[{"i":{"x":0.667,"y":1},"o":{"x":0.333,"y":0},"t":0,"s":[{"i":[[10.4,25.371],[2.914,0],[8.467,-20.656],[-4,11.745],[-2.443,0],[-8.057,-23.657]],"o":[[-8.467,-20.656],[-2.743,0],[-10.4,25.371],[8.057,-23.657],[2.576,0],[4,11.745]],"v":[[-25.473,-57.628],[-53.701,-78.457],[-81.93,-57.628],[-75.759,-16.485],[-53.701,-39.885],[-31.644,-16.485]],"c":true}]},{"i":{"x":0.2,"y":1},"o":{"x":0.333,"y":0},"t":4,"s":[{"i":[[10.4,25.371],[2.914,0],[8.467,-20.656],[-4,11.745],[-2.443,0],[-8.057,-23.657]],"o":[[-8.467,-20.656],[-2.743,0],[-10.4,25.371],[8.057,-23.657],[2.576,0],[4,11.745]],"v":[[-25.473,-57.628],[-53.701,-78.457],[-81.93,-57.628],[-75.759,-16.485],[-53.701,-39.885],[-31.644,-16.485]],"c":true}]},{"i":{"x":0.833,"y":0.867},"o":{"x":0.8,"y":0},"t":35,"s":[{"i":[[10.4,0.744],[2.816,-0.781],[7.99,-3.723],[-3.781,1.818],[-2.36,0.655],[-8.057,-0.693]],"o":[[-8.467,-0.605],[-2.65,0.735],[-9.813,4.573],[7.616,-3.662],[2.489,-0.69],[4,0.344]],"v":[[-25.473,-45.093],[-52.96,-41.424],[-79.312,-30.336],[-73.673,-31.366],[-53.052,-40.281],[-31.644,-43.887]],"c":true}]},{"i":{"x":0.667,"y":1},"o":{"x":0.167,"y":0.133},"t":61.4,"s":[{"i":[[10.4,13.196],[2.866,-0.386],[8.231,-12.284],[-3.892,6.838],[-2.402,0.324],[-8.057,-12.304]],"o":[[-8.467,-10.743],[-2.697,0.363],[-10.11,15.089],[7.839,-13.772],[2.533,-0.341],[4,6.109]],"v":[[-25.473,-51.431],[-53.335,-60.148],[-80.636,-44.135],[-74.728,-23.842],[-53.381,-40.081],[-31.644,-30.033]],"c":true}]},{"i":{"x":0.68,"y":1},"o":{"x":0.333,"y":0},"t":70.199,"s":[{"i":[[10.4,25.371],[2.914,0],[8.467,-20.656],[-4,11.745],[-2.443,0],[-8.057,-23.657]],"o":[[-8.467,-20.656],[-2.743,0],[-10.4,25.371],[8.057,-23.657],[2.576,0],[4,11.745]],"v":[[-25.473,-57.628],[-53.701,-78.457],[-81.93,-57.628],[-75.759,-16.485],[-53.701,-39.885],[-31.644,-16.485]],"c":true}]},{"i":{"x":0.667,"y":1},"o":{"x":0.333,"y":0},"t":79,"s":[{"i":[[10.4,19.089],[2.889,0.192],[8.343,-14.776],[-3.943,8.475],[-2.421,-0.161],[-8.057,-17.799]],"o":[[-8.467,-15.541],[-2.719,-0.18],[-10.247,18.149],[7.942,-17.07],[2.553,0.169],[4,8.837]],"v":[[-25.473,-53.742],[-53.509,-70.463],[-81.249,-57.364],[-75.216,-25.861],[-53.533,-41.446],[-31.644,-22.787]],"c":true}]},{"i":{"x":0.21,"y":1},"o":{"x":0.333,"y":0},"t":92,"s":[{"i":[[10.4,25.371],[2.914,0],[8.467,-20.656],[-4,11.745],[-2.443,0],[-8.057,-23.657]],"o":[[-8.467,-20.656],[-2.743,0],[-10.4,25.371],[8.057,-23.657],[2.576,0],[4,11.745]],"v":[[-25.473,-57.628],[-53.701,-78.457],[-81.93,-57.628],[-75.759,-16.485],[-53.701,-39.885],[-31.644,-16.485]],"c":true}]},{"i":{"x":0.667,"y":1},"o":{"x":0.66,"y":0},"t":127,"s":[{"i":[[11.032,18.376],[2.723,0.052],[9.884,-13.366],[-4.087,10.19],[-4.242,-0.474],[-4.58,-15.034]],"o":[[-8.982,-14.961],[-2.563,-0.049],[-12.14,16.418],[6.384,-15.917],[2.392,0.267],[2.757,9.05]],"v":[[-27.711,-49.539],[-50.977,-63.572],[-75.774,-50.509],[-76.759,-20.333],[-49.758,-36.651],[-32.67,-21.466]],"c":true}]},{"t":180,"s":[{"i":[[10.4,25.371],[2.914,0],[8.467,-20.656],[-4,11.745],[-2.443,0],[-8.057,-23.657]],"o":[[-8.467,-20.656],[-2.743,0],[-10.4,25.371],[8.057,-23.657],[2.576,0],[4,11.745]],"v":[[-25.473,-57.628],[-53.701,-78.457],[-81.93,-57.628],[-75.759,-16.485],[-53.701,-39.885],[-31.644,-16.485]],"c":true}]}]},"hd":false},{"ty":"fl","c":{"a":0,"k":[1,0.694117665291,0.223529413342,1]},"o":{"a":0,"k":100},"r":1,"bm":0,"hd":false},{"ty":"tr","p":{"a":0,"k":[0,0]},"a":{"a":0,"k":[0,0]},"s":{"a":0,"k":[100,100]},"r":{"a":0,"k":0},"o":{"a":0,"k":60},"sk":{"a":0,"k":0},"sa":{"a":0,"k":0}}],"bm":0,"hd":false},{"ty":"tr","p":{"a":0,"k":[0,0]},"a":{"a":0,"k":[0,0]},"s":{"a":0,"k":[100,100]},"r":{"a":0,"k":0},"o":{"a":0,"k":100},"sk":{"a":0,"k":0},"sa":{"a":0,"k":0}}],"bm":0,"hd":false}],"ip":0,"op":180,"st":0,"bm":0},{"ddd":0,"ind":9,"ty":3,"parent":3,"sr":1,"ks":{"o":{"a":0,"k":0},"p":{"a":0,"k":[218,45.143,0]},"s":{"a":1,"k":[{"i":{"x":[0.34,0.34,0.34],"y":[1,1,1]},"o":{"x":[0.333,0.333,0.333],"y":[0,0,0]},"t":0,"s":[142.857,142.857,100]},{"i":{"x":[0.667,0.667,0.667],"y":[1,1,1]},"o":{"x":[0.66,0.66,0.66],"y":[0,0,0]},"t":35,"s":[125,125,100]},{"i":{"x":[0.34,0.34,0.34],"y":[1,1,1]},"o":{"x":[0.167,0.167,0.167],"y":[0,0,0]},"t":79,"s":[156.857,156.857,100]},{"t":127,"s":[142.857,142.857,100]}]}},"ao":0,"ip":0,"op":180,"st":0,"bm":0},{"ddd":0,"ind":10,"ty":4,"parent":9,"sr":1,"ks":{"p":{"a":0,"k":[0.569,1.2,0]},"a":{"a":0,"k":[0.813,178.857,0]},"s":{"a":1,"k":[{"i":{"x":[0.34,0.34,0.34],"y":[1,1,1]},"o":{"x":[0.333,0.333,0.333],"y":[0,0,0]},"t":0,"s":[70,70,100]},{"i":{"x":[0.667,0.667,0.667],"y":[1,1,1]},"o":{"x":[0.66,0.66,0.66],"y":[0,0,0]},"t":35,"s":[66.5,73.5,100]},{"i":{"x":[0.34,0.34,0.34],"y":[1,1,1]},"o":{"x":[0.333,0.333,0.333],"y":[0,0,0]},"t":79,"s":[73.5,66.5,100]},{"i":{"x":[0.34,0.34,0.34],"y":[1,1,1]},"o":{"x":[0.66,0.66,0.66],"y":[0,0,0]},"t":131,"s":[66.5,73.5,100]},{"t":180,"s":[70,70,100]}]}},"ao":0,"shapes":[{"ty":"gr","it":[{"ty":"gr","it":[{"ind":0,"ty":"sh","ks":{"a":0,"k":{"i":[[0,0],[-7.723,-1.278]],"o":[[0,0],[0,0]],"v":[[15.831,-182.979],[28.421,-181.441]],"c":false}},"hd":false},{"ty":"st","c":{"a":0,"k":[1,1,1,1]},"o":{"a":0,"k":100},"w":{"a":0,"k":6},"lc":2,"lj":2,"bm":0,"hd":false},{"ty":"tr","p":{"a":0,"k":[0,0]},"a":{"a":0,"k":[0,0]},"s":{"a":0,"k":[100,100]},"r":{"a":0,"k":0},"o":{"a":0,"k":100},"sk":{"a":0,"k":0},"sa":{"a":0,"k":0}}],"bm":0,"hd":false},{"ty":"gr","it":[{"ind":0,"ty":"sh","ks":{"a":0,"k":{"i":[[0,0],[-1.644,-0.406]],"o":[[1.538,0.335],[0,0]],"v":[[37.186,-179.76],[41.963,-178.649]],"c":false}},"hd":false},{"ty":"st","c":{"a":0,"k":[1,1,1,1]},"o":{"a":0,"k":100},"w":{"a":0,"k":6},"lc":2,"lj":2,"bm":0,"hd":false},{"ty":"tr","p":{"a":0,"k":[0,0]},"a":{"a":0,"k":[0,0]},"s":{"a":0,"k":[100,100]},"r":{"a":0,"k":0},"o":{"a":0,"k":100},"sk":{"a":0,"k":0},"sa":{"a":0,"k":0}}],"bm":0,"hd":false},{"ty":"tr","p":{"a":0,"k":[0,0]},"a":{"a":0,"k":[0,0]},"s":{"a":0,"k":[100,100]},"r":{"a":0,"k":0},"o":{"a":0,"k":100},"sk":{"a":0,"k":0},"sa":{"a":0,"k":0}}],"bm":0,"hd":false},{"ty":"gr","it":[{"ind":0,"ty":"sh","ks":{"a":0,"k":{"i":[[0,-72.643],[82.438,0],[0,72.643],[-82.438,0]],"o":[[0,72.643],[-82.438,0],[0,-72.643],[82.438,0]],"v":[[150.08,-52.447],[0.813,-37.268],[-148.455,-52.447],[0.813,-183.979]],"c":true}},"hd":false},{"ty":"fl","c":{"a":0,"k":[1,0.874509811401,0.474509805441,1]},"o":{"a":0,"k":100},"r":1,"bm":0,"hd":false},{"ty":"tr","p":{"a":0,"k":[0,0]},"a":{"a":0,"k":[0,0]},"s":{"a":0,"k":[100,100]},"r":{"a":0,"k":0},"o":{"a":0,"k":90},"sk":{"a":0,"k":0},"sa":{"a":0,"k":0}}],"bm":0,"hd":false},{"ty":"gr","it":[{"ind":0,"ty":"sh","ks":{"a":0,"k":{"i":[[1.457,-95.029],[92.978,1.425],[-1.457,95.029],[-92.978,-1.425]],"o":[[-1.457,95.029],[-92.978,-1.425],[1.457,-95.029],[92.978,1.425]],"v":[[169.22,-9.306],[-1.769,160.178],[-167.483,-14.466],[3.506,-183.95]],"c":true}},"hd":false},{"ty":"fl","c":{"a":0,"k":[1,0.819607853889,0.250980407,1]},"o":{"a":0,"k":100},"r":1,"bm":0,"hd":false},{"ty":"tr","p":{"a":0,"k":[0,0]},"a":{"a":0,"k":[0,0]},"s":{"a":0,"k":[100,100]},"r":{"a":0,"k":0},"o":{"a":0,"k":100},"sk":{"a":0,"k":0},"sa":{"a":0,"k":0}}],"bm":0,"hd":false},{"ty":"gr","it":[{"ind":0,"ty":"sh","ks":{"a":0,"k":{"i":[[0,-104.313],[104.313,0],[0,104.313],[-104.313,0]],"o":[[0,104.313],[-104.313,0],[0,-104.313],[104.313,0]],"v":[[189.688,-10.018],[0.813,178.857],[-188.063,-10.018],[0.813,-198.894]],"c":true}},"hd":false},{"ty":"st","c":{"a":0,"k":[0.96862745285,0.494117647409,0.254901975393,1]},"o":{"a":0,"k":100},"w":{"a":0,"k":8},"lc":1,"lj":1,"ml":10,"bm":0,"hd":false},{"ty":"fl","c":{"a":0,"k":[1,0.694117665291,0.223529413342,1]},"o":{"a":0,"k":100},"r":1,"bm":0,"hd":false},{"ty":"tr","p":{"a":0,"k":[0,0]},"a":{"a":0,"k":[0,0]},"s":{"a":0,"k":[100,100]},"r":{"a":0,"k":0},"o":{"a":0,"k":100},"sk":{"a":0,"k":0},"sa":{"a":0,"k":0}}],"bm":0,"hd":false},{"ty":"gr","it":[{"ind":0,"ty":"sh","ks":{"a":0,"k":{"i":[[0,-108.261],[108.261,0],[0,108.261],[-108.261,0]],"o":[[0,108.261],[-108.261,0],[0,-108.261],[108.261,0]],"v":[[196.837,4.982],[0.813,201.006],[-195.212,4.982],[0.813,-191.043]],"c":true}},"hd":false},{"ty":"fl","c":{"a":0,"k":[0,0,0,1]},"o":{"a":0,"k":100},"r":1,"bm":0,"hd":false},{"ty":"tr","p":{"a":0,"k":[0,0]},"a":{"a":0,"k":[0,0]},"s":{"a":0,"k":[100,100]},"r":{"a":0,"k":0},"o":{"a":0,"k":10},"sk":{"a":0,"k":0},"sa":{"a":0,"k":0}}],"bm":0,"hd":false}],"ip":0,"op":180,"st":0,"bm":0}]}