{"tgs":1,"v":"5.5.2","fr":60,"ip":0,"op":180,"w":512,"h":512,"nm":"Comp 1","ddd":0,"assets":[],"layers":[{"ddd":0,"ind":1,"ty":3,"nm":"NULL FACE","parent":8,"sr":1,"ks":{"o":{"a":0,"k":0},"r":{"a":1,"k":[{"i":{"x":[0.4],"y":[1]},"o":{"x":[0.4],"y":[0]},"t":24,"s":[0]},{"i":{"x":[0.4],"y":[1]},"o":{"x":[0.311],"y":[0]},"t":43,"s":[-12]},{"i":{"x":[0.704],"y":[1]},"o":{"x":[0.334],"y":[0]},"t":59,"s":[-10]},{"i":{"x":[0.6],"y":[1]},"o":{"x":[0.6],"y":[0]},"t":103,"s":[-10]},{"i":{"x":[0.4],"y":[1]},"o":{"x":[0.4],"y":[0]},"t":121,"s":[4]},{"t":138,"s":[0]}]},"p":{"a":1,"k":[{"i":{"x":0.6,"y":1},"o":{"x":0.7,"y":0},"t":0,"s":[1,-7,0],"to":[0,0,0],"ti":[0,0,0]},{"i":{"x":0.3,"y":1},"o":{"x":0.4,"y":0},"t":21,"s":[1,-54.989,0],"to":[0,0,0],"ti":[0,0,0]},{"i":{"x":0.3,"y":1},"o":{"x":0.316,"y":0},"t":40,"s":[6,45,0],"to":[0,0,0],"ti":[0,0,0]},{"i":{"x":0.7,"y":0.7},"o":{"x":0.167,"y":0.167},"t":56,"s":[6,25,0],"to":[0,0,0],"ti":[0,0,0]},{"i":{"x":0.696,"y":1},"o":{"x":0.6,"y":0},"t":85,"s":[6,25,0],"to":[0,0,0],"ti":[0,0,0]},{"i":{"x":0.605,"y":1},"o":{"x":0.7,"y":0},"t":99,"s":[6,51,0],"to":[0,0,0],"ti":[0,0,0]},{"i":{"x":0.4,"y":1},"o":{"x":0.4,"y":0},"t":117,"s":[1,-64.87,0],"to":[0,0,0],"ti":[0,0,0]},{"i":{"x":0.212,"y":1},"o":{"x":0.3,"y":0},"t":136,"s":[1,7,0],"to":[0,0,0],"ti":[0,0,0]},{"t":179,"s":[1,-7,0]}]},"a":{"a":0,"k":[50,50,0]}},"ao":0,"ip":0,"op":180,"st":0,"bm":0},{"ddd":0,"ind":2,"ty":4,"nm":"Star Shine","parent":4,"sr":1,"ks":{"r":{"a":1,"k":[{"i":{"x":[0.7],"y":[1]},"o":{"x":[0.3],"y":[0]},"t":28,"s":[0]},{"t":88,"s":[250]}]},"p":{"a":1,"k":[{"i":{"x":0.318,"y":1},"o":{"x":0.352,"y":0},"t":33,"s":[-2.774,64.294,0],"to":[47.213,9.78,0],"ti":[0,0,0]},{"t":82,"s":[86.467,52.57,0]}]},"a":{"a":0,"k":[90.564,58.333,0]},"s":{"a":0,"k":[110,110,100]}},"ao":0,"shapes":[{"ty":"gr","it":[{"ind":0,"ty":"sh","ks":{"a":1,"k":[{"i":{"x":0.833,"y":0.833},"o":{"x":0.3,"y":0},"t":33,"s":[{"i":[[-0.326,-0.034],[0,0],[0,0],[0.034,-0.326],[0,0],[0,0],[0.326,0.034],[0,0],[0,0],[-0.034,0.326],[0,0],[0,0]],"o":[[0,0],[0,0],[-0.326,0.034],[0,0],[0,0],[-0.034,-0.326],[0,0],[0,0],[0.326,-0.034],[0,0],[0,0],[0.034,0.326]],"v":[[91.248,58.266],[91.896,58.333],[91.248,58.4],[90.631,59.017],[90.564,59.666],[90.497,59.017],[89.88,58.4],[89.231,58.333],[89.88,58.266],[90.497,57.649],[90.564,57.001],[90.631,57.649]],"c":true}]},{"i":{"x":0.833,"y":0.833},"o":{"x":0.167,"y":0.167},"t":44,"s":[{"i":[[-9,-0.929],[0,0],[0,0],[0.929,-9],[0,0],[0,0],[9,0.929],[0,0],[0,0],[-0.929,9],[0,0],[0,0]],"o":[[0,0],[0,0],[-9,0.929],[0,0],[0,0],[-0.929,-9],[0,0],[0,0],[9,-0.929],[0,0],[0,0],[0.929,9]],"v":[[109.455,56.485],[127.363,58.333],[109.455,60.182],[92.412,77.225],[90.564,95.132],[88.715,77.225],[71.672,60.182],[53.765,58.333],[71.672,56.485],[88.715,39.442],[90.564,21.534],[92.412,39.442]],"c":true}]},{"i":{"x":0.833,"y":0.833},"o":{"x":0.167,"y":0.167},"t":55,"s":[{"i":[[-9.189,-0.948],[0,0],[0,0],[0.948,-9.189],[0,0],[0,0],[9.189,0.948],[0,0],[0,0],[-0.948,9.189],[0,0],[0,0]],"o":[[0,0],[0,0],[-9.189,0.948],[0,0],[0,0],[-0.948,-9.189],[0,0],[0,0],[9.189,-0.948],[0,0],[0,0],[0.948,9.189]],"v":[[109.851,56.446],[128.135,58.333],[109.851,60.22],[92.451,77.621],[90.564,95.904],[88.677,77.621],[71.276,60.22],[52.993,58.333],[71.276,56.446],[88.677,39.046],[90.564,20.762],[92.451,39.046]],"c":true}]},{"i":{"x":0.833,"y":0.833},"o":{"x":0.167,"y":0.167},"t":69,"s":[{"i":[[-10.768,-1.111],[0,0],[0,0],[1.111,-10.768],[0,0],[0,0],[10.768,1.111],[0,0],[0,0],[-1.111,10.768],[0,0],[0,0]],"o":[[0,0],[0,0],[-10.768,1.111],[0,0],[0,0],[-1.111,-10.768],[0,0],[0,0],[10.768,-1.111],[0,0],[0,0],[1.111,10.768]],"v":[[113.165,56.122],[134.59,58.333],[113.165,60.545],[92.775,80.935],[90.564,102.36],[88.352,80.935],[67.962,60.545],[46.537,58.333],[67.962,56.122],[88.352,35.732],[90.564,14.307],[92.775,35.732]],"c":true}]},{"i":{"x":0.7,"y":1},"o":{"x":0.167,"y":0.167},"t":76,"s":[{"i":[[-24.623,0.639],[0,0],[0,0],[1.381,-27.283],[0,0],[0,0],[27.284,-1.667],[0,0],[0,0],[0.279,24.817],[0,0],[0,0]],"o":[[0,0],[0,0],[-25.414,-2.443],[0,0],[0,0],[2.252,-28.775],[0,0],[0,0],[26.643,-1.693],[0,0],[0,0],[1.065,22.61]],"v":[[121.374,56.711],[157.752,59.201],[121.654,59.209],[91.941,89.84],[90.679,121.041],[89.497,90.124],[59.178,59.623],[20.987,59.183],[59.784,56.371],[89.673,27.118],[90.679,-4.374],[92.687,26.603]],"c":true}]},{"t":82,"s":[{"i":[[-0.326,-0.034],[0,0],[0,0],[0.034,-0.326],[0,0],[0,0],[0.326,0.034],[0,0],[0,0],[-0.034,0.326],[0,0],[0,0]],"o":[[0,0],[0,0],[-0.326,0.034],[0,0],[0,0],[-0.034,-0.326],[0,0],[0,0],[0.326,-0.034],[0,0],[0,0],[0.034,0.326]],"v":[[91.248,58.266],[91.896,58.333],[91.248,58.4],[90.631,59.017],[90.564,59.666],[90.497,59.017],[89.88,58.4],[89.231,58.333],[89.88,58.266],[90.497,57.649],[90.564,57.001],[90.631,57.649]],"c":true}]}]},"nm":"Path 1","hd":false},{"ty":"fl","c":{"a":0,"k":[1,1,1,1]},"o":{"a":0,"k":100},"r":1,"bm":0,"nm":"Fill 1","hd":false},{"ty":"tr","p":{"a":0,"k":[0,0]},"a":{"a":0,"k":[0,0]},"s":{"a":0,"k":[100,100]},"r":{"a":0,"k":0},"o":{"a":0,"k":100},"sk":{"a":0,"k":0},"sa":{"a":0,"k":0},"nm":"Transform"}],"nm":"Group 1","bm":0,"hd":false}],"ip":33,"op":83,"st":0,"bm":0},{"ddd":0,"ind":3,"ty":4,"nm":"Glasses","parent":1,"sr":1,"ks":{"r":{"a":1,"k":[{"i":{"x":[0.7],"y":[1]},"o":{"x":[0.6],"y":[0]},"t":100,"s":[0]},{"i":{"x":[0.4],"y":[1]},"o":{"x":[0.3],"y":[0]},"t":121,"s":[-2]},{"t":140,"s":[0]}]},"p":{"a":1,"k":[{"i":{"x":0.3,"y":1},"o":{"x":0.4,"y":0},"t":21,"s":[47.989,6.05,0],"to":[0,0,0],"ti":[0,0,0]},{"i":{"x":0.3,"y":1},"o":{"x":0.3,"y":0},"t":43,"s":[47.989,66.05,0],"to":[0,0,0],"ti":[0,0,0]},{"i":{"x":0.658,"y":0.658},"o":{"x":0.297,"y":0.297},"t":59,"s":[47.989,56.05,0],"to":[0,0,0],"ti":[0,0,0]},{"i":{"x":0.694,"y":1},"o":{"x":0.6,"y":0},"t":86,"s":[47.989,56.05,0],"to":[0,0,0],"ti":[0,0,0]},{"i":{"x":0.7,"y":1},"o":{"x":0.7,"y":0},"t":100,"s":[46.756,63.042,0],"to":[0,0,0],"ti":[0,0,0]},{"i":{"x":0.4,"y":1},"o":{"x":0.4,"y":0},"t":121,"s":[47.652,-21.542,0],"to":[0,0,0],"ti":[0,0,0]},{"i":{"x":0.2,"y":1},"o":{"x":0.3,"y":0},"t":140,"s":[47.991,23.236,0],"to":[0,0,0],"ti":[0,0,0]},{"t":164,"s":[47.989,6.05,0]}]},"a":{"a":0,"k":[-1.011,-50.95,0]}},"ao":0,"shapes":[{"ty":"gr","it":[{"ind":0,"ty":"sh","ks":{"a":1,"k":[{"i":{"x":0.6,"y":1},"o":{"x":0.68,"y":0},"t":0,"s":[{"i":[[3.37,-13.2],[9.2,-6.66],[17.32,0],[0.44,0.01],[5.35,1.09],[4.24,2.67],[2.12,2.05],[3.7,7.43],[0.96,6.1],[-29.25,4.17],[-8.55,0.5],[-4.97,0.01],[-4.34,-0.51],[-2.42,-0.74],[-1.43,-1.38]],"o":[[-4.46,17.49],[-6.65,4.82],[-0.44,0],[-6.11,-0.02],[-4.75,-0.96],[-2.24,-1.4],[-5.15,-4.98],[-4.19,-8.43],[-1.29,-8.2],[6.69,-0.96],[6.58,-0.38],[6.9,-0.01],[4.12,0.49],[1.88,0.58],[4.41,4.21]],"v":[[133.95,-35.96],[114.09,1.44],[79.83,10.78],[78.52,10.77],[61.36,9.39],[47.89,4.15],[41.35,-1],[27.84,-20.62],[19.75,-43.87],[59.65,-64.36],[82.49,-66.56],[99.73,-67.12],[116.43,-66.31],[126.09,-64.42],[131.1,-61.51]],"c":true}]},{"i":{"x":0.3,"y":1},"o":{"x":0.4,"y":0},"t":21,"s":[{"i":[[3.366,-12.108],[9.196,-6.114],[17.32,0],[0.44,0.001],[5.351,0.992],[4.248,2.435],[2.12,1.88],[3.695,6.818],[0.96,5.595],[-29.247,3.849],[-8.55,0.453],[-4.97,0.007],[-4.339,-0.473],[-2.418,-0.684],[-1.437,-1.258]],"o":[[-4.46,16.042],[-6.65,4.421],[-0.44,0],[-6.11,-0.018],[-4.75,-0.881],[-2.24,-1.284],[-5.15,-4.568],[-4.19,-7.732],[-1.29,-7.521],[6.69,-0.881],[6.58,-0.349],[6.9,-0.009],[4.12,0.449],[1.88,0.532],[4.41,3.861]],"v":[[133.95,-39.647],[114.09,-5.344],[79.83,3.223],[78.52,3.214],[61.36,1.948],[47.89,-2.858],[41.35,-7.582],[27.84,-25.577],[19.75,-46.902],[59.65,-65.696],[82.49,-67.713],[99.73,-68.227],[116.43,-67.484],[126.09,-65.751],[131.1,-63.082]],"c":true}]},{"i":{"x":0.3,"y":1},"o":{"x":0.3,"y":0},"t":39,"s":[{"i":[[3.366,-11.381],[9.197,-5.747],[17.32,0],[0.44,0.001],[5.351,0.932],[4.246,2.288],[2.12,1.767],[3.695,6.409],[0.96,5.259],[-29.248,3.618],[-8.55,0.426],[-4.97,0.006],[-4.34,-0.445],[-2.419,-0.643],[-1.435,-1.181]],"o":[[-4.46,15.078],[-6.65,4.155],[-0.44,0],[-6.11,-0.017],[-4.75,-0.828],[-2.24,-1.207],[-5.15,-4.293],[-4.19,-7.267],[-1.29,-7.069],[6.69,-0.828],[6.58,-0.328],[6.9,-0.009],[4.12,0.422],[1.88,0.5],[4.41,3.629]],"v":[[141.45,-50.149],[114.09,-17.907],[79.83,-9.856],[78.52,-9.864],[61.36,-11.054],[47.89,-15.571],[41.35,-20.011],[27.84,-36.925],[19.75,-56.968],[59.4,-72.632],[82.24,-74.529],[99.48,-75.011],[123.68,-74.313],[133.34,-72.934],[138.475,-70.675]],"c":true}]},{"i":{"x":0.6,"y":1},"o":{"x":0.6,"y":0},"t":99,"s":[{"i":[[3.366,-11.381],[9.197,-5.747],[17.32,0],[0.44,0.001],[5.351,0.932],[4.246,2.288],[2.12,1.767],[3.695,6.409],[0.96,5.259],[-29.248,3.618],[-8.55,0.426],[-4.97,0.006],[-4.34,-0.445],[-2.419,-0.643],[-1.435,-1.181]],"o":[[-4.46,15.078],[-6.65,4.155],[-0.44,0],[-6.11,-0.017],[-4.75,-0.828],[-2.24,-1.207],[-5.15,-4.293],[-4.19,-7.267],[-1.29,-7.069],[6.69,-0.828],[6.58,-0.328],[6.9,-0.009],[4.12,0.422],[1.88,0.5],[4.41,3.629]],"v":[[141.45,-50.149],[114.09,-17.907],[79.83,-9.856],[78.52,-9.864],[61.36,-11.054],[47.89,-15.571],[41.35,-20.011],[27.84,-36.925],[19.75,-56.968],[59.4,-72.632],[82.24,-74.529],[99.48,-75.011],[123.68,-74.313],[133.34,-72.934],[138.475,-70.675]],"c":true}]},{"i":{"x":0.3,"y":1},"o":{"x":0.4,"y":0},"t":117,"s":[{"i":[[3.366,-12.108],[9.196,-6.114],[17.32,0],[0.44,0.001],[5.351,0.992],[4.248,2.435],[2.12,1.88],[3.695,6.818],[0.96,5.595],[-29.247,3.849],[-8.55,0.453],[-4.97,0.007],[-4.339,-0.473],[-2.418,-0.684],[-1.437,-1.258]],"o":[[-4.46,16.042],[-6.65,4.421],[-0.44,0],[-6.11,-0.018],[-4.75,-0.881],[-2.24,-1.284],[-5.15,-4.568],[-4.19,-7.732],[-1.29,-7.521],[6.69,-0.881],[6.58,-0.349],[6.9,-0.009],[4.12,0.449],[1.88,0.532],[4.41,3.861]],"v":[[133.95,-39.647],[114.09,-5.344],[79.83,3.223],[78.52,3.214],[61.36,1.948],[47.89,-2.858],[41.35,-7.582],[27.84,-25.577],[19.75,-46.902],[59.65,-65.696],[82.49,-67.713],[99.73,-68.227],[116.43,-67.484],[126.09,-65.751],[131.1,-63.082]],"c":true}]},{"t":134,"s":[{"i":[[3.37,-13.2],[9.2,-6.66],[17.32,0],[0.44,0.01],[5.35,1.09],[4.24,2.67],[2.12,2.05],[3.7,7.43],[0.96,6.1],[-29.25,4.17],[-8.55,0.5],[-4.97,0.01],[-4.34,-0.51],[-2.42,-0.74],[-1.43,-1.38]],"o":[[-4.46,17.49],[-6.65,4.82],[-0.44,0],[-6.11,-0.02],[-4.75,-0.96],[-2.24,-1.4],[-5.15,-4.98],[-4.19,-8.43],[-1.29,-8.2],[6.69,-0.96],[6.58,-0.38],[6.9,-0.01],[4.12,0.49],[1.88,0.58],[4.41,4.21]],"v":[[133.95,-35.96],[114.09,1.44],[79.83,10.78],[78.52,10.77],[61.36,9.39],[47.89,4.15],[41.35,-1],[27.84,-20.62],[19.75,-43.87],[59.65,-64.36],[82.49,-66.56],[99.73,-67.12],[116.43,-66.31],[126.09,-64.42],[131.1,-61.51]],"c":true}]}]},"nm":"Path 1","hd":false},{"ty":"gf","o":{"a":0,"k":100},"r":1,"bm":0,"g":{"p":3,"k":{"a":0,"k":[0,1,1,1,0.458,0.5,0.5,0.5,1,0,0,0]}},"s":{"a":1,"k":[{"i":{"x":0.6,"y":1},"o":{"x":0.68,"y":0},"t":3,"s":[77,-85],"to":[0,0],"ti":[0,0]},{"i":{"x":0.6,"y":1},"o":{"x":0.7,"y":0},"t":21,"s":[77,-70],"to":[0,0],"ti":[0,0]},{"i":{"x":0.3,"y":1},"o":{"x":0.4,"y":0},"t":39,"s":[77,-160],"to":[0,0],"ti":[0,0]},{"i":{"x":0.833,"y":0.833},"o":{"x":0.68,"y":0.68},"t":56,"s":[77,-130],"to":[0,0],"ti":[0,0]},{"i":{"x":0.6,"y":1},"o":{"x":0.6,"y":0},"t":85,"s":[77,-130],"to":[0,0],"ti":[0,0]},{"i":{"x":0.6,"y":1},"o":{"x":0.7,"y":0},"t":99,"s":[77,-160],"to":[0,0],"ti":[0,0]},{"i":{"x":0.3,"y":1},"o":{"x":0.4,"y":0},"t":117,"s":[77,-70],"to":[0,0],"ti":[0,0]},{"i":{"x":0.3,"y":1},"o":{"x":0.4,"y":0},"t":138,"s":[77,-110],"to":[0,0],"ti":[0,0]},{"t":159,"s":[77,-85]}]},"e":{"a":1,"k":[{"i":{"x":0.6,"y":1},"o":{"x":0.7,"y":0},"t":3,"s":[77,-35],"to":[0,0],"ti":[0,0]},{"i":{"x":0.6,"y":1},"o":{"x":0.7,"y":0},"t":21,"s":[77,10],"to":[0,0],"ti":[0,0]},{"i":{"x":0.3,"y":1},"o":{"x":0.4,"y":0},"t":39,"s":[77,-30],"to":[0,0],"ti":[0,0]},{"i":{"x":0.833,"y":0.833},"o":{"x":0.7,"y":0.7},"t":56,"s":[77,-40],"to":[0,0],"ti":[0,0]},{"i":{"x":0.6,"y":1},"o":{"x":0.6,"y":0},"t":85,"s":[77,-40],"to":[0,0],"ti":[0,0]},{"i":{"x":0.6,"y":1},"o":{"x":0.7,"y":0},"t":99,"s":[77,-30],"to":[0,0],"ti":[0,0]},{"i":{"x":0.3,"y":1},"o":{"x":0.4,"y":0},"t":117,"s":[77,20],"to":[0,0],"ti":[0,0]},{"i":{"x":0.3,"y":0.3},"o":{"x":0.4,"y":0.4},"t":138,"s":[77,-35],"to":[0,0],"ti":[0,0]},{"t":159,"s":[77,-35]}]},"t":1,"nm":"Gradient Fill 3","hd":false},{"ty":"tr","p":{"a":0,"k":[0,0]},"a":{"a":0,"k":[0,0]},"s":{"a":0,"k":[100,100]},"r":{"a":0,"k":0},"o":{"a":0,"k":100},"sk":{"a":0,"k":0},"sa":{"a":0,"k":0},"nm":"Transform"}],"nm":"Group 2","bm":0,"hd":false},{"ty":"gr","it":[{"ind":0,"ty":"sh","ks":{"a":1,"k":[{"i":{"x":0.6,"y":1},"o":{"x":0.68,"y":0},"t":0,"s":[{"i":[[-47.459,2.701],[-7.032,-2.125],[4.605,-17.762],[9.504,-6.765],[17.896,0],[11.334,10.784],[1.86,11.667]],"o":[[25.216,-1.435],[7.949,2.403],[-4.605,17.762],[-6.871,4.891],[-15.486,0],[-11.334,-10.784],[-1.629,-10.223]],"v":[[83.179,-64.442],[125.775,-63.85],[134.892,-34.943],[116.766,3.528],[80.366,14],[39.617,1.049],[19.902,-43.368]],"c":true}]},{"i":{"x":0.3,"y":1},"o":{"x":0.4,"y":0},"t":21,"s":[{"i":[[-44.925,2.336],[-6.656,-1.838],[4.359,-15.362],[8.997,-5.851],[16.94,0],[10.729,9.326],[1.76,10.091]],"o":[[23.869,-1.241],[7.524,2.078],[-4.359,15.362],[-6.504,4.23],[-14.659,0],[-10.729,-9.326],[-1.542,-8.842]],"v":[[82.189,-65.851],[122.511,-65.339],[131.141,-40.339],[113.983,-7.067],[79.527,1.989],[40.955,-9.212],[22.292,-47.625]],"c":true}]},{"i":{"x":0.3,"y":1},"o":{"x":0.3,"y":0},"t":39,"s":[{"i":[[-47.459,2.312],[-7.032,-1.82],[4.605,-15.207],[9.504,-5.792],[17.896,0],[11.334,9.232],[1.86,9.989]],"o":[[25.216,-1.228],[7.949,2.057],[-4.605,15.207],[-6.871,4.187],[-15.486,0],[-11.334,-9.232],[-1.629,-8.753]],"v":[[83.179,-70.707],[133.275,-70.2],[142.392,-45.452],[116.766,-12.516],[80.366,-3.55],[39.617,-14.639],[19.902,-52.665]],"c":true}]},{"i":{"x":0.6,"y":1},"o":{"x":0.6,"y":0},"t":99,"s":[{"i":[[-47.459,2.312],[-7.032,-1.82],[4.605,-15.207],[9.504,-5.792],[17.896,0],[11.334,9.232],[1.86,9.989]],"o":[[25.216,-1.228],[7.949,2.057],[-4.605,15.207],[-6.871,4.187],[-15.486,0],[-11.334,-9.232],[-1.629,-8.753]],"v":[[83.179,-70.707],[133.275,-70.2],[142.392,-45.452],[116.766,-12.516],[80.366,-3.55],[39.617,-14.639],[19.902,-52.665]],"c":true}]},{"i":{"x":0.3,"y":1},"o":{"x":0.4,"y":0},"t":117,"s":[{"i":[[-44.925,2.336],[-6.656,-1.838],[4.359,-15.362],[8.997,-5.851],[16.94,0],[10.729,9.326],[1.76,10.091]],"o":[[23.869,-1.241],[7.524,2.078],[-4.359,15.362],[-6.504,4.23],[-14.659,0],[-10.729,-9.326],[-1.542,-8.842]],"v":[[82.189,-65.851],[122.511,-65.339],[131.141,-40.339],[113.983,-7.067],[79.527,1.989],[40.955,-9.212],[22.292,-47.625]],"c":true}]},{"t":134,"s":[{"i":[[-47.459,2.701],[-7.032,-2.125],[4.605,-17.762],[9.504,-6.765],[17.896,0],[11.334,10.784],[1.86,11.667]],"o":[[25.216,-1.435],[7.949,2.403],[-4.605,17.762],[-6.871,4.891],[-15.486,0],[-11.334,-10.784],[-1.629,-10.223]],"v":[[83.179,-64.442],[125.775,-63.85],[134.892,-34.943],[116.766,3.528],[80.366,14],[39.617,1.049],[19.902,-43.368]],"c":true}]}]},"nm":"Path 1","hd":false},{"ty":"fl","c":{"a":0,"k":[1,1,1,1]},"o":{"a":0,"k":100},"r":1,"bm":0,"nm":"Fill 1","hd":false},{"ty":"tr","p":{"a":0,"k":[0,0]},"a":{"a":0,"k":[0,0]},"s":{"a":0,"k":[100,100]},"r":{"a":0,"k":0},"o":{"a":0,"k":35},"sk":{"a":0,"k":0},"sa":{"a":0,"k":0},"nm":"Transform"}],"nm":"Group 3","bm":0,"hd":false},{"ty":"gr","it":[{"ind":0,"ty":"sh","ks":{"a":1,"k":[{"i":{"x":0.6,"y":1},"o":{"x":0.68,"y":0},"t":0,"s":[{"i":[[45.941,2.658],[6.807,-2.092],[-4.457,-17.486],[-9.2,-6.66],[-17.324,0],[-10.971,10.616],[-1.8,11.486]],"o":[[-24.409,-1.412],[-7.695,2.365],[4.457,17.486],[6.651,4.815],[14.991,0],[10.971,-10.616],[1.577,-10.064]],"v":[[-84.513,-66.56],[-128.115,-64.416],[-135.972,-35.959],[-116.115,1.441],[-81.849,10.782],[-43.372,-1],[-21.772,-43.873]],"c":true}]},{"i":{"x":0.3,"y":1},"o":{"x":0.4,"y":0},"t":21,"s":[{"i":[[45.941,2.438],[6.807,-1.919],[-4.457,-16.038],[-9.2,-6.108],[-17.324,0],[-10.971,9.737],[-1.8,10.535]],"o":[[-24.409,-1.295],[-7.695,2.169],[4.457,16.038],[6.651,4.416],[14.991,0],[10.971,-9.737],[1.577,-9.231]],"v":[[-84.513,-67.714],[-128.115,-65.747],[-135.972,-39.646],[-116.115,-5.343],[-81.849,3.225],[-43.372,-7.582],[-21.772,-46.905]],"c":true}]},{"i":{"x":0.3,"y":1},"o":{"x":0.3,"y":0},"t":39,"s":[{"i":[[45.941,2.348],[6.807,-1.848],[-4.457,-15.443],[-9.2,-5.882],[-17.324,0],[-10.971,9.376],[-1.029,10.251]],"o":[[-24.409,-1.247],[-7.695,2.089],[4.457,15.443],[6.651,4.252],[14.991,0],[10.971,-9.376],[0.772,-7.698]],"v":[[-85.263,-75.339],[-135.865,-74.695],[-143.472,-50.812],[-116.115,-17.78],[-81.849,-9.531],[-43.372,-19.936],[-21.772,-57.802]],"c":true}]},{"i":{"x":0.6,"y":1},"o":{"x":0.6,"y":0},"t":99,"s":[{"i":[[45.941,2.348],[6.807,-1.848],[-4.457,-15.443],[-9.2,-5.882],[-17.324,0],[-10.971,9.376],[-1.029,10.251]],"o":[[-24.409,-1.247],[-7.695,2.089],[4.457,15.443],[6.651,4.252],[14.991,0],[10.971,-9.376],[0.772,-7.698]],"v":[[-85.263,-75.339],[-135.865,-74.695],[-143.472,-50.812],[-116.115,-17.78],[-81.849,-9.531],[-43.372,-19.936],[-21.772,-57.802]],"c":true}]},{"i":{"x":0.3,"y":1},"o":{"x":0.4,"y":0},"t":117,"s":[{"i":[[45.941,2.438],[6.807,-1.919],[-4.457,-16.038],[-9.2,-6.108],[-17.324,0],[-10.971,9.737],[-1.8,10.535]],"o":[[-24.409,-1.295],[-7.695,2.169],[4.457,16.038],[6.651,4.416],[14.991,0],[10.971,-9.737],[1.577,-9.231]],"v":[[-84.513,-67.714],[-128.115,-65.747],[-135.972,-39.646],[-116.115,-5.343],[-81.849,3.225],[-43.372,-7.582],[-21.772,-46.905]],"c":true}]},{"t":134,"s":[{"i":[[45.941,2.658],[6.807,-2.092],[-4.457,-17.486],[-9.2,-6.66],[-17.324,0],[-10.971,10.616],[-1.8,11.486]],"o":[[-24.409,-1.412],[-7.695,2.365],[4.457,17.486],[6.651,4.815],[14.991,0],[10.971,-10.616],[1.577,-10.064]],"v":[[-84.513,-66.56],[-128.115,-64.416],[-135.972,-35.959],[-116.115,1.441],[-81.849,10.782],[-43.372,-1],[-21.772,-43.873]],"c":true}]}]},"nm":"Path 1","hd":false},{"ty":"gf","o":{"a":0,"k":100},"r":1,"bm":0,"g":{"p":3,"k":{"a":0,"k":[0,1,1,1,0.458,0.5,0.5,0.5,1,0,0,0]}},"s":{"a":1,"k":[{"i":{"x":0.6,"y":1},"o":{"x":0.68,"y":0},"t":3,"s":[-80,-85],"to":[0,0],"ti":[0,0]},{"i":{"x":0.6,"y":1},"o":{"x":0.7,"y":0},"t":21,"s":[-80,-70],"to":[0,0],"ti":[0,0]},{"i":{"x":0.3,"y":1},"o":{"x":0.4,"y":0},"t":39,"s":[-80,-160],"to":[0,0],"ti":[0,0]},{"i":{"x":0.833,"y":0.833},"o":{"x":0.68,"y":0.68},"t":56,"s":[-80,-130],"to":[0,0],"ti":[0,0]},{"i":{"x":0.6,"y":1},"o":{"x":0.6,"y":0},"t":85,"s":[-80,-130],"to":[0,0],"ti":[0,0]},{"i":{"x":0.6,"y":1},"o":{"x":0.7,"y":0},"t":99,"s":[-80,-160],"to":[0,0],"ti":[0,0]},{"i":{"x":0.3,"y":1},"o":{"x":0.4,"y":0},"t":117,"s":[-80,-70],"to":[0,0],"ti":[0,0]},{"i":{"x":0.3,"y":1},"o":{"x":0.4,"y":0},"t":138,"s":[-80,-110],"to":[0,0],"ti":[0,0]},{"t":159,"s":[-80,-85]}]},"e":{"a":1,"k":[{"i":{"x":0.6,"y":1},"o":{"x":0.7,"y":0},"t":3,"s":[-80,-35],"to":[0,0],"ti":[0,0]},{"i":{"x":0.6,"y":1},"o":{"x":0.7,"y":0},"t":21,"s":[-80,10],"to":[0,0],"ti":[0,0]},{"i":{"x":0.3,"y":1},"o":{"x":0.4,"y":0},"t":39,"s":[-80,-30],"to":[0,0],"ti":[0,0]},{"i":{"x":0.833,"y":0.833},"o":{"x":0.7,"y":0.7},"t":56,"s":[-80,-40],"to":[0,0],"ti":[0,0]},{"i":{"x":0.6,"y":1},"o":{"x":0.6,"y":0},"t":85,"s":[-80,-40],"to":[0,0],"ti":[0,0]},{"i":{"x":0.6,"y":1},"o":{"x":0.7,"y":0},"t":99,"s":[-80,-30],"to":[0,0],"ti":[0,0]},{"i":{"x":0.3,"y":1},"o":{"x":0.4,"y":0},"t":117,"s":[-80,20],"to":[0,0],"ti":[0,0]},{"i":{"x":0.3,"y":0.3},"o":{"x":0.4,"y":0.4},"t":138,"s":[-80,-35],"to":[0,0],"ti":[0,0]},{"t":159,"s":[-80,-35]}]},"t":1,"nm":"Gradient Fill 2","hd":false},{"ty":"tr","p":{"a":0,"k":[0,0]},"a":{"a":0,"k":[0,0]},"s":{"a":0,"k":[100,100]},"r":{"a":0,"k":0},"o":{"a":0,"k":100},"sk":{"a":0,"k":0},"sa":{"a":0,"k":0},"nm":"Transform"}],"nm":"Group 4","bm":0,"hd":false},{"ty":"gr","it":[{"ind":0,"ty":"sh","ks":{"a":1,"k":[{"i":{"x":0.6,"y":1},"o":{"x":0.68,"y":0},"t":0,"s":[{"i":[[47.459,2.709],[7.032,-2.132],[-4.605,-17.818],[-9.504,-6.786],[-17.896,0],[-11.334,10.818],[-1.86,11.704]],"o":[[-25.216,-1.439],[-7.949,2.41],[4.605,17.818],[6.871,4.906],[15.486,0],[11.334,-10.818],[1.629,-10.255]],"v":[[-85.201,-64.437],[-127.798,-63.843],[-136.915,-34.846],[-118.788,3.746],[-82.389,14.25],[-41.64,1.258],[-21.924,-43.297]],"c":true}]},{"i":{"x":0.3,"y":1},"o":{"x":0.4,"y":0},"t":21,"s":[{"i":[[44.729,2.327],[6.627,-1.831],[-4.34,-15.306],[-8.957,-5.829],[-16.867,0],[-10.682,9.293],[-1.753,10.054]],"o":[[-23.765,-1.236],[-7.492,2.07],[4.34,15.306],[6.476,4.214],[14.595,0],[10.682,-9.293],[1.536,-8.81]],"v":[[-85.172,-65.856],[-125.318,-65.346],[-133.91,-40.436],[-116.826,-7.285],[-82.521,1.739],[-44.117,-9.422],[-25.536,-47.696]],"c":true}]},{"i":{"x":0.3,"y":1},"o":{"x":0.3,"y":0},"t":39,"s":[{"i":[[47.459,2.325],[7.032,-1.83],[-4.605,-15.29],[-9.504,-5.823],[-17.896,0],[-11.334,9.283],[-1.86,10.044]],"o":[[-25.216,-1.235],[-7.949,2.068],[4.605,15.29],[6.871,4.21],[15.486,0],[11.334,-9.283],[1.629,-8.801]],"v":[[-85.201,-71.076],[-135.298,-70.566],[-144.415,-45.682],[-118.788,-12.565],[-82.389,-3.55],[-41.64,-14.699],[-21.924,-52.934]],"c":true}]},{"i":{"x":0.6,"y":1},"o":{"x":0.6,"y":0},"t":99,"s":[{"i":[[47.459,2.325],[7.032,-1.83],[-4.605,-15.29],[-9.504,-5.823],[-17.896,0],[-11.334,9.283],[-1.86,10.044]],"o":[[-25.216,-1.235],[-7.949,2.068],[4.605,15.29],[6.871,4.21],[15.486,0],[11.334,-9.283],[1.629,-8.801]],"v":[[-85.201,-71.076],[-135.298,-70.566],[-144.415,-45.682],[-118.788,-12.565],[-82.389,-3.55],[-41.64,-14.699],[-21.924,-52.934]],"c":true}]},{"i":{"x":0.3,"y":1},"o":{"x":0.4,"y":0},"t":117,"s":[{"i":[[44.729,2.327],[6.627,-1.831],[-4.34,-15.306],[-8.957,-5.829],[-16.867,0],[-10.682,9.293],[-1.753,10.054]],"o":[[-23.765,-1.236],[-7.492,2.07],[4.34,15.306],[6.476,4.214],[14.595,0],[10.682,-9.293],[1.536,-8.81]],"v":[[-85.172,-65.856],[-125.318,-65.346],[-133.91,-40.436],[-116.826,-7.285],[-82.521,1.739],[-44.117,-9.422],[-25.536,-47.696]],"c":true}]},{"t":134,"s":[{"i":[[47.459,2.709],[7.032,-2.132],[-4.605,-17.818],[-9.504,-6.786],[-17.896,0],[-11.334,10.818],[-1.86,11.704]],"o":[[-25.216,-1.439],[-7.949,2.41],[4.605,17.818],[6.871,4.906],[15.486,0],[11.334,-10.818],[1.629,-10.255]],"v":[[-85.201,-64.437],[-127.798,-63.843],[-136.915,-34.846],[-118.788,3.746],[-82.389,14.25],[-41.64,1.258],[-21.924,-43.297]],"c":true}]}]},"nm":"Path 1","hd":false},{"ty":"fl","c":{"a":0,"k":[1,1,1,1]},"o":{"a":0,"k":100},"r":1,"bm":0,"nm":"Fill 1","hd":false},{"ty":"tr","p":{"a":0,"k":[0,0]},"a":{"a":0,"k":[0,0]},"s":{"a":0,"k":[100,100]},"r":{"a":0,"k":0},"o":{"a":0,"k":35},"sk":{"a":0,"k":0},"sa":{"a":0,"k":0},"nm":"Transform"}],"nm":"Group 5","bm":0,"hd":false},{"ty":"gr","it":[{"ind":0,"ty":"sh","ks":{"a":1,"k":[{"i":{"x":0.6,"y":1},"o":{"x":0.68,"y":0},"t":0,"s":[{"i":[[11.083,0.686],[27.802,-6.447],[13.272,-0.451],[23.657,5.486],[11.082,-0.686],[0,-10.971],[-3.086,-11.657],[-12.686,-11.657],[-19.2,0],[-16.457,18.171],[-1.71,7.712],[-1.632,0],[0,0],[0,0],[-0.353,-1.593],[-13.438,-14.838],[-19.2,0],[-11.782,10.827],[-3.085,11.657],[0,10.971]],"o":[[-11.082,-0.686],[-23.657,5.486],[-13.272,-0.451],[-27.802,-6.447],[-11.082,0.686],[0,10.971],[3.086,11.657],[11.782,10.827],[19.2,0],[13.438,-14.838],[0.353,-1.593],[0,0],[0,0],[1.632,0],[1.71,7.712],[16.457,18.171],[19.2,0],[12.686,-11.657],[3.086,-11.657],[0,-10.971]],"v":[[145.346,-79.187],[48.55,-74.044],[-1.011,-61.359],[-50.572,-74.044],[-147.369,-79.187],[-162.687,-68.559],[-152.744,-46.273],[-129.087,8.927],[-81.429,24.698],[-26.915,3.784],[-5.872,-41.149],[-2.479,-43.873],[-1.011,-43.873],[0.457,-43.873],[3.85,-41.149],[24.893,3.784],[79.407,24.698],[127.064,8.927],[150.721,-46.273],[160.664,-68.559]],"c":true}]},{"i":{"x":0.3,"y":1},"o":{"x":0.4,"y":0},"t":21,"s":[{"i":[[11.083,0.629],[27.802,-5.913],[13.272,-0.413],[23.657,5.032],[11.082,-0.629],[0,-10.063],[-3.086,-10.692],[-12.686,-10.692],[-19.2,0],[-16.457,16.667],[-1.71,7.073],[-1.632,0],[0,0],[0,0],[-0.353,-1.461],[-13.438,-13.61],[-19.2,0],[-11.782,9.93],[-3.086,10.692],[0,10.063]],"o":[[-11.082,-0.629],[-23.657,5.031],[-13.272,-0.413],[-27.802,-5.913],[-11.082,0.629],[0,10.063],[3.086,10.692],[11.782,9.93],[19.2,0],[13.438,-13.61],[0.353,-1.461],[0,0],[0,0],[1.632,0],[1.71,7.073],[16.457,16.667],[19.2,0],[12.686,-10.692],[3.086,-10.692],[0,-10.063]],"v":[[145.346,-79.295],[48.55,-74.578],[-1.011,-62.943],[-50.572,-74.578],[-147.369,-79.295],[-162.687,-69.547],[-152.744,-49.106],[-129.087,1.523],[-81.429,15.989],[-26.915,-3.194],[-5.872,-44.406],[-2.479,-46.905],[-1.011,-46.905],[0.457,-46.905],[3.85,-44.406],[24.893,-3.194],[79.407,15.989],[127.064,1.523],[150.721,-49.106],[160.664,-69.547]],"c":true}]},{"i":{"x":0.3,"y":1},"o":{"x":0.3,"y":0},"t":39,"s":[{"i":[[11.083,0.589],[36.45,-6.61],[13.272,-0.387],[23.657,4.71],[11.082,-0.589],[0,-9.42],[-2.004,-10.321],[-17.413,-10.919],[-19.2,0],[-16.457,15.601],[-1.71,6.621],[-1.632,0],[0,0],[0,0],[-0.353,-1.368],[-13.438,-12.74],[-19.2,0],[-12.414,8.29],[-1.971,12.742],[0,9.42]],"o":[[-11.082,-0.589],[-23.724,4.302],[-13.272,-0.387],[-27.802,-5.535],[-11.082,0.589],[0,9.42],[2.744,14.133],[12.624,7.915],[19.2,0],[13.438,-12.74],[0.353,-1.368],[0,0],[0,0],[1.632,0],[1.71,6.621],[16.457,15.601],[19.2,0],[13.936,-9.306],[1.609,-10.401],[0,-9.42]],"v":[[152.596,-88.467],[48.55,-88.89],[-1.011,-82.131],[-50.572,-88.89],[-154.619,-89.273],[-168.937,-79.073],[-159.744,-64.746],[-129.837,-16.31],[-81.429,-2.5],[-26.915,-22.069],[-5.872,-60.647],[-2.479,-62.986],[-1.011,-62.986],[0.457,-62.986],[3.85,-60.647],[24.893,-22.069],[79.907,-3.038],[127.814,-17.116],[158.221,-63.623],[167.164,-79.073]],"c":true}]},{"i":{"x":0.6,"y":1},"o":{"x":0.6,"y":0},"t":99,"s":[{"i":[[11.083,0.589],[36.45,-6.61],[13.272,-0.387],[23.657,4.71],[11.082,-0.589],[0,-9.42],[-2.004,-10.321],[-17.413,-10.919],[-19.2,0],[-16.457,15.601],[-1.71,6.621],[-1.632,0],[0,0],[0,0],[-0.353,-1.368],[-13.438,-12.74],[-19.2,0],[-12.414,8.29],[-1.971,12.742],[0,9.42]],"o":[[-11.082,-0.589],[-23.724,4.302],[-13.272,-0.387],[-27.802,-5.535],[-11.082,0.589],[0,9.42],[2.744,14.133],[12.624,7.915],[19.2,0],[13.438,-12.74],[0.353,-1.368],[0,0],[0,0],[1.632,0],[1.71,6.621],[16.457,15.601],[19.2,0],[13.936,-9.306],[1.609,-10.401],[0,-9.42]],"v":[[152.596,-88.467],[48.55,-88.89],[-1.011,-82.131],[-50.572,-88.89],[-154.619,-89.273],[-168.937,-79.073],[-159.744,-64.746],[-129.837,-16.31],[-81.429,-2.5],[-26.915,-22.069],[-5.872,-60.647],[-2.479,-62.986],[-1.011,-62.986],[0.457,-62.986],[3.85,-60.647],[24.893,-22.069],[79.907,-3.038],[127.814,-17.116],[158.221,-63.623],[167.164,-79.073]],"c":true}]},{"i":{"x":0.3,"y":1},"o":{"x":0.4,"y":0},"t":117,"s":[{"i":[[11.083,0.629],[27.802,-5.913],[13.272,-0.413],[23.657,5.032],[11.082,-0.629],[0,-10.063],[-3.086,-10.692],[-12.686,-10.692],[-19.2,0],[-16.457,16.667],[-1.71,7.073],[-1.632,0],[0,0],[0,0],[-0.353,-1.461],[-13.438,-13.61],[-19.2,0],[-11.782,9.93],[-3.086,10.692],[0,10.063]],"o":[[-11.082,-0.629],[-23.657,5.031],[-13.272,-0.413],[-27.802,-5.913],[-11.082,0.629],[0,10.063],[3.086,10.692],[11.782,9.93],[19.2,0],[13.438,-13.61],[0.353,-1.461],[0,0],[0,0],[1.632,0],[1.71,7.073],[16.457,16.667],[19.2,0],[12.686,-10.692],[3.086,-10.692],[0,-10.063]],"v":[[145.346,-79.295],[48.55,-74.578],[-1.011,-62.943],[-50.572,-74.578],[-147.369,-79.295],[-162.687,-69.547],[-152.744,-49.106],[-129.087,1.523],[-81.429,15.989],[-26.915,-3.194],[-5.872,-44.406],[-2.479,-46.905],[-1.011,-46.905],[0.457,-46.905],[3.85,-44.406],[24.893,-3.194],[79.407,15.989],[127.064,1.523],[150.721,-49.106],[160.664,-69.547]],"c":true}]},{"t":134,"s":[{"i":[[11.083,0.686],[27.802,-6.447],[13.272,-0.451],[23.657,5.486],[11.082,-0.686],[0,-10.971],[-3.086,-11.657],[-12.686,-11.657],[-19.2,0],[-16.457,18.171],[-1.71,7.712],[-1.632,0],[0,0],[0,0],[-0.353,-1.593],[-13.438,-14.838],[-19.2,0],[-11.782,10.827],[-3.085,11.657],[0,10.971]],"o":[[-11.082,-0.686],[-23.657,5.486],[-13.272,-0.451],[-27.802,-6.447],[-11.082,0.686],[0,10.971],[3.086,11.657],[11.782,10.827],[19.2,0],[13.438,-14.838],[0.353,-1.593],[0,0],[0,0],[1.632,0],[1.71,7.712],[16.457,18.171],[19.2,0],[12.686,-11.657],[3.086,-11.657],[0,-10.971]],"v":[[145.346,-79.187],[48.55,-74.044],[-1.011,-61.359],[-50.572,-74.044],[-147.369,-79.187],[-162.687,-68.559],[-152.744,-46.273],[-129.087,8.927],[-81.429,24.698],[-26.915,3.784],[-5.872,-41.149],[-2.479,-43.873],[-1.011,-43.873],[0.457,-43.873],[3.85,-41.149],[24.893,3.784],[79.407,24.698],[127.064,8.927],[150.721,-46.273],[160.664,-68.559]],"c":true}]}]},"nm":"Path 1","hd":false},{"ty":"fl","c":{"a":0,"k":[0.113725490868,0.113725490868,0.105882354081,1]},"o":{"a":0,"k":100},"r":1,"bm":0,"nm":"Fill 1","hd":false},{"ty":"tr","p":{"a":0,"k":[0,0]},"a":{"a":0,"k":[0,0]},"s":{"a":0,"k":[100,100]},"r":{"a":0,"k":0},"o":{"a":0,"k":100},"sk":{"a":0,"k":0},"sa":{"a":0,"k":0},"nm":"Transform"}],"nm":"Group 6","bm":0,"hd":false}],"ip":0,"op":180,"st":0,"bm":0},{"ddd":0,"ind":4,"ty":4,"nm":"Mouth Open","parent":6,"sr":1,"ks":{"o":{"a":1,"k":[{"i":{"x":[0.833],"y":[0.833]},"o":{"x":[0.167],"y":[0.167]},"t":24,"s":[0]},{"i":{"x":[0.833],"y":[0.833]},"o":{"x":[0.167],"y":[0.167]},"t":28,"s":[100]},{"i":{"x":[0.833],"y":[0.833]},"o":{"x":[0.167],"y":[0.167]},"t":110,"s":[100]},{"t":114,"s":[0]}]},"p":{"a":0,"k":[-1.262,88.676,0]},"a":{"a":0,"k":[-1.262,88.676,0]}},"ao":0,"shapes":[{"ty":"gr","it":[{"ind":0,"ty":"sh","ks":{"a":1,"k":[{"i":{"x":0.3,"y":1},"o":{"x":0.4,"y":0},"t":21,"s":[{"i":[[55.477,-0.602],[0.627,-4.964],[-4.657,-3.949],[-4.903,-0.811],[0,0],[-0.865,2.843],[-33.691,0],[-1.352,-4.469],[2.021,-1.34],[-1.503,0.346],[0.113,0.772]],"o":[[-55.471,-0.602],[-0.012,0.143],[1.895,0.442],[0,0],[-2.197,-1.289],[1.359,-4.467],[33.691,0],[0.762,2.517],[3.994,-0.699],[4.136,-4.295],[-0.627,-4.964]],"v":[[-0.084,54.643],[-71.969,40.669],[-67.346,50.028],[-57.11,52.018],[-57.11,52.018],[-61.305,45.599],[-0.084,54.915],[60.137,45.599],[56.727,51.535],[65.035,49.885],[69.564,40.962]],"c":true}]},{"i":{"x":0.3,"y":0.6},"o":{"x":0.4,"y":0},"t":40,"s":[{"i":[[69.547,-1.042],[0.786,-8.589],[-5.838,-6.834],[-6.147,-1.404],[0,0],[-1.085,4.921],[-42.237,0],[-1.695,-7.731],[2.534,-2.32],[-1.885,0.598],[0.142,1.336]],"o":[[-69.54,-1.042],[-0.015,0.247],[2.375,0.764],[0,0],[-2.755,-2.231],[1.704,-7.73],[42.237,0],[0.955,4.356],[5.007,-1.21],[5.184,-7.432],[-0.786,-8.589]],"v":[[-0.412,66.594],[-89.903,58.853],[-84.107,75.048],[-71.275,78.492],[-71.274,78.492],[-76.534,67.383],[-0.412,67.065],[75.709,67.383],[71.434,77.655],[81.85,74.801],[87.528,59.359]],"c":true}]},{"i":{"x":0.704,"y":1},"o":{"x":0.331,"y":0.189},"t":56,"s":[{"i":[[67.389,-1.077],[0.762,-8.879],[-5.657,-7.064],[-5.956,-1.451],[0,0],[-1.051,5.086],[-40.926,0],[-1.642,-7.992],[2.455,-2.398],[-1.826,0.618],[0.138,1.381]],"o":[[-67.382,-1.077],[-0.014,0.256],[2.302,0.79],[0,0],[-2.669,-2.306],[1.651,-7.99],[40.926,0],[0.925,4.503],[4.852,-1.251],[5.024,-7.683],[-0.761,-8.879]],"v":[[-0.439,62.109],[-87.152,54.106],[-81.536,70.847],[-69.103,74.407],[-69.102,74.407],[-74.198,62.924],[-0.439,62.595],[73.321,62.924],[69.179,73.543],[79.271,70.592],[84.773,54.63]],"c":true}]},{"i":{"x":0.6,"y":1},"o":{"x":0.6,"y":0},"t":85,"s":[{"i":[[69.038,-6.623],[0.784,-9.039],[-5.822,-7.191],[-6.13,-1.477],[0,0],[-1.685,5.014],[-41.982,3.358],[-2.347,-7.975],[2.32,-2.634],[-1.822,0.777],[0.256,1.39]],"o":[[-69.209,4.436],[-0.015,0.26],[2.369,0.804],[0,0],[-2.747,-2.348],[2.147,-6.389],[41.981,-3.358],[1.323,4.493],[4.873,-1.668],[4.516,-8.208],[-1.518,-8.947]],"v":[[2.49,62.436],[-87.576,55.038],[-82.845,70.756],[-70.049,74.38],[-70.048,74.38],[-74.517,63.334],[2.53,62.93],[78.219,57.211],[74.851,68.325],[84.959,64.503],[89.278,47.855]],"c":true}]},{"i":{"x":0.6,"y":1},"o":{"x":0.7,"y":0},"t":99,"s":[{"i":[[67.576,-1.007],[0.764,-8.3],[-5.672,-6.604],[-5.973,-1.356],[0,0],[-1.054,4.755],[-41.039,0],[-1.647,-7.471],[2.462,-2.241],[-1.831,0.578],[0.138,1.291]],"o":[[-67.569,-1.007],[-0.014,0.239],[2.308,0.739],[0,0],[-2.676,-2.156],[1.656,-7.469],[41.039,0],[0.928,4.209],[4.865,-1.169],[5.038,-7.182],[-0.764,-8.3]],"v":[[-0.436,62.58],[-87.39,55.099],[-81.759,70.749],[-69.291,74.076],[-69.29,74.076],[-74.4,63.342],[-0.436,63.035],[73.527,63.342],[69.374,73.268],[79.494,70.51],[85.011,55.589]],"c":true}]},{"t":117,"s":[{"i":[[55.477,-0.602],[0.627,-4.964],[-4.657,-3.949],[-4.903,-0.811],[0,0],[-0.865,2.843],[-33.691,0],[-1.352,-4.469],[2.021,-1.34],[-1.503,0.346],[0.113,0.772]],"o":[[-55.471,-0.602],[-0.012,0.143],[1.895,0.442],[0,0],[-2.197,-1.289],[1.359,-4.467],[33.691,0],[0.762,2.517],[3.994,-0.699],[4.136,-4.295],[-0.627,-4.964]],"v":[[-0.084,54.643],[-71.969,40.669],[-67.346,50.028],[-57.11,52.018],[-57.11,52.018],[-61.305,45.599],[-0.084,54.915],[60.137,45.599],[56.727,51.535],[65.035,49.885],[69.564,40.962]],"c":true}]}]},"nm":"Path 1","hd":false},{"ty":"fl","c":{"a":0,"k":[0.780392169952,0.843137264252,0.847058832645,1]},"o":{"a":0,"k":100},"r":1,"bm":0,"nm":"Fill 1","hd":false},{"ty":"tr","p":{"a":0,"k":[0,0]},"a":{"a":0,"k":[0,0]},"s":{"a":0,"k":[100,100]},"r":{"a":0,"k":0},"o":{"a":0,"k":100},"sk":{"a":0,"k":0},"sa":{"a":0,"k":0},"nm":"Transform"}],"nm":"Group 1","bm":0,"hd":false},{"ty":"gr","it":[{"ind":0,"ty":"sh","ks":{"a":1,"k":[{"i":{"x":0.3,"y":1},"o":{"x":0.4,"y":0},"t":21,"s":[{"i":[[0.031,-0.163],[2.42,-2.776],[36.803,0],[6.217,1.449],[0.492,2.96],[-0.012,0.143],[-55.471,-0.602],[-0.627,-4.964]],"o":[[-0.545,2.837],[-5.637,1.296],[-37.148,0],[-2.543,-2.936],[-0.029,-0.163],[0.627,-4.964],[55.477,-0.602],[0.012,0.143]],"v":[[69.588,41.418],[65.035,49.885],[-1.252,56.104],[-67.346,50.028],[-71.993,41.125],[-71.969,40.669],[-0.084,54.643],[69.564,40.962]],"c":true}]},{"i":{"x":0.3,"y":0.612},"o":{"x":0.4,"y":0},"t":40,"s":[{"i":[[0.039,-0.282],[3.034,-4.804],[46.137,0],[7.794,2.508],[0.617,5.122],[-0.015,0.247],[-69.54,-1.042],[-0.786,-8.589]],"o":[[-0.683,4.91],[-7.066,2.243],[-46.57,0],[-3.188,-5.08],[-0.037,-0.283],[0.786,-8.589],[69.547,-1.042],[0.015,0.247]],"v":[[87.557,60.148],[81.85,74.801],[-1.25,85.562],[-84.107,75.048],[-89.932,59.642],[-89.903,58.853],[-0.412,66.594],[87.528,59.359]],"c":true}]},{"i":{"x":0.704,"y":1},"o":{"x":0.331,"y":0.184},"t":56,"s":[{"i":[[0.038,-0.292],[2.94,-4.966],[44.705,0],[7.552,2.592],[0.598,5.294],[-0.014,0.256],[-67.382,-1.077],[-0.761,-8.879]],"o":[[-0.662,5.075],[-6.847,2.319],[-45.125,0],[-3.089,-5.252],[-0.036,-0.292],[0.762,-8.879],[67.389,-1.077],[0.014,0.256]],"v":[[84.801,55.445],[79.271,70.592],[-1.25,81.716],[-81.536,70.847],[-87.18,54.922],[-87.152,54.106],[-0.439,62.109],[84.773,54.63]],"c":true}]},{"i":{"x":0.6,"y":1},"o":{"x":0.6,"y":0},"t":85,"s":[{"i":[[0.015,-0.299],[2.603,-5.28],[45.858,-3.668],[7.772,2.639],[0.615,5.39],[-0.015,0.26],[-69.209,4.436],[-1.518,-8.947]],"o":[[-0.258,5.204],[-6.831,2.914],[-46.289,3.703],[-3.179,-5.346],[-0.037,-0.297],[0.199,-7.358],[69.038,-6.623],[0.036,0.258]],"v":[[89.375,48.68],[84.959,64.503],[3.284,82.398],[-82.845,70.756],[-88.653,54.543],[-87.305,54.958],[2.49,62.436],[89.278,47.855]],"c":true}]},{"i":{"x":0.6,"y":1},"o":{"x":0.7,"y":0},"t":99,"s":[{"i":[[0.038,-0.273],[2.948,-4.642],[44.829,0],[7.573,2.423],[0.599,4.949],[-0.014,0.239],[-67.569,-1.007],[-0.764,-8.3]],"o":[[-0.664,4.744],[-6.866,2.167],[-45.25,0],[-3.098,-4.909],[-0.036,-0.273],[0.764,-8.3],[67.576,-1.007],[0.014,0.239]],"v":[[85.04,56.351],[79.494,70.51],[-1.25,80.908],[-81.759,70.749],[-87.419,55.862],[-87.39,55.099],[-0.436,62.58],[85.011,55.589]],"c":true}]},{"t":117,"s":[{"i":[[0.031,-0.163],[2.42,-2.776],[36.803,0],[6.217,1.449],[0.492,2.96],[-0.012,0.143],[-55.471,-0.602],[-0.627,-4.964]],"o":[[-0.545,2.837],[-5.637,1.296],[-37.148,0],[-2.543,-2.936],[-0.029,-0.163],[0.627,-4.964],[55.477,-0.602],[0.012,0.143]],"v":[[69.588,41.418],[65.035,49.885],[-1.252,56.104],[-67.346,50.028],[-71.993,41.125],[-71.969,40.669],[-0.084,54.643],[69.564,40.962]],"c":true}]}]},"nm":"Path 1","hd":false},{"ty":"fl","c":{"a":0,"k":[0.960784316063,0.960784316063,0.960784316063,1]},"o":{"a":0,"k":100},"r":1,"bm":0,"nm":"Fill 1","hd":false},{"ty":"tr","p":{"a":0,"k":[0,0]},"a":{"a":0,"k":[0,0]},"s":{"a":0,"k":[100,100]},"r":{"a":0,"k":0},"o":{"a":0,"k":100},"sk":{"a":0,"k":0},"sa":{"a":0,"k":0},"nm":"Transform"}],"nm":"Group 2","bm":0,"hd":false},{"ty":"gr","it":[{"ind":0,"ty":"sh","ks":{"a":1,"k":[{"i":{"x":0.3,"y":1},"o":{"x":0.4,"y":0},"t":21,"s":[{"i":[[-57.035,6.979],[36.803,0],[2.344,3.016]],"o":[[-2.721,3.072],[-37.148,0],[29.221,1.836]],"v":[[65.035,49.885],[-0.584,59.285],[-67.346,50.028]],"c":true}]},{"i":{"x":0.3,"y":0.6},"o":{"x":0.4,"y":0},"t":40,"s":[{"i":[[3.034,-5.871],[46.137,0],[2.938,5.219]],"o":[[-3.411,5.315],[-46.57,0],[-3.188,-6.209]],"v":[[81.85,74.801],[-0.412,91.066],[-84.107,75.048]],"c":true}]},{"i":{"x":0.704,"y":1},"o":{"x":0.331,"y":0.189},"t":56,"s":[{"i":[[2.94,-6.069],[44.705,0],[2.847,5.395]],"o":[[-3.306,5.494],[-45.125,0],[-3.089,-6.418]],"v":[[79.271,70.592],[-0.439,87.405],[-81.536,70.847]],"c":true}]},{"i":{"x":0.6,"y":1},"o":{"x":0.6,"y":0},"t":85,"s":[{"i":[[2.512,-6.399],[45.858,-3.668],[2.93,5.492]],"o":[[-2.935,5.846],[-46.289,3.703],[-3.179,-6.534]],"v":[[84.959,64.503],[4.588,88.104],[-82.845,70.756]],"c":true}]},{"i":{"x":0.6,"y":1},"o":{"x":0.7,"y":0},"t":99,"s":[{"i":[[2.948,-5.673],[44.829,0],[2.855,5.043]],"o":[[-3.315,5.136],[-45.25,0],[-3.098,-6]],"v":[[79.494,70.51],[-0.436,86.226],[-81.759,70.749]],"c":true}]},{"t":117,"s":[{"i":[[-57.035,6.979],[36.803,0],[2.344,3.016]],"o":[[-2.721,3.072],[-37.148,0],[29.221,1.836]],"v":[[65.035,49.885],[-0.584,59.285],[-67.346,50.028]],"c":true}]}]},"nm":"Path 1","hd":false},{"ty":"fl","c":{"a":0,"k":[0.419607847929,0.1254902035,0,1]},"o":{"a":0,"k":100},"r":1,"bm":0,"nm":"Fill 1","hd":false},{"ty":"tr","p":{"a":0,"k":[0,0]},"a":{"a":0,"k":[0,0]},"s":{"a":0,"k":[100,100]},"r":{"a":0,"k":0},"o":{"a":0,"k":100},"sk":{"a":0,"k":0},"sa":{"a":0,"k":0},"nm":"Transform"}],"nm":"Group 3","bm":0,"hd":false},{"ty":"gr","it":[{"ind":0,"ty":"sh","ks":{"a":1,"k":[{"i":{"x":0.3,"y":1},"o":{"x":0.4,"y":0},"t":21,"s":[{"i":[[2.795,-0.357],[0,0],[0,0],[33.078,0],[0,0],[0,0],[2.971,0.51],[-23.572,-0.116],[-0.006,0],[-0.199,0],[-13.6,9.812]],"o":[[0,0],[0,0],[0,0],[-33.016,0],[0,0],[-4.043,-0.517],[13.119,9.573],[0.006,0],[0.199,0.003],[21.715,0],[-0.92,0.156]],"v":[[47.475,57.7],[47.475,57.717],[47.48,57.843],[-0.699,69.847],[-49.879,57.843],[-49.879,57.839],[-60.409,56.274],[-0.699,70.076],[-0.688,70.076],[-0.084,70.079],[58.004,56.135]],"c":true}]},{"i":{"x":0.3,"y":0.6},"o":{"x":0.4,"y":0},"t":40,"s":[{"i":[[3.504,-0.618],[0,0],[0,0],[41.467,0],[0,0],[0,0],[3.724,0.883],[-29.551,-0.2],[-0.007,0],[-0.25,0],[-17.049,16.978]],"o":[[0,0],[0,0],[0,0],[-41.39,0],[0,0],[-5.068,-0.895],[16.446,16.566],[0.007,0],[0.25,0.006],[27.222,0],[-1.153,0.271]],"v":[[59.835,88.323],[59.835,88.352],[59.843,88.57],[-1.184,114.1],[-62.21,88.57],[-62.21,88.564],[-75.41,85.856],[-1.184,114.497],[-1.169,114.497],[-0.412,114.502],[73.035,85.615]],"c":true}]},{"i":{"x":0.704,"y":1},"o":{"x":0.331,"y":0.189},"t":56,"s":[{"i":[[3.395,-0.639],[0,0],[0,0],[40.181,0],[0,0],[0,0],[3.609,0.913],[-28.634,-0.207],[-0.007,0],[-0.242,0],[-16.52,17.55]],"o":[[0,0],[0,0],[0,0],[-40.105,0],[0,0],[-4.911,-0.925],[15.936,17.124],[0.007,0],[0.242,0.006],[26.378,0],[-1.117,0.28]],"v":[[57.94,84.57],[57.94,84.6],[57.947,84.825],[-1.186,111.216],[-60.319,84.825],[-60.319,84.819],[-73.109,82.02],[-1.186,111.626],[-1.172,111.626],[-0.439,111.632],[70.73,81.771]],"c":true}]},{"i":{"x":0.6,"y":1},"o":{"x":0.6,"y":0},"t":85,"s":[{"i":[[3.43,-0.927],[0,0],[0,0],[41.217,-3.297],[0,0],[0,0],[3.714,0.929],[-29.39,2.14],[-0.007,0.001],[-0.248,0.02],[-15.49,19.164]],"o":[[0,0],[0,0],[0,0],[-41.14,3.291],[0,0],[-5.054,-0.942],[16.401,17.433],[0.007,-0.001],[0.249,-0.014],[27.058,-2.164],[-1.123,0.376]],"v":[[64.237,80.437],[64.239,80.468],[64.265,80.696],[5.797,112.327],[-61.009,84.986],[-61.009,84.979],[-74.172,82.13],[5.831,112.742],[5.845,112.741],[6.598,112.687],[77.125,76.547]],"c":true}]},{"i":{"x":0.6,"y":1},"o":{"x":0.7,"y":0},"t":99,"s":[{"i":[[3.404,-0.597],[0,0],[0,0],[40.292,0],[0,0],[0,0],[3.619,0.853],[-28.713,-0.193],[-0.007,0],[-0.243,0],[-16.566,16.406]],"o":[[0,0],[0,0],[0,0],[-40.217,0],[0,0],[-4.925,-0.865],[15.98,16.008],[0.007,0],[0.243,0.006],[26.451,0],[-1.121,0.262]],"v":[[58.104,83.576],[58.104,83.605],[58.111,83.815],[-1.186,108.485],[-60.483,83.815],[-60.483,83.809],[-73.308,81.193],[-1.186,108.867],[-1.172,108.867],[-0.436,108.873],[70.929,80.96]],"c":true}]},{"t":117,"s":[{"i":[[2.795,-0.357],[0,0],[0,0],[33.078,0],[0,0],[0,0],[2.971,0.51],[-23.572,-0.116],[-0.006,0],[-0.199,0],[-13.6,9.812]],"o":[[0,0],[0,0],[0,0],[-33.016,0],[0,0],[-4.043,-0.517],[13.119,9.573],[0.006,0],[0.199,0.003],[21.715,0],[-0.92,0.156]],"v":[[47.475,57.7],[47.475,57.717],[47.48,57.843],[-0.699,69.847],[-49.879,57.843],[-49.879,57.839],[-60.409,56.274],[-0.699,70.076],[-0.688,70.076],[-0.084,70.079],[58.004,56.135]],"c":true}]}]},"nm":"Path 1","hd":false},{"ty":"fl","c":{"a":0,"k":[0.780392169952,0.819607853889,0.819607853889,1]},"o":{"a":0,"k":100},"r":1,"bm":0,"nm":"Fill 1","hd":false},{"ty":"tr","p":{"a":0,"k":[0,0]},"a":{"a":0,"k":[0,0]},"s":{"a":0,"k":[100,100]},"r":{"a":0,"k":0},"o":{"a":0,"k":100},"sk":{"a":0,"k":0},"sa":{"a":0,"k":0},"nm":"Transform"}],"nm":"Group 4","bm":0,"hd":false},{"ty":"gr","it":[{"ind":0,"ty":"sh","ks":{"a":1,"k":[{"i":{"x":0.3,"y":1},"o":{"x":0.4,"y":0},"t":21,"s":[{"i":[[-27.674,0],[-11.725,2.014],[21.715,0],[13.236,9.659]],"o":[[27.27,0],[-13.6,9.812],[-23.795,0],[11.619,1.994]],"v":[[-1.252,60.701],[58.004,56.135],[-0.084,70.079],[-60.409,56.274]],"c":true}]},{"i":{"x":0.3,"y":0.612},"o":{"x":0.4,"y":0},"t":40,"s":[{"i":[[-34.693,0],[-14.698,3.485],[27.222,0],[16.593,16.713]],"o":[[34.186,0],[-17.049,16.978],[-29.83,0],[14.566,3.45]],"v":[[-1.25,93.515],[73.035,85.615],[-0.412,114.502],[-75.41,85.856]],"c":true}]},{"i":{"x":0.704,"y":1},"o":{"x":0.331,"y":0.184},"t":56,"s":[{"i":[[-33.616,0],[-14.242,3.603],[26.378,0],[16.079,17.276]],"o":[[33.125,0],[-16.52,17.55],[-28.904,0],[14.114,3.566]],"v":[[-1.25,89.937],[70.73,81.771],[-0.439,111.632],[-73.109,82.02]],"c":true}]},{"i":{"x":0.6,"y":1},"o":{"x":0.6,"y":0},"t":85,"s":[{"i":[[-34.483,2.758],[-14.311,4.824],[27.058,-2.165],[16.547,17.588]],"o":[[33.98,-2.718],[-15.49,19.164],[-29.65,2.372],[14.525,3.63]],"v":[[3.966,90.74],[77.125,76.547],[6.598,112.687],[-74.172,82.13]],"c":true}]},{"i":{"x":0.6,"y":1},"o":{"x":0.7,"y":0},"t":99,"s":[{"i":[[-33.709,0],[-14.282,3.368],[26.451,0],[16.123,16.15]],"o":[[33.217,0],[-16.566,16.406],[-28.984,0],[14.153,3.333]],"v":[[-1.25,88.594],[70.929,80.96],[-0.436,108.873],[-73.308,81.193]],"c":true}]},{"t":117,"s":[{"i":[[-27.674,0],[-11.725,2.014],[21.715,0],[13.236,9.659]],"o":[[27.27,0],[-13.6,9.812],[-23.795,0],[11.619,1.994]],"v":[[-1.252,60.701],[58.004,56.135],[-0.084,70.079],[-60.409,56.274]],"c":true}]}]},"nm":"Path 1","hd":false},{"ty":"fl","c":{"a":0,"k":[0.960784316063,0.960784316063,0.960784316063,1]},"o":{"a":0,"k":100},"r":1,"bm":0,"nm":"Fill 1","hd":false},{"ty":"tr","p":{"a":0,"k":[0,0]},"a":{"a":0,"k":[0,0]},"s":{"a":0,"k":[100,100]},"r":{"a":0,"k":0},"o":{"a":0,"k":100},"sk":{"a":0,"k":0},"sa":{"a":0,"k":0},"nm":"Transform"}],"nm":"Group 5","bm":0,"hd":false},{"ty":"gr","it":[{"ind":0,"ty":"sh","ks":{"a":1,"k":[{"i":{"x":0.3,"y":1},"o":{"x":0.4,"y":0},"t":21,"s":[{"i":[[10.236,-6.76],[0.007,0.187],[56.654,-0.793],[0.392,-4.133],[-5.941,-5.811],[0,9.019],[-0.02,0.187],[-62.297,-0.793],[-0.703,-6.549],[0,-0.214]],"o":[[9.837,-9.461],[-0.157,-4.038],[-56.649,-0.793],[0,7.046],[-10.248,-6.76],[0,-0.214],[0.703,-6.549],[62.297,-0.793],[0.018,0.187],[0,9.016]],"v":[[60.131,61.48],[69.453,41.35],[-0.764,55.255],[-72.004,41.948],[-62.641,61.49],[-79.053,37.281],[-79.024,36.682],[-0.764,50.588],[76.496,36.682],[76.525,37.281]],"c":true}]},{"i":{"x":0.3,"y":0.577},"o":{"x":0.4,"y":0},"t":40,"s":[{"i":[[12.833,-11.697],[0.009,0.324],[71.023,-1.372],[0.492,-7.153],[-7.448,-10.055],[0,15.606],[-0.025,0.324],[-78.097,-1.372],[-0.881,-11.332],[0,-0.371]],"o":[[12.332,-16.372],[-0.197,-6.987],[-71.016,-1.372],[0,12.192],[-12.847,-11.698],[0,-0.371],[0.881,-11.332],[78.097,-1.372],[0.022,0.324],[0,15.6]],"v":[[75.702,94.863],[87.388,60.03],[-1.264,67.654],[-89.947,61.066],[-78.208,94.881],[-98.783,52.989],[-98.746,51.953],[-1.264,59.577],[96.218,51.953],[96.254,52.989]],"c":true}]},{"i":{"x":0.704,"y":1},"o":{"x":0.331,"y":0.2},"t":56,"s":[{"i":[[12.434,-12.092],[0.009,0.335],[68.82,-1.418],[0.476,-7.394],[-7.217,-10.394],[0,16.132],[-0.024,0.334],[-75.674,-1.418],[-0.854,-11.714],[0,-0.383]],"o":[[11.949,-16.923],[-0.191,-7.223],[-68.813,-1.418],[0,12.603],[-12.449,-12.092],[0,-0.383],[0.854,-11.714],[75.674,-1.418],[0.021,0.335],[0,16.126]],"v":[[73.313,91.331],[84.637,55.323],[-1.264,63.204],[-87.195,56.394],[-75.821,91.349],[-95.757,48.045],[-95.722,46.974],[-1.264,54.855],[93.193,46.974],[93.228,48.045]],"c":true}]},{"i":{"x":0.6,"y":1},"o":{"x":0.6,"y":0},"t":85,"s":[{"i":[[11.752,-13.29],[0.037,0.339],[70.477,-7.086],[0.49,-7.527],[-7.428,-10.581],[0,16.423],[-0.025,0.34],[-77.743,4.771],[-1.848,-11.817],[-0.032,-0.389]],"o":[[10.853,-18.153],[-0.795,-7.313],[-70.705,4.208],[0,12.83],[-12.811,-12.31],[0,-0.39],[0.879,-11.925],[77.508,-7.648],[0.05,0.338],[1.338,16.363]],"v":[[80.568,86.036],[89.197,48.57],[1.734,63.615],[-88.668,56.043],[-76.963,91.627],[-97.48,47.543],[-97.443,46.453],[1.041,55.143],[97.281,39.396],[97.406,40.48]],"c":true}]},{"i":{"x":0.6,"y":1},"o":{"x":0.7,"y":0},"t":99,"s":[{"i":[[12.469,-11.303],[0.009,0.313],[69.01,-1.326],[0.478,-6.912],[-7.237,-9.716],[0,15.08],[-0.024,0.313],[-75.884,-1.325],[-0.856,-10.95],[0,-0.358]],"o":[[11.982,-15.82],[-0.191,-6.752],[-69.003,-1.326],[0,11.781],[-12.483,-11.303],[0,-0.358],[0.856,-10.95],[75.884,-1.325],[0.021,0.313],[0,15.075]],"v":[[73.52,89.896],[84.876,56.237],[-1.264,63.604],[-87.433,57.238],[-76.028,89.913],[-96.019,49.434],[-95.983,48.432],[-1.264,55.799],[93.455,48.432],[93.49,49.434]],"c":true}]},{"t":117,"s":[{"i":[[10.236,-6.76],[0.007,0.187],[56.654,-0.793],[0.392,-4.133],[-5.941,-5.811],[0,9.019],[-0.02,0.187],[-62.297,-0.793],[-0.703,-6.549],[0,-0.214]],"o":[[9.837,-9.461],[-0.157,-4.038],[-56.649,-0.793],[0,7.046],[-10.248,-6.76],[0,-0.214],[0.703,-6.549],[62.297,-0.793],[0.018,0.187],[0,9.016]],"v":[[60.131,61.48],[69.453,41.35],[-0.764,55.255],[-72.004,41.948],[-62.641,61.49],[-79.053,37.281],[-79.024,36.682],[-0.764,50.588],[76.496,36.682],[76.525,37.281]],"c":true}]}]},"nm":"Path 1","hd":false},{"ty":"fl","c":{"a":0,"k":[0.454901963472,0.0941176489,0,1]},"o":{"a":0,"k":100},"r":1,"bm":0,"nm":"Fill 1","hd":false},{"ty":"tr","p":{"a":0,"k":[0,0]},"a":{"a":0,"k":[0,0]},"s":{"a":0,"k":[100,100]},"r":{"a":0,"k":0},"o":{"a":0,"k":100},"sk":{"a":0,"k":0},"sa":{"a":0,"k":0},"nm":"Transform"}],"nm":"Group 6","bm":0,"hd":false},{"ty":"gr","it":[{"ind":0,"ty":"sh","ks":{"a":1,"k":[{"i":{"x":0.3,"y":1},"o":{"x":0.4,"y":0},"t":21,"s":[{"i":[[0,-0.214],[42.317,0],[0,21.647],[-0.02,0.187],[-62.297,-0.793],[-0.703,-6.549]],"o":[[0,21.647],[-42.317,0],[0,-0.214],[0.703,-6.549],[62.297,-0.793],[0.018,0.187]],"v":[[76.527,37.281],[-0.762,74.41],[-79.051,37.281],[-79.022,36.682],[-0.762,50.588],[76.498,36.682]],"c":true}]},{"i":{"x":0.3,"y":0.589},"o":{"x":0.4,"y":0},"t":40,"s":[{"i":[[0,-0.371],[53.049,0],[0,37.459],[-0.025,0.324],[-78.097,-1.372],[-0.882,-11.332]],"o":[[0,37.459],[-53.049,0],[0,-0.371],[0.882,-11.332],[78.097,-1.372],[0.022,0.324]],"v":[[96.257,52.989],[-1.262,121.997],[-98.781,52.989],[-98.744,51.953],[-1.262,59.577],[96.22,51.953]],"c":true}]},{"i":{"x":0.704,"y":1},"o":{"x":0.331,"y":0.195},"t":56,"s":[{"i":[[0,-0.383],[51.403,0],[0,38.721],[-0.024,0.334],[-75.674,-1.418],[-0.854,-11.714]],"o":[[0,38.721],[-51.403,0],[0,-0.383],[0.854,-11.714],[75.674,-1.418],[0.021,0.335]],"v":[[93.231,48.045],[-1.262,119.378],[-95.755,48.045],[-95.719,46.974],[-1.262,54.855],[93.195,46.974]],"c":true}]},{"i":{"x":0.6,"y":1},"o":{"x":0.6,"y":0},"t":85,"s":[{"i":[[-0.032,-0.389],[52.729,-4.218],[0,39.419],[-0.025,0.341],[-77.743,4.771],[-1.848,-11.817]],"o":[[3.212,39.291],[-52.729,4.218],[0,-0.39],[0.879,-11.925],[77.508,-7.648],[0.05,0.338]],"v":[[97.408,40.479],[6.396,120.615],[-97.477,47.543],[-97.441,46.453],[1.044,55.143],[97.283,39.396]],"c":true}]},{"i":{"x":0.6,"y":1},"o":{"x":0.7,"y":0},"t":99,"s":[{"i":[[0,-0.358],[51.546,0],[0,36.196],[-0.024,0.313],[-75.884,-1.325],[-0.857,-10.95]],"o":[[0,36.196],[-51.546,0],[0,-0.358],[0.857,-10.95],[75.884,-1.325],[0.021,0.313]],"v":[[93.493,49.434],[-1.262,116.115],[-96.017,49.434],[-95.981,48.432],[-1.262,55.799],[93.457,48.432]],"c":true}]},{"t":117,"s":[{"i":[[0,-0.214],[42.317,0],[0,21.647],[-0.02,0.187],[-62.297,-0.793],[-0.703,-6.549]],"o":[[0,21.647],[-42.317,0],[0,-0.214],[0.703,-6.549],[62.297,-0.793],[0.018,0.187]],"v":[[76.527,37.281],[-0.762,74.41],[-79.051,37.281],[-79.022,36.682],[-0.762,50.588],[76.498,36.682]],"c":true}]}]},"nm":"Path 1","hd":false},{"ty":"fl","c":{"a":0,"k":[0.560784339905,0.227450981736,0,1]},"o":{"a":0,"k":100},"r":1,"bm":0,"nm":"Fill 1","hd":false},{"ty":"tr","p":{"a":0,"k":[0,0]},"a":{"a":0,"k":[0,0]},"s":{"a":0,"k":[100,100]},"r":{"a":0,"k":0},"o":{"a":0,"k":100},"sk":{"a":0,"k":0},"sa":{"a":0,"k":0},"nm":"Transform"}],"nm":"Group 7","bm":0,"hd":false},{"ty":"gr","it":[{"ind":0,"ty":"sh","ks":{"a":1,"k":[{"i":{"x":0.3,"y":1},"o":{"x":0.4,"y":0},"t":21,"s":[{"i":[[0,-0.214],[42.846,0],[0,21.647],[-0.02,0.187],[-63.076,-0.793],[-0.712,-6.549]],"o":[[0,21.647],[-42.846,0],[0,-0.214],[0.712,-6.549],[63.076,-0.793],[0.018,0.187]],"v":[[77.5,34.899],[-0.762,72.028],[-80.024,34.899],[-79.994,34.3],[-1.512,45.706],[77.47,34.3]],"c":true}]},{"i":{"x":0.3,"y":0.589},"o":{"x":0.4,"y":0},"t":40,"s":[{"i":[[0,-0.371],[53.713,0],[0,37.459],[-0.025,0.324],[-79.074,-1.372],[-0.892,-11.332]],"o":[[0,37.459],[-53.713,0],[0,-0.371],[0.893,-11.332],[79.074,-1.372],[0.022,0.324]],"v":[[97.476,48.869],[-1.262,117.876],[-100,48.869],[-99.963,47.832],[-1.262,55.456],[97.439,47.832]],"c":true}]},{"i":{"x":0.704,"y":1},"o":{"x":0.331,"y":0.195},"t":56,"s":[{"i":[[0,-0.383],[52.046,0],[0,38.721],[-0.025,0.334],[-76.62,-1.418],[-0.865,-11.714]],"o":[[0,38.721],[-52.046,0],[0,-0.383],[0.865,-11.714],[76.62,-1.418],[0.022,0.335]],"v":[[94.412,43.785],[-1.262,115.119],[-96.936,43.785],[-96.9,42.714],[-1.262,50.595],[94.376,42.714]],"c":true}]},{"i":{"x":0.6,"y":1},"o":{"x":0.6,"y":0},"t":85,"s":[{"i":[[-0.032,-0.389],[53.388,-4.271],[0,39.419],[-0.025,0.34],[-78.714,4.849],[-1.859,-11.816]],"o":[[3.212,39.291],[-53.388,4.271],[0,-0.39],[0.89,-11.925],[78.479,-7.726],[0.05,0.338]],"v":[[98.267,36.06],[6.043,116.293],[-98.693,43.206],[-98.656,42.116],[0.69,50.821],[98.141,34.976]],"c":true}]},{"i":{"x":0.6,"y":1},"o":{"x":0.7,"y":0},"t":99,"s":[{"i":[[0,-0.358],[52.19,0],[0,36.196],[-0.025,0.313],[-76.833,-1.325],[-0.867,-10.95]],"o":[[0,36.196],[-52.19,0],[0,-0.358],[0.867,-10.95],[76.833,-1.325],[0.022,0.313]],"v":[[94.678,45.452],[-1.262,112.133],[-97.201,45.452],[-97.165,44.45],[-1.262,51.817],[94.642,44.45]],"c":true}]},{"t":117,"s":[{"i":[[0,-0.214],[42.846,0],[0,21.647],[-0.02,0.187],[-63.076,-0.793],[-0.712,-6.549]],"o":[[0,21.647],[-42.846,0],[0,-0.214],[0.712,-6.549],[63.076,-0.793],[0.018,0.187]],"v":[[77.5,34.899],[-0.762,72.028],[-80.024,34.899],[-79.994,34.3],[-1.512,45.706],[77.47,34.3]],"c":true}]}]},"nm":"Path 1","hd":false},{"ty":"fl","c":{"a":0,"k":[1,0.678431391716,0,1]},"o":{"a":0,"k":100},"r":1,"bm":0,"nm":"Fill 1","hd":false},{"ty":"tr","p":{"a":0,"k":[0,0]},"a":{"a":0,"k":[0,0]},"s":{"a":0,"k":[100,100]},"r":{"a":0,"k":0},"o":{"a":0,"k":100},"sk":{"a":0,"k":0},"sa":{"a":0,"k":0},"nm":"Transform"}],"nm":"Group 8","bm":0,"hd":false},{"ty":"gr","it":[{"ind":0,"ty":"sh","ks":{"a":1,"k":[{"i":{"x":0.3,"y":1},"o":{"x":0.4,"y":0},"t":21,"s":[{"i":[[66.834,-0.874],[0,-8.294],[-44.148,0],[0,23.166]],"o":[[-66.834,-0.874],[0,23.166],[44.148,0],[0,-8.294]],"v":[[-0.762,50.887],[-80.024,37.629],[-0.762,77.239],[77.5,37.629]],"c":true}]},{"i":{"x":0.3,"y":0.6},"o":{"x":0.4,"y":0},"t":40,"s":[{"i":[[83.784,-1.512],[0,-14.351],[-55.345,0],[0,40.086]],"o":[[-83.784,-1.512],[0,40.086],[55.345,0],[0,-14.351]],"v":[[-1.262,60.095],[-100,53.592],[-1.509,125.5],[97.476,53.592]],"c":true}]},{"i":{"x":0.704,"y":1},"o":{"x":0.331,"y":0.189},"t":56,"s":[{"i":[[81.185,-1.563],[0,-14.835],[-53.628,0],[0,41.437]],"o":[[-81.185,-1.563],[0,41.437],[53.628,0],[0,-14.835]],"v":[[-1.262,55.39],[-96.936,48.669],[-1.501,123],[94.412,48.669]],"c":true}]},{"i":{"x":0.6,"y":1},"o":{"x":0.6,"y":0},"t":85,"s":[{"i":[[83.149,-8.248],[0,-15.102],[-55.011,4.401],[3.438,42.046]],"o":[[-83.408,5.076],[0,42.183],[55.011,-4.401],[-1.231,-15.053]],"v":[[1.088,55.686],[-98.693,48.178],[6.451,124.309],[98.672,41.015]],"c":true}]},{"i":{"x":0.6,"y":1},"o":{"x":0.7,"y":0},"t":99,"s":[{"i":[[81.41,-1.461],[0,-13.867],[-53.777,0],[0,38.735]],"o":[[-81.41,-1.461],[0,38.735],[53.777,0],[0,-13.867]],"v":[[-1.262,56.299],[-97.201,50.016],[-1.502,119.5],[94.678,50.016]],"c":true}]},{"t":117,"s":[{"i":[[66.834,-0.874],[0,-8.294],[-44.148,0],[0,23.166]],"o":[[-66.834,-0.874],[0,23.166],[44.148,0],[0,-8.294]],"v":[[-0.762,50.887],[-80.024,37.629],[-0.762,77.239],[77.5,37.629]],"c":true}]}]},"nm":"Path 1","hd":false},{"ty":"fl","c":{"a":0,"k":[1,0.929411768913,0.713725507259,1]},"o":{"a":0,"k":100},"r":1,"bm":0,"nm":"Fill 1","hd":false},{"ty":"tr","p":{"a":0,"k":[0,0]},"a":{"a":0,"k":[0,0]},"s":{"a":0,"k":[100,100]},"r":{"a":0,"k":0},"o":{"a":0,"k":100},"sk":{"a":0,"k":0},"sa":{"a":0,"k":0},"nm":"Transform"}],"nm":"Group 9","bm":0,"hd":false}],"ip":0,"op":180,"st":0,"bm":0},{"ddd":0,"ind":5,"ty":4,"nm":"Eyes","parent":1,"sr":1,"ks":{"p":{"a":0,"k":[48.694,18.92,0]},"a":{"a":0,"k":[-0.306,-19.08,0]}},"ao":0,"shapes":[{"ty":"gr","it":[{"ty":"gr","it":[{"ind":0,"ty":"sh","ks":{"a":1,"k":[{"i":{"x":0.5,"y":1},"o":{"x":0.3,"y":0},"t":67,"s":[{"i":[[1.763,-22.285],[11.884,0],[1.466,-16.408],[-12.907,0]],"o":[[-1.466,-16.408],[-11.884,0],[-2.06,-22.962],[12.907,0]],"v":[[-44.263,-15.174],[-67.429,-44.244],[-90.595,-15.174],[-67.429,-52.881]],"c":true}]},{"i":{"x":0.7,"y":1},"o":{"x":0.5,"y":0},"t":75,"s":[{"i":[[2.729,-5.233],[16.569,0.472],[2.243,-3.846],[-17.995,-0.513]],"o":[[-1.844,-3.963],[-16.569,-0.472],[-2.592,-5.546],[17.995,0.513]],"v":[[-35.309,-17.689],[-67.227,-26.074],[-99.908,-19.53],[-67.381,-28.794]],"c":true}]},{"t":83,"s":[{"i":[[1.763,-22.285],[11.884,0],[1.466,-16.408],[-12.907,0]],"o":[[-1.466,-16.408],[-11.884,0],[-2.06,-22.962],[12.907,0]],"v":[[-44.263,-15.174],[-67.429,-44.244],[-90.595,-15.174],[-67.429,-52.881]],"c":true}]}]},"nm":"Path 1","hd":false},{"ty":"fl","c":{"a":0,"k":[0.454901963472,0.0941176489,0,1]},"o":{"a":0,"k":100},"r":1,"bm":0,"nm":"Fill 1","hd":false},{"ty":"tr","p":{"a":0,"k":[0,0]},"a":{"a":0,"k":[0,0]},"s":{"a":0,"k":[100,100]},"r":{"a":0,"k":0},"o":{"a":0,"k":100},"sk":{"a":0,"k":0},"sa":{"a":0,"k":0},"nm":"Transform"}],"nm":"Group 1","bm":0,"hd":false},{"ty":"gr","it":[{"ind":0,"ty":"sh","ks":{"a":1,"k":[{"i":{"x":0.5,"y":1},"o":{"x":0.3,"y":0},"t":67,"s":[{"i":[[0,-18.437],[12.908,0],[0,18.437],[-12.908,0]],"o":[[0,18.437],[-12.908,0],[0,-18.437],[12.908,0]],"v":[[-44.058,-19.502],[-67.431,13.88],[-90.803,-19.502],[-67.431,-52.884]],"c":true}]},{"i":{"x":0.7,"y":1},"o":{"x":0.5,"y":0},"t":75,"s":[{"i":[[0.224,-4.387],[17.997,0.513],[-0.224,4.387],[-17.997,-0.513]],"o":[[-0.224,4.387],[-17.997,-0.513],[0.224,-4.387],[17.997,0.513]],"v":[[-34.971,-18.71],[-67.634,-18.151],[-100.145,-20.568],[-67.152,-27.583]],"c":true}]},{"t":83,"s":[{"i":[[0,-18.437],[12.908,0],[0,18.437],[-12.908,0]],"o":[[0,18.437],[-12.908,0],[0,-18.437],[12.908,0]],"v":[[-44.058,-19.502],[-67.431,13.88],[-90.803,-19.502],[-67.431,-52.884]],"c":true}]}]},"nm":"Path 1","hd":false},{"ty":"fl","c":{"a":0,"k":[0.560784339905,0.227450981736,0,1]},"o":{"a":0,"k":100},"r":1,"bm":0,"nm":"Fill 1","hd":false},{"ty":"tr","p":{"a":0,"k":[0,0]},"a":{"a":0,"k":[0,0]},"s":{"a":0,"k":[100,100]},"r":{"a":0,"k":0},"o":{"a":0,"k":100},"sk":{"a":0,"k":0},"sa":{"a":0,"k":0},"nm":"Transform"}],"nm":"Group 2","bm":0,"hd":false},{"ty":"gr","it":[{"ind":0,"ty":"sh","ks":{"a":1,"k":[{"i":{"x":0.5,"y":1},"o":{"x":0.3,"y":0},"t":67,"s":[{"i":[[0,-18.437],[13.769,0],[0,18.437],[-13.769,0]],"o":[[0,18.437],[-13.769,0],[0,-18.437],[13.769,0]],"v":[[-42.5,-25.08],[-67.431,8.302],[-92.361,-25.08],[-67.431,-58.463]],"c":true}]},{"i":{"x":0.7,"y":1},"o":{"x":0.5,"y":0},"t":75,"s":[{"i":[[0.224,-4.387],[19.197,0.547],[-0.224,4.387],[-19.197,-0.547]],"o":[[-0.224,4.387],[-19.197,-0.547],[0.224,-4.387],[19.197,0.547]],"v":[[-32.731,-21.29],[-67.515,-18.928],[-102.249,-23.272],[-66.696,-32.076]],"c":true}]},{"t":83,"s":[{"i":[[0,-18.437],[13.769,0],[0,18.437],[-13.769,0]],"o":[[0,18.437],[-13.769,0],[0,-18.437],[13.769,0]],"v":[[-42.5,-25.08],[-67.431,8.302],[-92.361,-25.08],[-67.431,-58.463]],"c":true}]}]},"nm":"Path 1","hd":false},{"ty":"fl","c":{"a":0,"k":[1,0.678431391716,0,1]},"o":{"a":0,"k":100},"r":1,"bm":0,"nm":"Fill 1","hd":false},{"ty":"tr","p":{"a":0,"k":[0,0]},"a":{"a":0,"k":[0,0]},"s":{"a":0,"k":[100,100]},"r":{"a":0,"k":0},"o":{"a":0,"k":100},"sk":{"a":0,"k":0},"sa":{"a":0,"k":0},"nm":"Transform"}],"nm":"Group 4","bm":0,"hd":false},{"ty":"tr","p":{"a":0,"k":[0,0]},"a":{"a":0,"k":[0,0]},"s":{"a":0,"k":[100,100]},"r":{"a":0,"k":0},"o":{"a":0,"k":100},"sk":{"a":0,"k":0},"sa":{"a":0,"k":0},"nm":"Transform"}],"nm":"Group 1","bm":0,"hd":false},{"ty":"gr","it":[{"ty":"gr","it":[{"ind":0,"ty":"sh","ks":{"a":1,"k":[{"i":{"x":0.5,"y":1},"o":{"x":0.3,"y":0},"t":67,"s":[{"i":[[1.72,-22.285],[11.593,0],[1.43,-16.408],[-12.59,0]],"o":[[-1.43,-16.408],[-11.593,0],[-2.009,-22.962],[12.59,0]],"v":[[90.03,-15.174],[67.432,-44.244],[44.834,-15.174],[67.432,-52.881]],"c":true}]},{"i":{"x":0.7,"y":1},"o":{"x":0.5,"y":0},"t":75,"s":[{"i":[[2.071,-5.379],[16.209,-0.521],[1.754,-3.968],[-17.604,0.566]],"o":[[-2.244,-3.839],[-16.209,0.521],[-3.152,-5.372],[17.604,-0.566]],"v":[[99.346,-19.639],[67.073,-26.956],[36.152,-17.608],[67.069,-29.453]],"c":true}]},{"t":83,"s":[{"i":[[1.72,-22.285],[11.593,0],[1.43,-16.408],[-12.59,0]],"o":[[-1.43,-16.408],[-11.593,0],[-2.009,-22.962],[12.59,0]],"v":[[90.03,-15.174],[67.432,-44.244],[44.834,-15.174],[67.432,-52.881]],"c":true}]}]},"nm":"Path 1","hd":false},{"ty":"fl","c":{"a":0,"k":[0.454901963472,0.0941176489,0,1]},"o":{"a":0,"k":100},"r":1,"bm":0,"nm":"Fill 1","hd":false},{"ty":"tr","p":{"a":0,"k":[0,0]},"a":{"a":0,"k":[0,0]},"s":{"a":0,"k":[100,100]},"r":{"a":0,"k":0},"o":{"a":0,"k":100},"sk":{"a":0,"k":0},"sa":{"a":0,"k":0},"nm":"Transform"}],"nm":"Group 1","bm":0,"hd":false},{"ty":"gr","it":[{"ind":0,"ty":"sh","ks":{"a":1,"k":[{"i":{"x":0.5,"y":1},"o":{"x":0.3,"y":0},"t":67,"s":[{"i":[[0,-18.437],[12.592,0],[0,18.437],[-12.592,0]],"o":[[0,18.437],[-12.592,0],[0,-18.437],[12.592,0]],"v":[[90.23,-19.502],[67.431,13.88],[44.631,-19.502],[67.431,-52.884]],"c":true}]},{"i":{"x":0.7,"y":1},"o":{"x":0.5,"y":0},"t":75,"s":[{"i":[[-0.275,-4.386],[17.606,-0.566],[0.275,4.386],[-17.606,0.566]],"o":[[0.275,4.386],[-17.606,0.566],[-0.275,-4.386],[17.606,-0.566]],"v":[[99.561,-20.677],[68.054,-18.612],[35.804,-18.629],[67.184,-27.594]],"c":true}]},{"t":83,"s":[{"i":[[0,-18.437],[12.592,0],[0,18.437],[-12.592,0]],"o":[[0,18.437],[-12.592,0],[0,-18.437],[12.592,0]],"v":[[90.23,-19.502],[67.431,13.88],[44.631,-19.502],[67.431,-52.884]],"c":true}]}]},"nm":"Path 1","hd":false},{"ty":"fl","c":{"a":0,"k":[0.560784339905,0.227450981736,0,1]},"o":{"a":0,"k":100},"r":1,"bm":0,"nm":"Fill 1","hd":false},{"ty":"tr","p":{"a":0,"k":[0,0]},"a":{"a":0,"k":[0,0]},"s":{"a":0,"k":[100,100]},"r":{"a":0,"k":0},"o":{"a":0,"k":100},"sk":{"a":0,"k":0},"sa":{"a":0,"k":0},"nm":"Transform"}],"nm":"Group 2","bm":0,"hd":false},{"ty":"gr","it":[{"ind":0,"ty":"sh","ks":{"a":1,"k":[{"i":{"x":0.5,"y":1},"o":{"x":0.3,"y":0},"t":67,"s":[{"i":[[0,-18.437],[13.431,0],[0,18.437],[-13.431,0]],"o":[[0,18.437],[-13.431,0],[0,-18.437],[13.431,0]],"v":[[91.75,-25.08],[67.431,8.302],[43.111,-25.08],[67.431,-58.463]],"c":true}]},{"i":{"x":0.7,"y":1},"o":{"x":0.5,"y":0},"t":75,"s":[{"i":[[-0.275,-4.386],[18.78,-0.603],[0.275,4.386],[-18.78,0.603]],"o":[[0.275,4.386],[-18.78,0.603],[-0.275,-4.386],[18.78,-0.603]],"v":[[101.602,-23.386],[67.095,-20.567],[33.596,-21.201],[67.102,-32.647]],"c":true}]},{"t":83,"s":[{"i":[[0,-18.437],[13.431,0],[0,18.437],[-13.431,0]],"o":[[0,18.437],[-13.431,0],[0,-18.437],[13.431,0]],"v":[[91.75,-25.08],[67.431,8.302],[43.111,-25.08],[67.431,-58.463]],"c":true}]}]},"nm":"Path 1","hd":false},{"ty":"fl","c":{"a":0,"k":[1,0.678431391716,0,1]},"o":{"a":0,"k":100},"r":1,"bm":0,"nm":"Fill 1","hd":false},{"ty":"tr","p":{"a":0,"k":[0,0]},"a":{"a":0,"k":[0,0]},"s":{"a":0,"k":[100,100]},"r":{"a":0,"k":0},"o":{"a":0,"k":100},"sk":{"a":0,"k":0},"sa":{"a":0,"k":0},"nm":"Transform"}],"nm":"Group 4","bm":0,"hd":false},{"ty":"tr","p":{"a":0,"k":[0,0]},"a":{"a":0,"k":[0,0]},"s":{"a":0,"k":[100,100]},"r":{"a":0,"k":0},"o":{"a":0,"k":100},"sk":{"a":0,"k":0},"sa":{"a":0,"k":0},"nm":"Transform"}],"nm":"Group 2","bm":0,"hd":false}],"ip":21,"op":117,"st":0,"bm":0},{"ddd":0,"ind":6,"ty":4,"nm":"Mouth Close","parent":1,"sr":1,"ks":{"p":{"a":0,"k":[47.989,135.663,0]},"a":{"a":0,"k":[-1.011,78.663,0]}},"ao":0,"shapes":[{"ty":"gr","it":[{"ind":0,"ty":"sh","ks":{"a":1,"k":[{"i":{"x":0.6,"y":1},"o":{"x":0.7,"y":0},"t":0,"s":[{"i":[[0.92,-2.38],[61.12,0],[5.03,-2.85],[-0.82,0.67],[-60.47,0],[-4.61,-3.75]],"o":[[-5,-2.85],[-59.77,0],[-0.92,-2.38],[4.61,-3.75],[61.83,0],[0.82,0.67]],"v":[[89.077,56.187],[-1.252,85.077],[-91.592,56.187],[-91.762,51.457],[-1.252,79.237],[89.247,51.457]],"c":true}]},{"i":{"x":0.3,"y":1},"o":{"x":0.4,"y":0},"t":21,"s":[{"i":[[0.787,-2.009],[52.266,0],[4.301,-2.405],[-0.702,0.564],[-51.71,0],[-3.942,-3.164]],"o":[[-4.276,-2.405],[-51.111,0],[-0.787,-2.009],[3.942,-3.164],[52.873,0],[0.701,0.565]],"v":[[76.627,44.281],[-0.867,63.91],[-77.87,44.281],[-78.015,40.289],[-0.867,58.982],[76.772,40.289]],"c":true}]},{"i":{"x":0.3,"y":1},"o":{"x":0.4,"y":0},"t":40,"s":[{"i":[[0.787,-2.009],[52.266,0],[4.301,-2.405],[-0.702,0.564],[-51.71,0],[-3.942,-3.164]],"o":[[-4.276,-2.405],[-51.111,0],[-0.787,-2.009],[3.942,-3.164],[52.873,0],[0.701,0.565]],"v":[[85.627,58.781],[-1.117,63.91],[-88.87,58.531],[-89.015,54.539],[-1.117,58.982],[85.772,54.789]],"c":true}]},{"i":{"x":0.6,"y":1},"o":{"x":0.7,"y":0},"t":99,"s":[{"i":[[0.787,-2.009],[52.266,0],[4.301,-2.405],[-0.702,0.564],[-51.71,0],[-3.942,-3.164]],"o":[[-4.276,-2.405],[-51.111,0],[-0.787,-2.009],[3.942,-3.164],[52.873,0],[0.701,0.565]],"v":[[85.627,58.781],[-1.117,63.91],[-88.87,58.531],[-89.015,54.539],[-1.117,58.982],[85.772,54.789]],"c":true}]},{"i":{"x":0.3,"y":1},"o":{"x":0.4,"y":0},"t":117,"s":[{"i":[[0.787,-2.009],[52.266,0],[4.301,-2.405],[-0.702,0.564],[-51.71,0],[-3.942,-3.164]],"o":[[-4.276,-2.405],[-51.111,0],[-0.787,-2.009],[3.942,-3.164],[52.873,0],[0.701,0.565]],"v":[[76.627,44.281],[-0.867,63.91],[-77.87,44.281],[-78.015,40.289],[-0.867,58.982],[76.772,40.289]],"c":true}]},{"i":{"x":0.162,"y":1},"o":{"x":0.3,"y":0},"t":134,"s":[{"i":[[0.855,-2.75],[56.793,0],[4.674,-3.293],[-0.763,0.772],[-56.189,0],[-4.275,-4.342]],"o":[[-4.646,-3.293],[-55.539,0],[-0.855,-2.75],[4.284,-4.332],[57.453,0],[0.762,0.774]],"v":[[82.749,58.168],[-1.186,84.284],[-85.131,58.168],[-85.289,52.704],[-1.186,77.537],[82.907,52.704]],"c":true}]},{"t":179,"s":[{"i":[[0.92,-2.38],[61.12,0],[5.03,-2.85],[-0.82,0.67],[-60.47,0],[-4.61,-3.75]],"o":[[-5,-2.85],[-59.77,0],[-0.92,-2.38],[4.61,-3.75],[61.83,0],[0.82,0.67]],"v":[[89.077,56.187],[-1.252,85.077],[-91.592,56.187],[-91.762,51.457],[-1.252,79.237],[89.247,51.457]],"c":true}]}]},"nm":"Path 1","hd":false},{"ty":"fl","c":{"a":0,"k":[0.454901963472,0.0941176489,0,1]},"o":{"a":0,"k":100},"r":1,"bm":0,"nm":"Fill 1","hd":false},{"ty":"tr","p":{"a":0,"k":[0,0]},"a":{"a":0,"k":[0,0]},"s":{"a":0,"k":[100,100]},"r":{"a":0,"k":0},"o":{"a":0,"k":100},"sk":{"a":0,"k":0},"sa":{"a":0,"k":0},"nm":"Transform"}],"nm":"Group 1","bm":0,"hd":false},{"ty":"gr","it":[{"ind":0,"ty":"sh","ks":{"a":1,"k":[{"i":{"x":0.6,"y":1},"o":{"x":0.7,"y":0},"t":0,"s":[{"i":[[5.338,4.35],[61.836,0],[4.612,-3.758],[-63.544,0]],"o":[[-4.612,-3.758],[-60.47,0],[-5.338,4.35],[63.544,0]],"v":[[89.252,51.461],[-1.257,79.234],[-91.766,51.461],[-1.257,102.732]],"c":true}]},{"i":{"x":0.3,"y":1},"o":{"x":0.4,"y":0},"t":21,"s":[{"i":[[4.565,3.671],[52.878,0],[3.944,-3.171],[-54.339,0]],"o":[[-3.944,-3.171],[-51.71,0],[-4.565,3.67],[54.339,0]],"v":[[76.776,40.293],[-0.871,58.979],[-78.018,40.293],[-0.371,73.808]],"c":true}]},{"i":{"x":0.3,"y":1},"o":{"x":0.4,"y":0},"t":40,"s":[{"i":[[4.565,3.671],[52.878,0],[3.944,-3.171],[-68.371,1.111]],"o":[[-3.944,-3.171],[-51.71,0],[-4.565,3.67],[65.121,-1.058]],"v":[[85.776,54.793],[-1.121,58.979],[-89.018,54.543],[-2.121,113.058]],"c":true}]},{"i":{"x":0.6,"y":1},"o":{"x":0.7,"y":0},"t":99,"s":[{"i":[[4.565,3.671],[52.878,0],[3.944,-3.171],[-68.371,1.111]],"o":[[-3.944,-3.171],[-51.71,0],[-4.565,3.67],[65.121,-1.058]],"v":[[85.776,54.793],[-1.121,58.979],[-89.018,54.543],[-2.121,113.058]],"c":true}]},{"i":{"x":0.3,"y":1},"o":{"x":0.4,"y":0},"t":117,"s":[{"i":[[4.565,3.671],[52.878,0],[3.944,-3.171],[-54.339,0]],"o":[[-3.944,-3.171],[-51.71,0],[-4.565,3.67],[54.339,0]],"v":[[76.776,40.293],[-0.871,58.979],[-78.018,40.293],[-0.371,73.808]],"c":true}]},{"i":{"x":0.162,"y":1},"o":{"x":0.3,"y":0},"t":134,"s":[{"i":[[4.96,5.025],[57.459,0],[4.286,-4.341],[-59.046,0]],"o":[[-4.285,-4.342],[-56.189,0],[-4.96,5.025],[59.046,0]],"v":[[82.911,52.709],[-1.191,77.534],[-85.292,52.709],[-1.668,110.384]],"c":true}]},{"t":179,"s":[{"i":[[5.338,4.35],[61.836,0],[4.612,-3.758],[-63.544,0]],"o":[[-4.612,-3.758],[-60.47,0],[-5.338,4.35],[63.544,0]],"v":[[89.252,51.461],[-1.257,79.234],[-91.766,51.461],[-1.257,102.732]],"c":true}]}]},"nm":"Path 1","hd":false},{"ty":"fl","c":{"a":0,"k":[0.560784339905,0.227450981736,0,1]},"o":{"a":0,"k":100},"r":1,"bm":0,"nm":"Fill 1","hd":false},{"ty":"tr","p":{"a":0,"k":[0,0]},"a":{"a":0,"k":[0,0]},"s":{"a":0,"k":[100,100]},"r":{"a":0,"k":0},"o":{"a":0,"k":100},"sk":{"a":0,"k":0},"sa":{"a":0,"k":0},"nm":"Transform"}],"nm":"Group 2","bm":0,"hd":false},{"ty":"gr","it":[{"ind":0,"ty":"sh","ks":{"a":1,"k":[{"i":{"x":0.6,"y":1},"o":{"x":0.7,"y":0},"t":0,"s":[{"i":[[4.9,4.867],[62.576,0],[6.377,-5.995],[-64.304,0]],"o":[[-6.206,-6.165],[-61.193,0],[-5.032,4.73],[64.304,0]],"v":[[89.418,49.592],[-1.257,73.182],[-91.918,49.614],[-1.257,102.446]],"c":true}]},{"i":{"x":0.3,"y":1},"o":{"x":0.4,"y":0},"t":21,"s":[{"i":[[4.19,4.107],[53.51,0],[5.453,-5.059],[-54.989,0]],"o":[[-5.307,-5.203],[-52.328,0],[-4.303,3.991],[54.989,0]],"v":[[76.918,38.715],[-0.871,53.872],[-78.148,38.734],[-0.371,73.567]],"c":true}]},{"i":{"x":0.3,"y":1},"o":{"x":0.4,"y":0},"t":40,"s":[{"i":[[4.19,4.107],[53.51,0],[5.453,-5.059],[-69.125,0.82]],"o":[[-5.307,-5.203],[-52.328,0],[-4.303,3.991],[68.871,-0.817]],"v":[[85.918,53.215],[-0.371,57.872],[-89.148,52.984],[-2.121,112.817]],"c":true}]},{"i":{"x":0.6,"y":1},"o":{"x":0.7,"y":0},"t":99,"s":[{"i":[[4.19,4.107],[53.51,0],[5.453,-5.059],[-69.125,0.82]],"o":[[-5.307,-5.203],[-52.328,0],[-4.303,3.991],[68.871,-0.817]],"v":[[85.918,53.215],[-0.371,57.872],[-89.148,52.984],[-2.121,112.817]],"c":true}]},{"i":{"x":0.3,"y":1},"o":{"x":0.4,"y":0},"t":117,"s":[{"i":[[4.19,4.107],[53.51,0],[5.453,-5.059],[-54.989,0]],"o":[[-5.307,-5.203],[-52.328,0],[-4.303,3.991],[54.989,0]],"v":[[76.918,38.715],[-0.871,53.872],[-78.148,38.734],[-0.371,73.567]],"c":true}]},{"i":{"x":0.162,"y":1},"o":{"x":0.3,"y":0},"t":134,"s":[{"i":[[4.553,5.623],[58.146,0],[5.926,-6.925],[-59.752,0]],"o":[[-5.767,-7.123],[-56.861,0],[-4.676,5.464],[59.752,0]],"v":[[83.066,50.549],[-1.191,70.542],[-85.434,50.574],[-1.668,110.054]],"c":true}]},{"t":179,"s":[{"i":[[4.9,4.867],[62.576,0],[6.377,-5.995],[-64.304,0]],"o":[[-6.206,-6.165],[-61.193,0],[-5.032,4.73],[64.304,0]],"v":[[89.418,49.592],[-1.257,73.182],[-91.918,49.614],[-1.257,102.446]],"c":true}]}]},"nm":"Path 1","hd":false},{"ty":"fl","c":{"a":0,"k":[1,0.678431391716,0,1]},"o":{"a":0,"k":100},"r":1,"bm":0,"nm":"Fill 1","hd":false},{"ty":"tr","p":{"a":0,"k":[0,0]},"a":{"a":0,"k":[0,0]},"s":{"a":0,"k":[100,100]},"r":{"a":0,"k":0},"o":{"a":0,"k":100},"sk":{"a":0,"k":0},"sa":{"a":0,"k":0},"nm":"Transform"}],"nm":"Group 3","bm":0,"hd":false},{"ty":"gr","it":[{"ind":0,"ty":"sh","ks":{"a":1,"k":[{"i":{"x":0.6,"y":1},"o":{"x":0.7,"y":0},"t":0,"s":[{"i":[[10.787,8.029],[62.916,0],[4.381,-4.117],[-64.654,0]],"o":[[-4.822,-3.589],[-61.525,0],[-8.908,8.37],[64.654,0]],"v":[[89.252,49.461],[-1.257,83.077],[-91.766,49.461],[-1.257,108.575]],"c":true}]},{"i":{"x":0.3,"y":1},"o":{"x":0.4,"y":0},"t":21,"s":[{"i":[[9.224,6.775],[53.801,0],[3.746,-3.474],[-55.288,0]],"o":[[-4.124,-3.029],[-52.612,0],[-7.617,7.063],[55.288,0]],"v":[[76.776,38.605],[-0.871,62.222],[-78.018,38.605],[-0.371,78.739]],"c":true}]},{"i":{"x":0.3,"y":1},"o":{"x":0.4,"y":0},"t":40,"s":[{"i":[[9.224,6.775],[53.801,0],[3.746,-3.474],[-69.886,0.766]],"o":[[-4.124,-3.029],[-52.612,0],[-7.617,7.063],[67.371,-0.739]],"v":[[85.776,53.105],[-1.121,62.222],[-89.018,52.855],[-2.121,117.989]],"c":true}]},{"i":{"x":0.6,"y":1},"o":{"x":0.7,"y":0},"t":99,"s":[{"i":[[9.224,6.775],[53.801,0],[3.746,-3.474],[-69.886,0.766]],"o":[[-4.124,-3.029],[-52.612,0],[-7.617,7.063],[67.371,-0.739]],"v":[[85.776,53.105],[-1.121,62.222],[-89.018,52.855],[-2.121,117.989]],"c":true}]},{"i":{"x":0.3,"y":1},"o":{"x":0.4,"y":0},"t":117,"s":[{"i":[[9.224,6.775],[53.801,0],[3.746,-3.474],[-55.288,0]],"o":[[-4.124,-3.029],[-52.612,0],[-7.617,7.063],[55.288,0]],"v":[[76.776,38.605],[-0.871,62.222],[-78.018,38.605],[-0.371,78.739]],"c":true}]},{"i":{"x":0.162,"y":1},"o":{"x":0.3,"y":0},"t":134,"s":[{"i":[[10.023,9.275],[58.462,0],[4.071,-4.756],[-60.077,0]],"o":[[-4.481,-4.147],[-57.17,0],[-8.277,9.67],[60.077,0]],"v":[[82.911,50.398],[-1.191,81.974],[-85.292,50.398],[-1.668,117.135]],"c":true}]},{"t":179,"s":[{"i":[[10.787,8.029],[62.916,0],[4.381,-4.117],[-64.654,0]],"o":[[-4.822,-3.589],[-61.525,0],[-8.908,8.37],[64.654,0]],"v":[[89.252,49.461],[-1.257,83.077],[-91.766,49.461],[-1.257,108.575]],"c":true}]}]},"nm":"Path 1","hd":false},{"ty":"fl","c":{"a":0,"k":[1,0.929411768913,0.713725507259,1]},"o":{"a":0,"k":100},"r":1,"bm":0,"nm":"Fill 1","hd":false},{"ty":"tr","p":{"a":0,"k":[0,0]},"a":{"a":0,"k":[0,0]},"s":{"a":0,"k":[100,100]},"r":{"a":0,"k":0},"o":{"a":0,"k":100},"sk":{"a":0,"k":0},"sa":{"a":0,"k":0},"nm":"Transform"}],"nm":"Group 4","bm":0,"hd":false}],"ip":0,"op":180,"st":0,"bm":0},{"ddd":0,"ind":7,"ty":4,"nm":"Shadow Glasses","parent":3,"sr":1,"ks":{"p":{"a":0,"k":[-1.511,-48.245,0]},"a":{"a":0,"k":[-1.511,-48.245,0]}},"ao":0,"shapes":[{"ty":"gr","it":[{"ind":0,"ty":"sh","ks":{"a":1,"k":[{"i":{"x":0.7,"y":1},"o":{"x":0.7,"y":0},"t":0,"s":[{"i":[[11.083,0.686],[52.697,15.687],[0,-10.971],[-3.086,-11.657],[-12.686,-11.657],[-19.2,0],[-16.457,18.171],[-1.71,7.712],[-1.632,0],[0,0],[0,0],[-0.353,-1.593],[-13.438,-14.838],[-19.2,0],[-11.782,10.827],[-3.085,11.657],[0,10.971]],"o":[[-97.707,27.554],[-11.082,0.686],[0,10.971],[3.086,11.657],[11.782,10.827],[19.2,0],[13.438,-14.838],[0.353,-1.593],[0,0],[0,0],[1.632,0],[1.71,7.712],[16.457,18.171],[19.2,0],[12.686,-11.657],[3.086,-11.657],[0,-10.971]],"v":[[145.346,-70.187],[-147.369,-70.187],[-166.687,-59.559],[-156.744,-37.273],[-133.087,17.927],[-81.429,33.698],[-26.915,12.784],[-3.872,-34.149],[-1.011,-36.873],[-1.011,-36.873],[-1.011,-36.873],[1.85,-34.149],[24.893,12.784],[79.408,33.698],[131.064,17.927],[154.721,-37.273],[164.664,-59.559]],"c":true}]},{"i":{"x":0.3,"y":1},"o":{"x":0.4,"y":0},"t":21,"s":[{"i":[[10.956,0.602],[52.098,13.776],[0,-9.634],[-3.051,-10.236],[-12.541,-10.236],[-18.981,0],[-16.27,15.957],[-1.691,6.772],[-1.613,0],[0,0],[0,0],[-0.349,-1.399],[-13.285,-13.03],[-18.981,0],[-11.648,9.507],[-3.051,10.236],[0,9.634]],"o":[[-96.595,24.196],[-10.956,0.602],[0,9.634],[3.051,10.236],[11.648,9.507],[18.981,0],[13.285,-13.03],[0.349,-1.399],[0,0],[0,0],[1.613,0],[1.691,6.772],[16.27,15.957],[18.981,0],[12.542,-10.236],[3.051,-10.236],[0,-9.634]],"v":[[143.681,-70.236],[-145.703,-70.236],[-151.48,-59.929],[-154.972,-41.333],[-131.584,7.14],[-80.514,20.989],[-26.62,2.624],[-3.84,-38.589],[-1.011,-40.982],[-1.011,-40.982],[-1.011,-40.982],[1.818,-38.589],[24.598,2.624],[78.492,20.989],[129.561,7.14],[152.949,-41.333],[147.484,-61.146]],"c":true}]},{"i":{"x":0.3,"y":1},"o":{"x":0.3,"y":0},"t":40,"s":[{"i":[[14.073,-2.846],[56.699,5.988],[2.711,-8.463],[-3.166,-9.477],[-16.707,-13.421],[-19.702,0],[-16.888,14.773],[-1.755,6.27],[-1.675,0],[0,0],[0,0],[-0.363,-1.295],[-13.79,-12.063],[-19.702,0],[-12.09,8.801],[-3.167,9.477],[0,8.919]],"o":[[-111.176,3.91],[-11.372,0.557],[-4.478,13.977],[3.166,9.477],[11.679,9.382],[19.702,0],[13.79,-12.063],[0.363,-1.295],[0,0],[0,0],[1.674,0],[1.755,6.27],[16.888,14.773],[19.702,0],[13.018,-9.477],[3.167,-9.477],[0,-8.919]],"v":[[149.927,-70.994],[-151.199,-69.955],[-172.022,-69.628],[-160.819,-43.197],[-134.043,0.379],[-83.534,14.5],[-28.343,-3.542],[-3.947,-40.657],[-1.011,-42.871],[-1.011,-42.871],[-1.011,-42.871],[1.925,-40.657],[26.571,-3.282],[81.512,14.5],[132.021,-1.699],[158.797,-43.197],[170.25,-65.211]],"c":true}]},{"i":{"x":0.7,"y":1},"o":{"x":0.3,"y":0},"t":56,"s":[{"i":[[14.073,-2.661],[56.699,5.6],[2.711,-7.914],[-3.166,-8.863],[-16.707,-12.551],[-19.702,0],[-16.888,13.815],[-1.755,5.863],[-1.675,0],[0,0],[0,0],[-0.363,-1.211],[-13.79,-11.281],[-19.702,0],[-12.09,8.231],[-3.167,8.863],[0,8.341]],"o":[[-111.176,3.656],[-11.372,0.521],[-4.478,13.071],[3.166,8.863],[11.679,8.774],[19.702,0],[13.79,-11.281],[0.363,-1.211],[0,0],[0,0],[1.674,0],[1.755,5.863],[16.888,13.815],[19.702,0],[13.018,-8.863],[3.167,-8.863],[0,-8.341]],"v":[[149.927,-71.454],[-151.199,-70.482],[-172.022,-70.177],[-160.819,-45.458],[-134.043,-4.706],[-83.534,8.5],[-28.343,-8.373],[-3.947,-43.082],[-1.011,-45.154],[-1.011,-45.154],[-1.011,-45.154],[1.925,-43.082],[26.571,-8.13],[81.512,8.5],[132.021,-6.649],[158.797,-45.458],[170.25,-66.046]],"c":true}]},{"i":{"x":0.7,"y":1},"o":{"x":0.6,"y":0},"t":85,"s":[{"i":[[14.073,-2.661],[56.699,5.6],[2.711,-7.914],[-3.166,-8.863],[-16.707,-12.551],[-19.702,0],[-16.888,13.815],[-1.755,5.863],[-1.675,0],[0,0],[0,0],[-0.363,-1.211],[-13.79,-11.281],[-19.702,0],[-12.09,8.231],[-3.167,8.863],[0,8.341]],"o":[[-111.176,3.656],[-11.372,0.521],[-4.478,13.071],[3.166,8.863],[11.679,8.774],[19.702,0],[13.79,-11.281],[0.363,-1.211],[0,0],[0,0],[1.674,0],[1.755,5.863],[16.888,13.815],[19.702,0],[13.018,-8.863],[3.167,-8.863],[0,-8.341]],"v":[[149.927,-71.454],[-151.199,-70.482],[-172.022,-70.177],[-160.819,-45.458],[-134.043,-4.706],[-83.534,8.5],[-28.343,-8.373],[-3.947,-43.082],[-1.011,-45.154],[-1.011,-45.154],[-1.011,-45.154],[1.925,-43.082],[26.571,-8.13],[81.512,8.5],[132.021,-6.649],[158.797,-45.458],[170.25,-66.046]],"c":true}]},{"i":{"x":0.6,"y":1},"o":{"x":0.7,"y":0},"t":99,"s":[{"i":[[14.073,-2.846],[56.699,5.988],[2.711,-8.463],[-3.166,-9.477],[-16.707,-13.421],[-19.702,0],[-16.888,14.773],[-1.755,6.27],[-1.675,0],[0,0],[0,0],[-0.363,-1.295],[-13.79,-12.063],[-19.702,0],[-12.09,8.801],[-3.167,9.477],[0,8.919]],"o":[[-111.176,3.91],[-11.372,0.557],[-4.478,13.977],[3.166,9.477],[11.679,9.382],[19.702,0],[13.79,-12.063],[0.363,-1.295],[0,0],[0,0],[1.674,0],[1.755,6.27],[16.888,14.773],[19.702,0],[13.018,-9.477],[3.167,-9.477],[0,-8.919]],"v":[[149.927,-70.994],[-151.199,-69.955],[-172.022,-69.628],[-160.819,-43.197],[-134.043,0.379],[-83.534,14.5],[-28.343,-3.542],[-3.947,-40.657],[-1.011,-42.871],[-1.011,-42.871],[-1.011,-42.871],[1.925,-40.657],[26.571,-3.282],[81.512,14.5],[132.021,-1.699],[158.797,-43.197],[170.25,-65.211]],"c":true}]},{"i":{"x":0.3,"y":1},"o":{"x":0.4,"y":0},"t":117,"s":[{"i":[[10.922,0.592],[51.932,13.55],[0,-9.477],[-3.041,-10.069],[-12.501,-10.069],[-18.921,0],[-16.218,15.696],[-1.685,6.661],[-1.608,0],[0,0],[0,0],[-0.348,-1.376],[-13.243,-12.817],[-18.921,0],[-11.611,9.351],[-3.041,10.069],[0,9.477]],"o":[[-96.287,23.8],[-10.921,0.592],[0,9.477],[3.041,10.069],[11.611,9.352],[18.921,0],[13.243,-12.817],[0.348,-1.376],[0,0],[0,0],[1.608,0],[1.685,6.661],[16.218,15.696],[18.921,0],[12.502,-10.069],[3.041,-10.069],[0,-9.477]],"v":[[143.22,-70.245],[-145.243,-70.245],[-151.001,-60.107],[-154.481,-41.814],[-131.168,5.866],[-80.261,19.489],[-26.539,1.424],[-3.831,-39.115],[-1.011,-41.469],[-1.011,-41.469],[-1.011,-41.469],[1.809,-39.115],[24.516,1.424],[78.239,19.489],[129.145,5.866],[152.459,-41.814],[147.011,-61.304]],"c":true}]},{"i":{"x":0.2,"y":1},"o":{"x":0.3,"y":0},"t":134,"s":[{"i":[[11.083,0.714],[52.697,16.335],[0,-11.424],[-3.086,-12.138],[-12.686,-12.138],[-19.2,0],[-16.457,18.921],[-1.71,8.03],[-1.632,0],[0,0],[0,0],[-0.353,-1.659],[-13.438,-15.451],[-19.2,0],[-11.782,11.273],[-3.086,12.138],[0,11.424]],"o":[[-97.707,28.691],[-11.082,0.714],[0,11.424],[3.086,12.138],[11.782,11.273],[19.2,0],[13.438,-15.451],[0.353,-1.659],[0,0],[0,0],[1.632,0],[1.71,8.03],[16.457,18.921],[19.2,0],[12.686,-12.138],[3.086,-12.138],[0,-11.424]],"v":[[145.346,-70.173],[-147.369,-70.173],[-166.687,-59.106],[-156.744,-35.901],[-133.087,21.578],[-81.429,38],[-26.915,16.223],[-3.872,-32.647],[-1.011,-35.484],[-1.011,-35.484],[-1.011,-35.484],[1.85,-32.647],[24.893,16.223],[79.408,38],[131.064,21.578],[154.721,-35.901],[164.664,-59.106]],"c":true}]},{"t":179,"s":[{"i":[[11.083,0.686],[52.697,15.687],[0,-10.971],[-3.086,-11.657],[-12.686,-11.657],[-19.2,0],[-16.457,18.171],[-1.71,7.712],[-1.632,0],[0,0],[0,0],[-0.353,-1.593],[-13.438,-14.838],[-19.2,0],[-11.782,10.827],[-3.085,11.657],[0,10.971]],"o":[[-97.707,27.554],[-11.082,0.686],[0,10.971],[3.086,11.657],[11.782,10.827],[19.2,0],[13.438,-14.838],[0.353,-1.593],[0,0],[0,0],[1.632,0],[1.71,7.712],[16.457,18.171],[19.2,0],[12.686,-11.657],[3.086,-11.657],[0,-10.971]],"v":[[145.346,-70.187],[-147.369,-70.187],[-166.687,-59.559],[-156.744,-37.273],[-133.087,17.927],[-81.429,33.698],[-26.915,12.784],[-3.872,-34.149],[-1.011,-36.873],[-1.011,-36.873],[-1.011,-36.873],[1.85,-34.149],[24.893,12.784],[79.408,33.698],[131.064,17.927],[154.721,-37.273],[164.664,-59.559]],"c":true}]}]},"nm":"Path 1","hd":false},{"ty":"fl","c":{"a":0,"k":[1,0.678431391716,0,1]},"o":{"a":0,"k":100},"r":1,"bm":0,"nm":"Fill 1","hd":false},{"ty":"tr","p":{"a":0,"k":[0,0]},"a":{"a":0,"k":[0,0]},"s":{"a":0,"k":[100,100]},"r":{"a":0,"k":0},"o":{"a":0,"k":100},"sk":{"a":0,"k":0},"sa":{"a":0,"k":0},"nm":"Transform"}],"nm":"Group 1","bm":0,"hd":false}],"ip":0,"op":180,"st":0,"bm":0},{"ddd":0,"ind":8,"ty":4,"nm":"HEAD","sr":1,"ks":{"p":{"a":1,"k":[{"i":{"x":0.6,"y":1},"o":{"x":0.7,"y":0},"t":0,"s":[255.898,262.856,0],"to":[0,0,0],"ti":[0,0,0]},{"i":{"x":0.29,"y":1},"o":{"x":0.4,"y":0},"t":24,"s":[255.898,238.856,0],"to":[0,0,0],"ti":[0,0,0]},{"i":{"x":0.3,"y":0.841},"o":{"x":0.4,"y":0},"t":43,"s":[255.898,282.856,0],"to":[0,0,0],"ti":[0,0,0]},{"i":{"x":0.592,"y":1},"o":{"x":0.3,"y":0.32},"t":61,"s":[255.898,257.856,0],"to":[0,0,0],"ti":[0,0,0]},{"i":{"x":0.7,"y":1},"o":{"x":0.6,"y":0},"t":88,"s":[255.898,265.856,0],"to":[0,0,0],"ti":[0,0,0]},{"i":{"x":0.6,"y":1},"o":{"x":0.7,"y":0},"t":102,"s":[255.898,284.856,0],"to":[0,0,0],"ti":[0,0,0]},{"i":{"x":0.3,"y":1},"o":{"x":0.4,"y":0},"t":120,"s":[255.898,238.856,0],"to":[0,0,0],"ti":[0,0,0]},{"i":{"x":0.13,"y":1},"o":{"x":0.3,"y":0},"t":139,"s":[255.898,284.856,0],"to":[0,0,0],"ti":[0,0,0]},{"t":179,"s":[255.898,262.856,0]}]},"a":{"a":0,"k":[-0.102,6.856,0]},"s":{"a":1,"k":[{"i":{"x":[0.7,0.7,0.7],"y":[1,1,1]},"o":{"x":[0.3,0.3,0.3],"y":[0,0,0]},"t":0,"s":[100,100,100]},{"i":{"x":[0.7,0.7,0.7],"y":[1,1,1]},"o":{"x":[0.3,0.3,0.3],"y":[0,0,0]},"t":21,"s":[98,102,100]},{"i":{"x":[0.7,0.7,0.7],"y":[1,1,1]},"o":{"x":[0.3,0.3,0.3],"y":[0,0,0]},"t":40,"s":[102,97,100]},{"i":{"x":[0.599,0.599,0.4],"y":[1,1,1]},"o":{"x":[0.3,0.3,0.3],"y":[0,0,0]},"t":58,"s":[99,101,100]},{"i":{"x":[0.7,0.7,0.7],"y":[1,1,1]},"o":{"x":[0.3,0.3,0.3],"y":[0,0,0]},"t":90,"s":[100,100,100]},{"i":{"x":[0.7,0.7,0.7],"y":[1,1,1]},"o":{"x":[0.3,0.3,0.3],"y":[0,0,0]},"t":104,"s":[102,98,100]},{"i":{"x":[0.7,0.7,0.7],"y":[1,1,1]},"o":{"x":[0.3,0.3,0.3],"y":[0,0,0]},"t":122,"s":[98,102,100]},{"i":{"x":[0.7,0.7,0.7],"y":[1,1,1]},"o":{"x":[0.3,0.3,0.3],"y":[0,0,0]},"t":139,"s":[102,98,100]},{"t":157,"s":[100,100,100]}]}},"ao":0,"shapes":[{"ty":"gr","it":[{"ty":"gr","it":[{"ind":0,"ty":"sh","ks":{"a":0,"k":{"i":[[0,0],[-7.723,-1.278]],"o":[[0,0],[0,0]],"v":[[14.917,-177.179],[27.507,-175.641]],"c":false}},"nm":"Path 1","hd":false},{"ty":"st","c":{"a":0,"k":[1,1,1,1]},"o":{"a":0,"k":100},"w":{"a":0,"k":6},"lc":2,"lj":2,"bm":0,"nm":"Stroke 1","hd":false},{"ty":"tr","p":{"a":0,"k":[0,0]},"a":{"a":0,"k":[0,0]},"s":{"a":0,"k":[100,100]},"r":{"a":0,"k":0},"o":{"a":0,"k":100},"sk":{"a":0,"k":0},"sa":{"a":0,"k":0},"nm":"Transform"}],"nm":"Group 1","bm":0,"hd":false},{"ty":"gr","it":[{"ind":0,"ty":"sh","ks":{"a":0,"k":{"i":[[0,0],[-1.645,-0.406]],"o":[[1.538,0.335],[0,0]],"v":[[36.271,-173.96],[41.049,-172.849]],"c":false}},"nm":"Path 1","hd":false},{"ty":"st","c":{"a":0,"k":[1,1,1,1]},"o":{"a":0,"k":100},"w":{"a":0,"k":6},"lc":2,"lj":2,"bm":0,"nm":"Stroke 1","hd":false},{"ty":"tr","p":{"a":0,"k":[0,0]},"a":{"a":0,"k":[0,0]},"s":{"a":0,"k":[100,100]},"r":{"a":0,"k":0},"o":{"a":0,"k":100},"sk":{"a":0,"k":0},"sa":{"a":0,"k":0},"nm":"Transform"}],"nm":"Group 2","bm":0,"hd":false},{"ty":"tr","p":{"a":0,"k":[0,0]},"a":{"a":0,"k":[0,0]},"s":{"a":0,"k":[100,100]},"r":{"a":0,"k":0},"o":{"a":0,"k":100},"sk":{"a":0,"k":0},"sa":{"a":0,"k":0},"nm":"Transform"}],"nm":"Group 1","bm":0,"hd":false},{"ty":"gr","it":[{"ind":0,"ty":"sh","ks":{"a":0,"k":{"i":[[0,-72.643],[82.438,0],[0,72.643],[-82.438,0]],"o":[[0,72.643],[-82.438,0],[0,-72.643],[82.438,0]],"v":[[149.166,-46.647],[-0.102,-31.468],[-149.369,-46.647],[-0.102,-178.179]],"c":true}},"nm":"Path 1","hd":false},{"ty":"fl","c":{"a":0,"k":[1,0.870588243008,0.40000000596,1]},"o":{"a":0,"k":100},"r":1,"bm":0,"nm":"Fill 1","hd":false},{"ty":"tr","p":{"a":0,"k":[0,0]},"a":{"a":0,"k":[0,0]},"s":{"a":0,"k":[100,100]},"r":{"a":0,"k":0},"o":{"a":0,"k":90},"sk":{"a":0,"k":0},"sa":{"a":0,"k":0},"nm":"Transform"}],"nm":"Group 2","bm":0,"hd":false},{"ty":"gr","it":[{"ind":0,"ty":"sh","ks":{"a":0,"k":{"i":[[1.457,-95.029],[92.978,1.425],[-1.457,95.029],[-92.978,-1.425]],"o":[[-1.457,95.028],[-92.978,-1.425],[1.456,-95.029],[92.978,1.425]],"v":[[168.306,-3.506],[-2.683,165.978],[-168.397,-8.667],[2.591,-178.15]],"c":true}},"nm":"Path 1","hd":false},{"ty":"fl","c":{"a":0,"k":[1,0.811764717102,0,1]},"o":{"a":0,"k":100},"r":1,"bm":0,"nm":"Fill 1","hd":false},{"ty":"tr","p":{"a":0,"k":[0,0]},"a":{"a":0,"k":[0,0]},"s":{"a":0,"k":[100,100]},"r":{"a":0,"k":0},"o":{"a":0,"k":100},"sk":{"a":0,"k":0},"sa":{"a":0,"k":0},"nm":"Transform"}],"nm":"Group 3","bm":0,"hd":false},{"ty":"gr","it":[{"ind":0,"ty":"sh","ks":{"a":0,"k":{"i":[[0,-104.313],[104.313,0],[0,104.313],[-104.313,0]],"o":[[0,104.313],[-104.313,0],[0,-104.313],[104.313,0]],"v":[[188.774,-4.218],[-0.102,184.657],[-188.977,-4.218],[-0.102,-193.094]],"c":true}},"nm":"Path 1","hd":false},{"ty":"st","c":{"a":0,"k":[1,0.46274510026,0.164705887437,1]},"o":{"a":0,"k":100},"w":{"a":0,"k":8},"lc":1,"lj":1,"ml":10,"bm":0,"nm":"Stroke 1","hd":false},{"ty":"fl","c":{"a":0,"k":[1,0.678431391716,0,1]},"o":{"a":0,"k":100},"r":1,"bm":0,"nm":"Fill 1","hd":false},{"ty":"tr","p":{"a":0,"k":[0,0]},"a":{"a":0,"k":[0,0]},"s":{"a":0,"k":[100,100]},"r":{"a":0,"k":0},"o":{"a":0,"k":100},"sk":{"a":0,"k":0},"sa":{"a":0,"k":0},"nm":"Transform"}],"nm":"Group 4","bm":0,"hd":false},{"ty":"gr","it":[{"ind":0,"ty":"sh","ks":{"a":0,"k":{"i":[[0,-108.261],[108.261,0],[0,108.261],[-108.261,0]],"o":[[0,108.261],[-108.261,0],[0,-108.261],[108.261,0]],"v":[[195.923,10.782],[-0.102,206.806],[-196.126,10.782],[-0.102,-185.243]],"c":true}},"nm":"Path 1","hd":false},{"ty":"fl","c":{"a":0,"k":[0,0,0,1]},"o":{"a":0,"k":100},"r":1,"bm":0,"nm":"Fill 1","hd":false},{"ty":"tr","p":{"a":0,"k":[0,0]},"a":{"a":0,"k":[0,0]},"s":{"a":0,"k":[100,100]},"r":{"a":0,"k":0},"o":{"a":0,"k":10},"sk":{"a":0,"k":0},"sa":{"a":0,"k":0},"nm":"Transform"}],"nm":"Group 5","bm":0,"hd":false}],"ip":0,"op":180,"st":0,"bm":0}]}