{"tgs":1,"v":"5.5.2","fr":60,"ip":0,"op":180,"w":512,"h":512,"nm":"Comp 1","ddd":0,"assets":[],"layers":[{"ddd":0,"ind":1,"ty":3,"nm":"NULL FACE","parent":6,"sr":1,"ks":{"o":{"a":0,"k":0},"r":{"a":1,"k":[{"i":{"x":[0.63],"y":[1.292]},"o":{"x":[0.604],"y":[0]},"t":5,"s":[0]},{"i":{"x":[0.55],"y":[0.908]},"o":{"x":[0.36],"y":[0.073]},"t":34,"s":[2]},{"i":{"x":[0.467],"y":[1.146]},"o":{"x":[0.419],"y":[-0.068]},"t":64,"s":[-6]},{"i":{"x":[0.465],"y":[0.914]},"o":{"x":[0.44],"y":[0.07]},"t":103,"s":[7]},{"i":{"x":[0.456],"y":[1]},"o":{"x":[0.389],"y":[-0.087]},"t":129,"s":[-8]},{"i":{"x":[0.496],"y":[1]},"o":{"x":[0.3],"y":[0]},"t":158,"s":[4]},{"t":179,"s":[0]}]},"p":{"a":1,"k":[{"i":{"x":0.5,"y":1},"o":{"x":0.6,"y":0},"t":0,"s":[-2,-4,0],"to":[0,0,0],"ti":[0,0,0]},{"i":{"x":0.2,"y":1},"o":{"x":0.5,"y":0},"t":29,"s":[-1.75,40.353,0],"to":[27.561,-47.627,0],"ti":[9.842,-2.98,0]},{"i":{"x":0.3,"y":1},"o":{"x":0.85,"y":0},"t":88,"s":[-1.01,-128.261,0],"to":[-20.532,6.216,0],"ti":[-7.097,-0.782,0]},{"i":{"x":0.3,"y":1},"o":{"x":0.4,"y":0},"t":114,"s":[-2,15.862,0],"to":[7.097,0.782,0],"ti":[2.42,-0.805,0]},{"i":{"x":0.541,"y":1},"o":{"x":0.4,"y":0},"t":148,"s":[-1.966,-42.684,0],"to":[-2.42,0.805,0],"ti":[0.062,-2.217,0]},{"t":179,"s":[-2,-4,0]}]},"a":{"a":0,"k":[50,50,0]}},"ao":0,"ip":0,"op":180,"st":0,"bm":0},{"ddd":0,"ind":2,"ty":4,"nm":"Eyes Open","parent":1,"sr":1,"ks":{"p":{"a":0,"k":[52,42.147,0]},"a":{"a":0,"k":[0,-11.853,0]}},"ao":0,"shapes":[{"ty":"gr","it":[{"ty":"gr","it":[{"ind":0,"ty":"sh","ks":{"a":1,"k":[{"i":{"x":0.5,"y":1},"o":{"x":0.3,"y":0},"t":0,"s":[{"i":[[0,-15.1],[0.13,-1.16],[11.11,0],[1.38,-13.43],[0,1.2],[-12.07,0]],"o":[[0,1.2],[-1.38,-13.43],[-11.11,0],[-0.13,-1.16],[0,-15.1],[12.07,0]],"v":[[96.603,-11.991],[96.413,-8.452],[74.743,-32.261],[53.073,-8.452],[52.883,-11.991],[74.743,-39.331]],"c":true}]},{"i":{"x":0.5,"y":1},"o":{"x":0.6,"y":0},"t":24,"s":[{"i":[[0,-15.1],[0.13,-1.16],[11.11,0],[1.38,-13.43],[0,1.2],[-12.07,0]],"o":[[0,1.2],[-1.38,-13.43],[-11.11,0],[-0.13,-1.16],[0,-15.1],[12.07,0]],"v":[[96.603,-6.991],[96.413,-3.452],[74.743,-27.261],[53.073,-3.452],[52.883,-6.991],[74.743,-34.331]],"c":true}]},{"i":{"x":0.4,"y":1},"o":{"x":0.167,"y":0},"t":43,"s":[{"i":[[-2.036,-6.166],[0.206,-0.597],[17.582,-0.443],[4.5,-13.55],[0.024,0.617],[-19.107,-0.2]],"o":[[0.903,2.733],[-4.611,-14.675],[-15.43,0.389],[-0.969,-0.644],[-0.387,-9.978],[26.507,0.277]],"v":[[117.536,-0.299],[116.736,4.897],[74.305,-16.854],[32,3.085],[30.762,0.263],[74.118,-21.617]],"c":true}]},{"i":{"x":0.62,"y":1},"o":{"x":0.623,"y":0},"t":91,"s":[{"i":[[-0.706,-6.016],[0.316,-0.502],[16.839,3.105],[6.998,-11.43],[-0.101,0.566],[-18.162,-3.995]],"o":[[0.313,2.667],[-1.456,-14.272],[-14.778,-2.725],[-0.794,-0.779],[1.628,-9.156],[25.197,5.542]],"v":[[112.63,8.035],[110.827,12.603],[74.759,-15.655],[30.466,-5.956],[29.851,-8.77],[75.533,-20.026]],"c":true}]},{"i":{"x":0.5,"y":1},"o":{"x":0.9,"y":0},"t":110,"s":[{"i":[[0,-13.393],[0.13,-1.029],[11.11,0],[1.38,-11.912],[0,1.064],[-12.07,0]],"o":[[0,1.064],[-1.38,-11.912],[-11.11,0],[-0.13,-1.029],[0,-13.393],[12.07,0]],"v":[[96.603,9.21],[96.413,12.35],[74.743,-8.768],[53.073,12.35],[52.883,9.21],[74.743,-15.039]],"c":true}]},{"i":{"x":0.5,"y":1},"o":{"x":0.5,"y":0},"t":131,"s":[{"i":[[0,-15.1],[0.13,-1.16],[11.11,0],[1.38,-13.43],[0,1.2],[-12.07,0]],"o":[[0,1.2],[-1.38,-13.43],[-11.11,0],[-0.13,-1.16],[0,-15.1],[12.07,0]],"v":[[96.603,-6.991],[96.413,-3.452],[74.743,-27.261],[53.073,-3.452],[52.883,-6.991],[74.743,-34.331]],"c":true}]},{"i":{"x":0.5,"y":1},"o":{"x":0.5,"y":0},"t":142,"s":[{"i":[[0,-1.828],[0.13,-0.14],[11.11,0],[1.38,-1.625],[0,0.145],[-12.07,0]],"o":[[0,0.145],[-1.38,-1.625],[-11.11,0],[-0.13,-0.14],[0,-1.828],[12.07,0]],"v":[[95.426,0.645],[95.236,1.074],[73.951,1.627],[52.517,1.217],[52.327,0.788],[73.951,0.771]],"c":true}]},{"t":153,"s":[{"i":[[0,-15.1],[0.13,-1.16],[11.11,0],[1.38,-13.43],[0,1.2],[-12.07,0]],"o":[[0,1.2],[-1.38,-13.43],[-11.11,0],[-0.13,-1.16],[0,-15.1],[12.07,0]],"v":[[96.603,-11.991],[96.413,-8.452],[74.743,-32.261],[53.073,-8.452],[52.883,-11.991],[74.743,-39.331]],"c":true}]}]},"nm":"Path 1","hd":false},{"ty":"fl","c":{"a":0,"k":[0.454901963472,0.0941176489,0,1]},"o":{"a":0,"k":100},"r":1,"bm":0,"nm":"Fill 1","hd":false},{"ty":"tr","p":{"a":0,"k":[0,0]},"a":{"a":0,"k":[0,0]},"s":{"a":0,"k":[100,100]},"r":{"a":0,"k":0},"o":{"a":0,"k":100},"sk":{"a":0,"k":0},"sa":{"a":0,"k":0},"nm":"Transform"}],"nm":"Group 1","bm":0,"hd":false},{"ty":"gr","it":[{"ind":0,"ty":"sh","ks":{"a":1,"k":[{"i":{"x":0.5,"y":1},"o":{"x":0.3,"y":0},"t":0,"s":[{"i":[[0,-15.097],[12.071,0],[0,15.097],[-12.071,0]],"o":[[0,15.097],[-12.071,0],[0,-15.097],[12.071,0]],"v":[[96.6,-11.996],[74.743,15.339],[52.886,-11.996],[74.743,-39.331]],"c":true}]},{"i":{"x":0.5,"y":1},"o":{"x":0.6,"y":0},"t":24,"s":[{"i":[[0,-15.097],[12.071,0],[0,15.097],[-12.071,0]],"o":[[0,15.097],[-12.071,0],[0,-15.097],[12.071,0]],"v":[[96.6,-6.996],[74.743,7.839],[52.886,-6.996],[74.743,-34.331]],"c":true}]},{"i":{"x":0.4,"y":1},"o":{"x":0.167,"y":0},"t":43,"s":[{"i":[[3.78,-10.788],[23.132,0.021],[1.109,8.837],[-19.11,0]],"o":[[-2.569,7.331],[-22.868,-0.021],[-1.437,-11.455],[19.11,0]],"v":[[117.47,3.948],[74.868,-0.612],[30.891,0.948],[74.618,-21.617]],"c":true}]},{"i":{"x":0.62,"y":1},"o":{"x":0.623,"y":0},"t":91,"s":[{"i":[[5.76,-9.062],[22.033,4.636],[-0.712,8.261],[-18.205,-3.814]],"o":[[-3.914,6.157],[-21.781,-4.583],[0.923,-10.709],[18.205,3.814]],"v":[[111.716,11.886],[72.044,-0.764],[29.838,-8.121],[76.009,-19.926]],"c":true}]},{"i":{"x":0.5,"y":1},"o":{"x":0.9,"y":0},"t":110,"s":[{"i":[[0,-13.39],[12.071,0],[0,13.39],[-12.071,0]],"o":[[0,13.39],[-12.071,0],[0,-13.39],[12.071,0]],"v":[[96.6,9.206],[74.743,22.363],[52.886,9.206],[74.743,-15.039]],"c":true}]},{"i":{"x":0.5,"y":1},"o":{"x":0.5,"y":0},"t":131,"s":[{"i":[[0,-15.097],[12.071,0],[0,15.097],[-12.071,0]],"o":[[0,15.097],[-12.071,0],[0,-15.097],[12.071,0]],"v":[[96.6,-6.996],[74.743,7.839],[52.886,-6.996],[74.743,-34.331]],"c":true}]},{"i":{"x":0.5,"y":1},"o":{"x":0.5,"y":0},"t":142,"s":[{"i":[[0,-1.827],[12.071,0],[0,1.827],[-12.071,0]],"o":[[0,1.827],[-12.071,0],[0,-1.827],[12.071,0]],"v":[[95.423,0.645],[74.135,4.743],[52.33,0.788],[73.951,0.771]],"c":true}]},{"t":153,"s":[{"i":[[0,-15.097],[12.071,0],[0,15.097],[-12.071,0]],"o":[[0,15.097],[-12.071,0],[0,-15.097],[12.071,0]],"v":[[96.6,-11.996],[74.743,15.339],[52.886,-11.996],[74.743,-39.331]],"c":true}]}]},"nm":"Path 1","hd":false},{"ty":"fl","c":{"a":0,"k":[0.560784339905,0.227450981736,0,1]},"o":{"a":0,"k":100},"r":1,"bm":0,"nm":"Fill 1","hd":false},{"ty":"tr","p":{"a":0,"k":[0,0]},"a":{"a":0,"k":[0,0]},"s":{"a":0,"k":[100,100]},"r":{"a":0,"k":0},"o":{"a":0,"k":100},"sk":{"a":0,"k":0},"sa":{"a":0,"k":0},"nm":"Transform"}],"nm":"Group 2","bm":0,"hd":false},{"ty":"gr","it":[{"ind":0,"ty":"sh","ks":{"a":1,"k":[{"i":{"x":0.5,"y":1},"o":{"x":0.3,"y":0},"t":0,"s":[{"i":[[0,-16.02],[13.129,0],[0,16.02],[-13.129,0]],"o":[[0,16.02],[-13.129,0],[0,-16.02],[13.129,0]],"v":[[98.514,-15.182],[74.743,13.824],[50.971,-15.182],[74.743,-44.188]],"c":true}]},{"i":{"x":0.5,"y":1},"o":{"x":0.6,"y":0},"t":24,"s":[{"i":[[0,-16.02],[13.129,0],[0,16.02],[-13.129,0]],"o":[[0,16.02],[-13.129,0],[0,-16.02],[13.129,0]],"v":[[98.514,-10.182],[74.743,6.324],[50.971,-10.182],[74.743,-39.188]],"c":true}]},{"i":{"x":0.4,"y":1},"o":{"x":0.167,"y":0},"t":43,"s":[{"i":[[2.375,-15.899],[20.784,0],[-0.628,8.219],[-22.743,0.401]],"o":[[-1.218,8.153],[-20.784,0],[1.139,-14.899],[20.78,-0.366]],"v":[[118.375,3.309],[75.993,-12.016],[30.611,0.059],[74.118,-25.241]],"c":true}]},{"i":{"x":0.62,"y":1},"o":{"x":0.623,"y":0},"t":91,"s":[{"i":[[5.444,-13.992],[19.8,4.148],[-2.243,7.353],[-21.746,-4.174]],"o":[[-2.791,7.175],[-19.8,-4.148],[4.067,-13.329],[19.87,3.814]],"v":[[112.707,11.485],[75.398,-10.916],[29.748,-8.986],[76.258,-23.323]],"c":true}]},{"i":{"x":0.5,"y":1},"o":{"x":0.9,"y":0},"t":110,"s":[{"i":[[0,-14.209],[13.129,0],[0,14.209],[-13.129,0]],"o":[[0,14.209],[-13.129,0],[0,-14.209],[13.129,0]],"v":[[98.514,6.38],[74.743,21.02],[50.971,6.38],[74.743,-19.347]],"c":true}]},{"i":{"x":0.5,"y":1},"o":{"x":0.5,"y":0},"t":131,"s":[{"i":[[0,-16.02],[13.129,0],[0,16.02],[-13.129,0]],"o":[[0,16.02],[-13.129,0],[0,-16.02],[13.129,0]],"v":[[98.514,-10.182],[74.743,6.324],[50.971,-10.182],[74.743,-39.188]],"c":true}]},{"i":{"x":0.5,"y":1},"o":{"x":0.5,"y":0},"t":142,"s":[{"i":[[0,-1.939],[13.129,0],[0,1.939],[-13.129,0]],"o":[[0,1.939],[-13.129,0],[0,-1.939],[13.129,0]],"v":[[97.337,0.259],[74.135,4.56],[50.416,0.402],[73.951,0.183]],"c":true}]},{"t":153,"s":[{"i":[[0,-16.02],[13.129,0],[0,16.02],[-13.129,0]],"o":[[0,16.02],[-13.129,0],[0,-16.02],[13.129,0]],"v":[[98.514,-15.182],[74.743,13.824],[50.971,-15.182],[74.743,-44.188]],"c":true}]}]},"nm":"Path 1","hd":false},{"ty":"fl","c":{"a":0,"k":[1,0.678431391716,0,1]},"o":{"a":0,"k":100},"r":1,"bm":0,"nm":"Fill 1","hd":false},{"ty":"tr","p":{"a":0,"k":[0,0]},"a":{"a":0,"k":[0,0]},"s":{"a":0,"k":[100,100]},"r":{"a":0,"k":0},"o":{"a":0,"k":100},"sk":{"a":0,"k":0},"sa":{"a":0,"k":0},"nm":"Transform"}],"nm":"Group 3","bm":0,"hd":false},{"ty":"gr","it":[{"ind":0,"ty":"sh","ks":{"a":1,"k":[{"i":{"x":0.5,"y":1},"o":{"x":0.3,"y":0},"t":0,"s":[{"i":[[0,-17.858],[13.129,0],[0,17.858],[-13.129,0]],"o":[[0,17.858],[-13.129,0],[0,-17.858],[13.129,0]],"v":[[98.514,-11.853],[74.743,20.481],[50.971,-11.853],[74.743,-44.188]],"c":true}]},{"i":{"x":0.5,"y":1},"o":{"x":0.6,"y":0},"t":24,"s":[{"i":[[0,-17.858],[13.129,0],[0,17.858],[-13.129,0]],"o":[[0,17.858],[-13.129,0],[0,-17.858],[13.129,0]],"v":[[98.514,-6.853],[74.743,11.981],[50.971,-6.853],[74.743,-39.188]],"c":true}]},{"i":{"x":0.4,"y":1},"o":{"x":0.167,"y":0},"t":43,"s":[{"i":[[1.063,-12.737],[23.893,0.373],[-2.861,11.888],[-20.784,0]],"o":[[-0.764,9.157],[-23.993,-0.375],[2.15,-8.934],[20.784,0]],"v":[[117.813,5.397],[75.243,2.91],[30.611,1.647],[73.368,-15.741]],"c":true}]},{"i":{"x":0.62,"y":1},"o":{"x":0.623,"y":0},"t":91,"s":[{"i":[[3.561,-11.377],[22.687,5.108],[-5.104,10.246],[-19.8,-4.148]],"o":[[-2.56,8.179],[-22.782,-5.129],[3.836,-7.7],[19.8,4.148]],"v":[[111.753,13.273],[71.697,2.515],[29.431,-7.541],[73.643,-14.829]],"c":true}]},{"i":{"x":0.5,"y":1},"o":{"x":0.9,"y":0},"t":110,"s":[{"i":[[0,-15.839],[13.129,0],[0,15.839],[-13.129,0]],"o":[[0,15.839],[-13.129,0],[0,-15.839],[13.129,0]],"v":[[98.514,9.333],[74.743,26.038],[50.971,9.333],[74.743,-19.347]],"c":true}]},{"i":{"x":0.5,"y":1},"o":{"x":0.5,"y":0},"t":131,"s":[{"i":[[0,-17.858],[13.129,0],[0,17.858],[-13.129,0]],"o":[[0,17.858],[-13.129,0],[0,-17.858],[13.129,0]],"v":[[98.514,-6.853],[74.743,11.981],[50.971,-6.853],[74.743,-39.188]],"c":true}]},{"i":{"x":0.5,"y":1},"o":{"x":0.5,"y":0},"t":142,"s":[{"i":[[0,-2.161],[13.129,0],[0,2.161],[-13.129,0]],"o":[[0,2.161],[-13.129,0],[0,-2.161],[13.129,0]],"v":[[97.337,0.662],[74.135,5.27],[50.416,0.805],[73.951,0.183]],"c":true}]},{"t":153,"s":[{"i":[[0,-17.858],[13.129,0],[0,17.858],[-13.129,0]],"o":[[0,17.858],[-13.129,0],[0,-17.858],[13.129,0]],"v":[[98.514,-11.853],[74.743,20.481],[50.971,-11.853],[74.743,-44.188]],"c":true}]}]},"nm":"Path 1","hd":false},{"ty":"fl","c":{"a":0,"k":[1,0.929411768913,0.713725507259,1]},"o":{"a":0,"k":100},"r":1,"bm":0,"nm":"Fill 1","hd":false},{"ty":"tr","p":{"a":0,"k":[0,0]},"a":{"a":0,"k":[0,0]},"s":{"a":0,"k":[100,100]},"r":{"a":0,"k":0},"o":{"a":0,"k":100},"sk":{"a":0,"k":0},"sa":{"a":0,"k":0},"nm":"Transform"}],"nm":"Group 4","bm":0,"hd":false},{"ty":"tr","p":{"a":0,"k":[0,0]},"a":{"a":0,"k":[0,0]},"s":{"a":0,"k":[100,100]},"r":{"a":0,"k":0},"o":{"a":0,"k":100},"sk":{"a":0,"k":0},"sa":{"a":0,"k":0},"nm":"Transform"}],"nm":"Group 1","bm":0,"hd":false},{"ty":"gr","it":[{"ty":"gr","it":[{"ind":0,"ty":"sh","ks":{"a":1,"k":[{"i":{"x":0.5,"y":1},"o":{"x":0.3,"y":0},"t":0,"s":[{"i":[[0,-15.1],[0.13,-1.16],[11.11,0],[1.38,-13.43],[0,1.2],[-12.07,0]],"o":[[0,1.2],[-1.38,-13.43],[-11.11,0],[-0.13,-1.16],[0,-15.1],[12.07,0]],"v":[[-52.883,-11.991],[-53.073,-8.452],[-74.743,-32.261],[-96.413,-8.452],[-96.603,-11.991],[-74.743,-39.331]],"c":true}]},{"i":{"x":0.5,"y":1},"o":{"x":0.6,"y":0},"t":24,"s":[{"i":[[0,-15.1],[0.13,-1.16],[11.11,0],[1.38,-13.43],[0,1.2],[-12.07,0]],"o":[[0,1.2],[-1.38,-13.43],[-11.11,0],[-0.13,-1.16],[0,-15.1],[12.07,0]],"v":[[-52.883,-6.991],[-53.073,-3.452],[-74.743,-27.261],[-96.413,-3.452],[-96.603,-6.991],[-74.743,-34.331]],"c":true}]},{"i":{"x":0.4,"y":1},"o":{"x":0.167,"y":0},"t":43,"s":[{"i":[[-2.036,-6.166],[0.206,-0.597],[17.582,-0.443],[4.5,-13.55],[0.024,0.617],[-19.107,-0.2]],"o":[[0.903,2.733],[-4.611,-14.675],[-15.43,0.389],[-0.969,-0.644],[-0.387,-9.978],[26.507,0.277]],"v":[[-33.464,-0.446],[-34.264,4.751],[-76.695,-17.001],[-119,2.938],[-120.238,0.117],[-76.882,-21.764]],"c":true}]},{"i":{"x":0.62,"y":1},"o":{"x":0.623,"y":0},"t":91,"s":[{"i":[[-3.423,-5.063],[0.049,-0.586],[16.465,-4.602],[0.938,-13.272],[0.173,0.55],[-18.059,4.388]],"o":[[1.517,2.244],[-7.924,-12.106],[-14.45,4.039],[-1.07,-0.348],[-2.798,-8.889],[25.053,-6.087]],"v":[[-32.792,-11.101],[-32.28,-6.232],[-77.579,-15.668],[-112.595,12.392],[-114.45,10.148],[-78.917,-19.91]],"c":true}]},{"i":{"x":0.5,"y":1},"o":{"x":0.9,"y":0},"t":110,"s":[{"i":[[0,-13.393],[0.13,-1.029],[11.11,0],[1.38,-11.912],[0,1.064],[-12.07,0]],"o":[[0,1.064],[-1.38,-11.912],[-11.11,0],[-0.13,-1.029],[0,-13.393],[12.07,0]],"v":[[-52.883,9.21],[-53.073,12.35],[-74.743,-8.768],[-96.413,12.35],[-96.603,9.21],[-74.743,-15.039]],"c":true}]},{"i":{"x":0.5,"y":1},"o":{"x":0.5,"y":0},"t":131,"s":[{"i":[[0,-15.1],[0.13,-1.16],[11.11,0],[1.38,-13.43],[0,1.2],[-12.07,0]],"o":[[0,1.2],[-1.38,-13.43],[-11.11,0],[-0.13,-1.16],[0,-15.1],[12.07,0]],"v":[[-52.883,-6.991],[-53.073,-3.452],[-74.743,-27.261],[-96.413,-3.452],[-96.603,-6.991],[-74.743,-34.331]],"c":true}]},{"i":{"x":0.5,"y":1},"o":{"x":0.5,"y":0},"t":142,"s":[{"i":[[0,-1.867],[0.13,-0.143],[11.11,0],[1.38,-1.66],[0,0.148],[-12.07,0]],"o":[[0,0.148],[-1.38,-1.66],[-11.11,0],[-0.13,-0.143],[0,-1.867],[12.07,0]],"v":[[-53.528,-0.525],[-53.718,-0.087],[-75.461,-0.405],[-96.947,0.416],[-97.137,-0.021],[-75.461,-1.279]],"c":true}]},{"t":153,"s":[{"i":[[0,-15.1],[0.13,-1.16],[11.11,0],[1.38,-13.43],[0,1.2],[-12.07,0]],"o":[[0,1.2],[-1.38,-13.43],[-11.11,0],[-0.13,-1.16],[0,-15.1],[12.07,0]],"v":[[-52.883,-11.991],[-53.073,-8.452],[-74.743,-32.261],[-96.413,-8.452],[-96.603,-11.991],[-74.743,-39.331]],"c":true}]}]},"nm":"Path 1","hd":false},{"ty":"fl","c":{"a":0,"k":[0.454901963472,0.0941176489,0,1]},"o":{"a":0,"k":100},"r":1,"bm":0,"nm":"Fill 1","hd":false},{"ty":"tr","p":{"a":0,"k":[0,0]},"a":{"a":0,"k":[0,0]},"s":{"a":0,"k":[100,100]},"r":{"a":0,"k":0},"o":{"a":0,"k":100},"sk":{"a":0,"k":0},"sa":{"a":0,"k":0},"nm":"Transform"}],"nm":"Group 1","bm":0,"hd":false},{"ty":"gr","it":[{"ind":0,"ty":"sh","ks":{"a":1,"k":[{"i":{"x":0.5,"y":1},"o":{"x":0.3,"y":0},"t":0,"s":[{"i":[[0,-15.097],[12.071,0],[0,15.097],[-12.071,0]],"o":[[0,15.097],[-12.071,0],[0,-15.097],[12.071,0]],"v":[[-52.886,-11.996],[-74.743,15.339],[-96.6,-11.996],[-74.743,-39.331]],"c":true}]},{"i":{"x":0.5,"y":1},"o":{"x":0.6,"y":0},"t":24,"s":[{"i":[[0,-15.097],[12.071,0],[0,15.097],[-12.071,0]],"o":[[0,15.097],[-12.071,0],[0,-15.097],[12.071,0]],"v":[[-52.886,-6.996],[-74.743,7.839],[-96.6,-6.996],[-74.743,-34.331]],"c":true}]},{"i":{"x":0.4,"y":1},"o":{"x":0.167,"y":0},"t":43,"s":[{"i":[[3.78,-10.788],[23.132,0.021],[1.109,8.837],[-19.11,0]],"o":[[-2.569,7.331],[-22.868,-0.021],[-1.437,-11.455],[19.11,0]],"v":[[-33.53,3.802],[-76.132,-0.758],[-120.109,0.802],[-76.382,-21.764]],"c":true}]},{"i":{"x":0.62,"y":1},"o":{"x":0.623,"y":0},"t":91,"s":[{"i":[[0.933,-10.614],[21.81,-5.51],[3.2,7.689],[-18.013,4.568]],"o":[[-0.634,7.212],[-21.561,5.447],[-4.148,-9.967],[18.013,-4.568]],"v":[[-31.819,-7.262],[-73.088,-1.182],[-114.161,10.734],[-78.445,-20.029]],"c":true}]},{"i":{"x":0.5,"y":1},"o":{"x":0.9,"y":0},"t":110,"s":[{"i":[[0,-13.39],[12.071,0],[0,13.39],[-12.071,0]],"o":[[0,13.39],[-12.071,0],[0,-13.39],[12.071,0]],"v":[[-52.886,9.206],[-74.743,22.363],[-96.6,9.206],[-74.743,-15.039]],"c":true}]},{"i":{"x":0.5,"y":1},"o":{"x":0.5,"y":0},"t":131,"s":[{"i":[[0,-15.097],[12.071,0],[0,15.097],[-12.071,0]],"o":[[0,15.097],[-12.071,0],[0,-15.097],[12.071,0]],"v":[[-52.886,-6.996],[-74.743,7.839],[-96.6,-6.996],[-74.743,-34.331]],"c":true}]},{"i":{"x":0.5,"y":1},"o":{"x":0.5,"y":0},"t":142,"s":[{"i":[[0,-1.866],[12.071,0],[0,1.866],[-12.071,0]],"o":[[0,1.866],[-12.071,0],[0,-1.866],[12.071,0]],"v":[[-53.531,-0.525],[-75.318,3.701],[-97.134,-0.022],[-75.461,-1.278]],"c":true}]},{"t":153,"s":[{"i":[[0,-15.097],[12.071,0],[0,15.097],[-12.071,0]],"o":[[0,15.097],[-12.071,0],[0,-15.097],[12.071,0]],"v":[[-52.886,-11.996],[-74.743,15.339],[-96.6,-11.996],[-74.743,-39.331]],"c":true}]}]},"nm":"Path 1","hd":false},{"ty":"fl","c":{"a":0,"k":[0.560784339905,0.227450981736,0,1]},"o":{"a":0,"k":100},"r":1,"bm":0,"nm":"Fill 1","hd":false},{"ty":"tr","p":{"a":0,"k":[0,0]},"a":{"a":0,"k":[0,0]},"s":{"a":0,"k":[100,100]},"r":{"a":0,"k":0},"o":{"a":0,"k":100},"sk":{"a":0,"k":0},"sa":{"a":0,"k":0},"nm":"Transform"}],"nm":"Group 2","bm":0,"hd":false},{"ty":"gr","it":[{"ind":0,"ty":"sh","ks":{"a":1,"k":[{"i":{"x":0.5,"y":1},"o":{"x":0.3,"y":0},"t":0,"s":[{"i":[[0,-16.02],[13.128,0],[0,16.02],[-13.129,0]],"o":[[0,16.02],[-13.129,0],[0,-16.02],[13.128,0]],"v":[[-50.971,-15.182],[-74.743,13.824],[-98.514,-15.182],[-74.743,-44.188]],"c":true}]},{"i":{"x":0.5,"y":1},"o":{"x":0.6,"y":0},"t":24,"s":[{"i":[[0,-16.02],[13.129,0],[0,16.02],[-13.128,0]],"o":[[0,16.02],[-13.129,0],[0,-16.02],[13.128,0]],"v":[[-50.971,-10.182],[-74.743,6.324],[-98.514,-10.182],[-74.743,-39.188]],"c":true}]},{"i":{"x":0.4,"y":1},"o":{"x":0.167,"y":0},"t":43,"s":[{"i":[[2.375,-15.899],[20.784,0],[-0.628,8.219],[-22.743,0.401]],"o":[[-1.218,8.153],[-20.784,0],[1.139,-14.899],[20.78,-0.366]],"v":[[-32.625,3.163],[-75.007,-12.162],[-120.389,-0.088],[-76.882,-25.388]],"c":true}]},{"i":{"x":0.62,"y":1},"o":{"x":0.623,"y":0},"t":91,"s":[{"i":[[-1.638,-14.878],[19.591,-4.968],[1.412,7.548],[-21.34,5.797]],"o":[[0.84,7.629],[-19.591,4.968],[-2.559,-13.683],[19.499,-5.297]],"v":[[-31.122,-8.054],[-74.808,-11.716],[-114.642,10],[-79.8,-23.172]],"c":true}]},{"i":{"x":0.5,"y":1},"o":{"x":0.9,"y":0},"t":110,"s":[{"i":[[0,-14.209],[13.129,0],[0,14.209],[-13.128,0]],"o":[[0,14.209],[-13.129,0],[0,-14.209],[13.128,0]],"v":[[-50.971,6.38],[-74.743,21.02],[-98.514,6.38],[-74.743,-19.347]],"c":true}]},{"i":{"x":0.5,"y":1},"o":{"x":0.5,"y":0},"t":131,"s":[{"i":[[0,-16.02],[13.129,0],[0,16.02],[-13.128,0]],"o":[[0,16.02],[-13.129,0],[0,-16.02],[13.128,0]],"v":[[-50.971,-10.182],[-74.743,6.324],[-98.514,-10.182],[-74.743,-39.188]],"c":true}]},{"i":{"x":0.5,"y":1},"o":{"x":0.5,"y":0},"t":142,"s":[{"i":[[0,-1.98],[13.129,0],[0,1.98],[-13.128,0]],"o":[[0,1.98],[-13.129,0],[0,-1.98],[13.128,0]],"v":[[-51.616,-0.919],[-75.318,3.514],[-99.049,-0.416],[-75.461,-1.879]],"c":true}]},{"t":153,"s":[{"i":[[0,-16.02],[13.128,0],[0,16.02],[-13.129,0]],"o":[[0,16.02],[-13.129,0],[0,-16.02],[13.128,0]],"v":[[-50.971,-15.182],[-74.743,13.824],[-98.514,-15.182],[-74.743,-44.188]],"c":true}]}]},"nm":"Path 1","hd":false},{"ty":"fl","c":{"a":0,"k":[1,0.678431391716,0,1]},"o":{"a":0,"k":100},"r":1,"bm":0,"nm":"Fill 1","hd":false},{"ty":"tr","p":{"a":0,"k":[0,0]},"a":{"a":0,"k":[0,0]},"s":{"a":0,"k":[100,100]},"r":{"a":0,"k":0},"o":{"a":0,"k":100},"sk":{"a":0,"k":0},"sa":{"a":0,"k":0},"nm":"Transform"}],"nm":"Group 3","bm":0,"hd":false},{"ty":"gr","it":[{"ind":0,"ty":"sh","ks":{"a":1,"k":[{"i":{"x":0.5,"y":1},"o":{"x":0.3,"y":0},"t":0,"s":[{"i":[[0,-17.858],[13.128,0],[0,17.858],[-13.129,0]],"o":[[0,17.858],[-13.129,0],[0,-17.858],[13.128,0]],"v":[[-50.971,-11.853],[-74.743,20.481],[-98.514,-11.853],[-74.743,-44.188]],"c":true}]},{"i":{"x":0.5,"y":1},"o":{"x":0.6,"y":0},"t":24,"s":[{"i":[[0,-17.858],[13.129,0],[0,17.858],[-13.128,0]],"o":[[0,17.858],[-13.129,0],[0,-17.858],[13.128,0]],"v":[[-50.971,-6.853],[-74.868,12.481],[-98.514,-6.853],[-74.743,-39.188]],"c":true}]},{"i":{"x":0.4,"y":1},"o":{"x":0.167,"y":0},"t":43,"s":[{"i":[[1.063,-12.737],[23.893,0.373],[-2.861,11.888],[-20.784,0]],"o":[[-0.764,9.157],[-23.993,-0.375],[2.15,-8.934],[20.784,0]],"v":[[-33.188,5.25],[-75.757,2.763],[-120.389,1.5],[-77.632,-15.888]],"c":true}]},{"i":{"x":0.62,"y":1},"o":{"x":0.623,"y":0},"t":91,"s":[{"i":[[-2.104,-11.718],[22.613,-5.375],[0.202,11.384],[-19.591,4.968]],"o":[[1.513,8.425],[-22.707,5.398],[-0.152,-8.555],[19.591,-4.968]],"v":[[-31.143,-6.04],[-71.876,1.897],[-114.255,11.43],[-78.191,-14.442]],"c":true}]},{"i":{"x":0.5,"y":1},"o":{"x":0.9,"y":0},"t":110,"s":[{"i":[[0,-15.839],[13.129,0],[0,15.839],[-13.128,0]],"o":[[0,15.839],[-13.129,0],[0,-15.839],[13.128,0]],"v":[[-50.971,9.333],[-74.868,26.481],[-98.514,9.333],[-74.743,-19.347]],"c":true}]},{"i":{"x":0.5,"y":1},"o":{"x":0.5,"y":0},"t":131,"s":[{"i":[[0,-17.858],[13.129,0],[0,17.858],[-13.128,0]],"o":[[0,17.858],[-13.129,0],[0,-17.858],[13.128,0]],"v":[[-50.971,-6.853],[-74.868,12.481],[-98.514,-6.853],[-74.743,-39.188]],"c":true}]},{"i":{"x":0.5,"y":1},"o":{"x":0.5,"y":0},"t":142,"s":[{"i":[[0,-2.207],[13.129,0],[0,2.207],[-13.128,0]],"o":[[0,2.207],[-13.129,0],[0,-2.207],[13.128,0]],"v":[[-51.616,-0.508],[-75.417,4.288],[-99.049,-0.004],[-75.461,-1.879]],"c":true}]},{"t":153,"s":[{"i":[[0,-17.858],[13.128,0],[0,17.858],[-13.129,0]],"o":[[0,17.858],[-13.129,0],[0,-17.858],[13.128,0]],"v":[[-50.971,-11.853],[-74.743,20.481],[-98.514,-11.853],[-74.743,-44.188]],"c":true}]}]},"nm":"Path 1","hd":false},{"ty":"fl","c":{"a":0,"k":[1,0.929411768913,0.713725507259,1]},"o":{"a":0,"k":100},"r":1,"bm":0,"nm":"Fill 1","hd":false},{"ty":"tr","p":{"a":0,"k":[0,0]},"a":{"a":0,"k":[0,0]},"s":{"a":0,"k":[100,100]},"r":{"a":0,"k":0},"o":{"a":0,"k":100},"sk":{"a":0,"k":0},"sa":{"a":0,"k":0},"nm":"Transform"}],"nm":"Group 4","bm":0,"hd":false},{"ty":"tr","p":{"a":0,"k":[0,0]},"a":{"a":0,"k":[0,0]},"s":{"a":0,"k":[100,100]},"r":{"a":0,"k":0},"o":{"a":0,"k":100},"sk":{"a":0,"k":0},"sa":{"a":0,"k":0},"nm":"Transform"}],"nm":"Group 2","bm":0,"hd":false}],"ip":0,"op":180,"st":0,"bm":0},{"ddd":0,"ind":3,"ty":4,"nm":"Tongue","parent":4,"sr":1,"ks":{"o":{"a":1,"k":[{"i":{"x":[0.7],"y":[1]},"o":{"x":[0.3],"y":[0]},"t":33,"s":[100]},{"i":{"x":[0.833],"y":[1]},"o":{"x":[0.167],"y":[0]},"t":39,"s":[0]},{"i":{"x":[0.7],"y":[1]},"o":{"x":[0.3],"y":[0]},"t":91,"s":[0]},{"t":98,"s":[100]}]},"r":{"a":1,"k":[{"i":{"x":[0.69],"y":[1]},"o":{"x":[0.31],"y":[0]},"t":3,"s":[0]},{"i":{"x":[0.69],"y":[1]},"o":{"x":[0.31],"y":[0]},"t":22,"s":[4]},{"i":{"x":[0.7],"y":[1]},"o":{"x":[0.31],"y":[0]},"t":33,"s":[0]},{"i":{"x":[0.403],"y":[1]},"o":{"x":[0.44],"y":[0]},"t":98,"s":[20]},{"i":{"x":[0.694],"y":[1]},"o":{"x":[0.3],"y":[0]},"t":114,"s":[-7]},{"i":{"x":[0.7],"y":[1]},"o":{"x":[0.3],"y":[0]},"t":132,"s":[8]},{"i":{"x":[0.5],"y":[1]},"o":{"x":[0.3],"y":[0]},"t":156,"s":[-3]},{"t":179,"s":[0]}]},"p":{"a":1,"k":[{"i":{"x":0.69,"y":1},"o":{"x":0.167,"y":0},"t":38,"s":[-0.319,83.956,0],"to":[0,0,0],"ti":[0,0,0]},{"i":{"x":0.863,"y":0},"o":{"x":0.323,"y":0},"t":86,"s":[-6.299,68.111,0],"to":[0,0,0],"ti":[0,0,0]},{"i":{"x":0.363,"y":1},"o":{"x":0.213,"y":0.15},"t":95,"s":[-8.746,68.7,0],"to":[0,0,0],"ti":[0,0,0]},{"i":{"x":0.72,"y":1},"o":{"x":0.372,"y":0},"t":105,"s":[-2.896,97.181,0],"to":[0,0,0],"ti":[0,0,0]},{"i":{"x":0.689,"y":1},"o":{"x":0.28,"y":0},"t":112,"s":[5.575,94.568,0],"to":[0,0,0],"ti":[0,0,0]},{"i":{"x":0.72,"y":1},"o":{"x":0.167,"y":0},"t":130,"s":[2.894,93.016,0],"to":[0,0,0],"ti":[0,0,0]},{"i":{"x":0.5,"y":1},"o":{"x":0.28,"y":0},"t":156,"s":[0.998,89.193,0],"to":[0,0,0],"ti":[0,0,0]},{"t":179,"s":[-0.319,83.956,0]}]},"a":{"a":0,"k":[-0.319,83.956,0]}},"ao":0,"shapes":[{"ty":"gr","it":[{"ind":0,"ty":"sh","ks":{"a":1,"k":[{"i":{"x":0.833,"y":0.833},"o":{"x":0.595,"y":0},"t":0,"s":[{"i":[[0,0],[-6.412,0],[0,0],[0,0],[-0.844,1.09],[0,0],[-3.937,0],[0,0],[-3.809,-4.453]],"o":[[3.809,-4.455],[0,0],[5.401,-0.19],[0.914,1.037],[0,0],[2.358,-3.046],[0,0],[6.41,0],[0,0]],"v":[[-44.605,92.506],[-28.628,85.199],[-12.23,85.199],[-2.103,90.144],[1.328,90.039],[1.328,90.039],[11.33,85.199],[27.99,85.199],[43.963,92.502]],"c":false}]},{"i":{"x":0.833,"y":0.833},"o":{"x":0.167,"y":0.167},"t":28,"s":[{"i":[[0,0],[-5.998,-1.314],[0,0],[0,0],[-0.808,0.137],[0,0],[-3.771,0],[0,0],[-3.691,-0.018]],"o":[[3.684,0.233],[0,0],[5.173,-0.024],[0.875,0.131],[0,0],[2.259,-0.383],[0,0],[6.072,-0.904],[0,0]],"v":[[-42.811,95.275],[-27.468,96.872],[-13.251,97.397],[-3.497,96.866],[-0.211,96.852],[-0.211,96.852],[9.368,96.243],[24.431,95.31],[39.697,93.967]],"c":false}]},{"i":{"x":0.506,"y":1},"o":{"x":0.167,"y":0.167},"t":33,"s":[{"i":[[0,0],[-5.456,0],[0,0],[0,0],[-0.718,0.059],[0,0],[-3.35,0],[0,0],[-3.241,-0.239]],"o":[[3.242,-0.239],[0,0],[4.596,-0.01],[0.778,0.056],[0,0],[2.007,-0.164],[0,0],[5.455,0],[0,0]],"v":[[-38.273,87.863],[-24.678,87.47],[-10.966,89.095],[-2.348,89.361],[0.572,89.355],[0.572,89.355],[9.083,89.095],[23.503,87.47],[37.096,87.862]],"c":false}]},{"i":{"x":0.506,"y":1},"o":{"x":0.3,"y":0},"t":38,"s":[{"i":[[0,0],[-2.145,-0.456],[0,0],[0,0],[-0.652,0.032],[0,0],[-3.043,0],[0,0],[-2.87,0.687]],"o":[[2.776,1.015],[4.714,1.003],[4.174,-0.005],[0.706,0.03],[0,0],[1.823,-0.088],[0,0],[4.774,-1.365],[0,0]],"v":[[-33.515,82.294],[-21.954,86.771],[-9.715,87.768],[-1.888,87.911],[0.764,87.908],[0.764,87.908],[8.493,87.768],[21.198,85.59],[33.15,82.393]],"c":false}]},{"i":{"x":0.7,"y":1},"o":{"x":0.186,"y":0},"t":86,"s":[{"i":[[0,0],[-2.529,0.564],[0,0],[0,0],[-0.712,0.222],[0,0],[-3.371,0.994],[0,0],[-2.95,1.142]],"o":[[3.416,-0.604],[5.559,-1.241],[4.623,-1.365],[0.793,-0.222],[0,0],[1.99,-0.621],[0,0],[4.832,-1.966],[0,0]],"v":[[-39.326,94.277],[-25.014,91.836],[-11.12,88.136],[-2.4,85.623],[0.537,84.756],[0.537,84.756],[9.055,82.19],[22.402,77.391],[34.573,72.535]],"c":false}]},{"i":{"x":0.833,"y":0.833},"o":{"x":0.3,"y":0},"t":95,"s":[{"i":[[0,0],[-3.826,0.669],[0,0],[0,0],[-0.627,0.37],[0,0],[-3.002,0.652],[0,0],[-2.827,-0.298]],"o":[[2.933,-1.519],[2.037,-0.613],[4.116,-0.935],[0.713,0.068],[0,0],[1.752,-1.034],[0,0],[4.62,-1.074],[0,0]],"v":[[-36.271,103.789],[-23.844,99.829],[-11.371,97.197],[-3.572,96.564],[-0.957,95.973],[-0.957,95.973],[6.596,93.293],[18.92,90.497],[30.567,89.356]],"c":false}]},{"i":{"x":0.5,"y":1},"o":{"x":0.167,"y":0.167},"t":105,"s":[{"i":[[0,0],[-5.434,-0.343],[0,0],[0,0],[-0.865,0.511],[0,0],[-3.561,-0.17],[0,0],[-2.985,-2.392]],"o":[[3.887,-2.056],[0.693,-0.093],[4.903,0.137],[0.73,0.56],[0,0],[2.415,-1.427],[0,0],[5.71,0.266],[0,0]],"v":[[-40.061,101.32],[-24.828,98.407],[-10.011,99.133],[-1.31,102.051],[1.803,102.147],[1.803,102.147],[11.298,100.148],[26.242,100.847],[39.802,105.173]],"c":false}]},{"i":{"x":0.7,"y":1},"o":{"x":0.28,"y":0},"t":112.063,"s":[{"i":[[0,0],[-5.885,-0.397],[0,0],[0,0],[-0.764,1.17],[0,0],[-3.614,-0.244],[0,0],[-3.539,-5.228]],"o":[[3.454,-4.759],[0,0],[4.956,0.122],[0.849,1.219],[0,0],[2.135,-3.269],[0,0],[5.883,0.397],[0,0]],"v":[[-42.265,95.771],[-27.671,88.57],[-12.62,89.586],[-3.277,95.757],[-0.128,95.852],[-0.128,95.852],[9.006,91.046],[24.297,92.078],[39.029,101.255]],"c":false}]},{"i":{"x":0.69,"y":1},"o":{"x":0.3,"y":0},"t":137,"s":[{"i":[[0,0],[-6.563,0.426],[0,0],[0,0],[-0.783,0.926],[0,0],[-4.03,0.261],[0,0],[-3.337,-3.262]],"o":[[3.566,-3.807],[0,0],[5.514,-0.51],[1.013,0.766],[0,0],[2.186,-2.586],[0,0],[6.561,-0.426],[0,0]],"v":[[-48.957,93.8],[-33.15,86.911],[-16.365,85.822],[-5.63,89.093],[-2.126,88.782],[-2.126,88.782],[7.659,86.797],[24.711,85.691],[39.827,90.382]],"c":false}]},{"i":{"x":0.5,"y":1},"o":{"x":0.31,"y":0},"t":160,"s":[{"i":[[0,0],[-6.402,-0.354],[0,0],[0,0],[-0.902,1.071],[0,0],[-3.931,-0.217],[0,0],[-3.564,-4.773]],"o":[[4.043,-4.356],[0,0],[5.404,0.103],[0.857,1.113],[0,0],[2.519,-2.992],[0,0],[6.401,0.353],[0,0]],"v":[[-44.22,90.419],[-27.874,83.812],[-11.5,84.716],[-1.653,90.342],[1.78,90.423],[1.78,90.423],[12.027,86.015],[28.663,86.934],[44.221,95.298]],"c":false}]},{"t":179,"s":[{"i":[[0,0],[-6.412,0],[0,0],[0,0],[-0.844,1.09],[0,0],[-3.937,0],[0,0],[-3.809,-4.453]],"o":[[3.809,-4.455],[0,0],[5.401,-0.19],[0.914,1.037],[0,0],[2.358,-3.046],[0,0],[6.41,0],[0,0]],"v":[[-44.605,92.506],[-28.628,85.199],[-12.23,85.199],[-2.103,90.144],[1.328,90.039],[1.328,90.039],[11.33,85.199],[27.99,85.199],[43.963,92.502]],"c":false}]}]},"nm":"Path 1","hd":false},{"ty":"st","c":{"a":0,"k":[0.68235296011,0,0.278431385756,1]},"o":{"a":0,"k":100},"w":{"a":0,"k":8},"lc":2,"lj":2,"bm":0,"nm":"Stroke 1","hd":false},{"ty":"tr","p":{"a":0,"k":[0,0]},"a":{"a":0,"k":[0,0]},"s":{"a":0,"k":[100,100]},"r":{"a":0,"k":0},"o":{"a":0,"k":100},"sk":{"a":0,"k":0},"sa":{"a":0,"k":0},"nm":"Transform"}],"nm":"Group 1","bm":0,"hd":false},{"ty":"gr","it":[{"ind":0,"ty":"sh","ks":{"a":1,"k":[{"i":{"x":0.833,"y":0.833},"o":{"x":0.595,"y":0},"t":0,"s":[{"i":[[-4.737,-6.288],[20.672,24.868],[-7.524,0],[0,0],[-3.124,-3.034],[-5.428,0],[0,0]],"o":[[-9.179,16.743],[4.438,-6.321],[0,0],[4.269,0],[1.533,-1.752],[0,0],[7.496,0]],"v":[[47.832,90.882],[-48.394,90.882],[-28.468,81.206],[-12.16,81.206],[-0.456,86.021],[11.422,81.206],[27.897,81.206]],"c":true}]},{"i":{"x":0.833,"y":0.833},"o":{"x":0.167,"y":0.167},"t":28,"s":[{"i":[[-4.604,-0.115],[18.669,7.294],[-7.039,-1.542],[0,0],[-2.992,-0.382],[-5.198,0],[0,0]],"o":[[-8.385,3.379],[3.475,0.745],[0,0],[4.089,0],[1.469,-0.221],[0,0],[7.101,-1.057]],"v":[[43.332,93.22],[-45.914,94.786],[-27.21,96.414],[-13.168,97.149],[-1.92,96.347],[9.455,95.741],[24.269,94.826]],"c":true}]},{"i":{"x":0.506,"y":1},"o":{"x":0.167,"y":0.167},"t":33,"s":[{"i":[[-4.031,-0.338],[17.592,1.335],[-6.403,0],[0,0],[-2.658,-0.163],[-4.619,0],[0,0]],"o":[[-7.811,0.899],[3.777,-0.339],[0,0],[3.633,0],[1.305,-0.094],[0,0],[6.379,0]],"v":[[40.388,87.775],[-41.498,87.775],[-24.541,87.256],[-10.907,88.881],[-0.947,89.139],[9.161,88.881],[23.423,87.256]],"c":true}]},{"i":{"x":0.506,"y":1},"o":{"x":0.3,"y":0},"t":38,"s":[{"i":[[-3.575,0.833],[27.044,13.404],[-5.42,-2.175],[0,0],[-2.414,-0.088],[-4.195,0],[0,0]],"o":[[-11.254,5.265],[3.243,1.161],[0,0],[3.299,0],[1.185,-0.051],[0,0],[5.583,-1.596]],"v":[[36.02,81.524],[-35.789,81.214],[-21.809,86.74],[-9.661,87.653],[-0.616,87.792],[8.564,87.653],[21.099,85.498]],"c":true}]},{"i":{"x":0.7,"y":1},"o":{"x":0.186,"y":0},"t":86,"s":[{"i":[[-3.682,1.416],[34.457,-4.835],[-6.734,1.122],[0,0],[-2.704,0.762],[-4.648,1.37],[0,0]],"o":[[-10.705,5.245],[3.982,-0.713],[0,0],[3.656,-1.077],[1.296,-0.402],[0,0],[5.652,-2.299]],"v":[[37.461,71.338],[-42.714,94.828],[-24.864,91.78],[-11.098,88.084],[-1.03,85.172],[9.094,82.133],[22.261,77.396]],"c":true}]},{"i":{"x":0.833,"y":0.833},"o":{"x":0.3,"y":0},"t":95,"s":[{"i":[[-3.529,-0.528],[5.961,4.708],[-5.891,1.135],[0,0],[-2.429,-0.123],[-4.139,0.899],[0,0]],"o":[[-9.67,10.704],[3.405,-2.01],[0,0],[3.256,-0.707],[1.142,-0.624],[0,0],[5.404,-1.256]],"v":[[33.326,88.366],[-39.255,104.016],[-23.762,98.958],[-11.379,96.342],[-2.38,95.42],[6.604,92.434],[18.78,89.673]],"c":true}]},{"i":{"x":0.5,"y":1},"o":{"x":0.167,"y":0.167},"t":105,"s":[{"i":[[-3.643,-3.351],[8.238,18.816],[-6.85,-0.356],[0,0],[-2.544,-1.657],[-4.909,-0.234],[0,0]],"o":[[-22.289,16.389],[4.636,-2.963],[0,0],[3.861,0.184],[1.549,-0.813],[0,0],[6.678,0.311]],"v":[[43.397,104.521],[-43.357,100.325],[-24.306,96.411],[-9.578,97.133],[0.561,100.053],[11.75,98.148],[26.525,98.84]],"c":true}]},{"i":{"x":0.7,"y":1},"o":{"x":0.28,"y":0},"t":112.063,"s":[{"i":[[-4.409,-7.343],[19.213,29.159],[-6.906,-0.466],[0,0],[-2.896,-3.595],[-4.982,-0.336],[0,0]],"o":[[-8.264,18.201],[4.013,-6.811],[0,0],[3.919,0.265],[1.391,-1.869],[0,0],[6.881,0.464]],"v":[[42.564,99.678],[-45.759,93.715],[-27.562,84.104],[-12.594,85.114],[-1.805,91.237],[9.051,86.575],[24.173,87.596]],"c":true}]},{"i":{"x":0.69,"y":1},"o":{"x":0.3,"y":0},"t":137,"s":[{"i":[[-4.19,-4.655],[23.015,18.463],[-7.702,0.5],[0,0],[-3.424,-2.213],[-5.556,0.36],[0,0]],"o":[[-6.618,14.028],[4.071,-5.337],[0,0],[4.37,-0.284],[1.439,-1.499],[0,0],[7.673,-0.498]],"v":[[42.898,88.801],[-52.957,92.756],[-33.283,83.715],[-16.592,82.632],[-4.253,85.696],[7.455,83.606],[24.318,82.512]],"c":true}]},{"i":{"x":0.5,"y":1},"o":{"x":0.31,"y":0},"t":160,"s":[{"i":[[-4.392,-6.705],[19.306,26.623],[-7.513,-0.415],[0,0],[-2.956,-3.281],[-5.42,-0.299],[0,0]],"o":[[-10.065,16.651],[4.771,-6.233],[0,0],[4.263,0.235],[1.625,-1.711],[0,0],[7.485,0.413]],"v":[[48.171,93.851],[-47.916,88.546],[-27.499,79.729],[-11.215,80.628],[0.213,86.208],[12.333,81.929],[28.784,82.837]],"c":true}]},{"t":179,"s":[{"i":[[-4.737,-6.288],[20.672,24.868],[-7.524,0],[0,0],[-3.124,-3.034],[-5.428,0],[0,0]],"o":[[-9.179,16.743],[4.438,-6.321],[0,0],[4.269,0],[1.533,-1.752],[0,0],[7.496,0]],"v":[[47.832,90.882],[-48.394,90.882],[-28.468,81.206],[-12.16,81.206],[-0.456,86.021],[11.422,81.206],[27.897,81.206]],"c":true}]}]},"nm":"Path 1","hd":false},{"ty":"fl","c":{"a":0,"k":[0.717647075653,0,0.250980407,1]},"o":{"a":0,"k":100},"r":1,"bm":0,"nm":"Fill 1","hd":false},{"ty":"tr","p":{"a":0,"k":[0,0]},"a":{"a":0,"k":[0,0]},"s":{"a":0,"k":[100,100]},"r":{"a":0,"k":0},"o":{"a":0,"k":50},"sk":{"a":0,"k":0},"sa":{"a":0,"k":0},"nm":"Transform"}],"nm":"Group 2","bm":0,"hd":false},{"ty":"gr","it":[{"ind":0,"ty":"sh","ks":{"a":1,"k":[{"i":{"x":0.833,"y":0.833},"o":{"x":0.595,"y":0},"t":0,"s":[{"i":[[0,0],[0,0]],"o":[[0,0],[0,0]],"v":[[-0.162,92.485],[-0.162,136.188]],"c":false}]},{"i":{"x":0.833,"y":0.833},"o":{"x":0.167,"y":0.167},"t":28,"s":[{"i":[[0,0],[0,0]],"o":[[0,0],[0,0]],"v":[[-1.639,97.16],[-1.935,99.193]],"c":false}]},{"i":{"x":0.506,"y":1},"o":{"x":0.167,"y":0.167},"t":33,"s":[{"i":[[0,0],[0,0]],"o":[[0,0],[0,0]],"v":[[-0.697,89.486],[-0.769,91.099]],"c":false}]},{"i":{"x":0.506,"y":1},"o":{"x":0.3,"y":0},"t":38,"s":[{"i":[[0,0],[0,0]],"o":[[0,0],[0,0]],"v":[[-0.388,87.978],[-0.388,89.241]],"c":false}]},{"i":{"x":0.7,"y":1},"o":{"x":0.186,"y":0},"t":86,"s":[{"i":[[0,0],[0,0]],"o":[[0,0],[0,0]],"v":[[-0.715,85.153],[-0.292,85.53]],"c":false}]},{"i":{"x":0.833,"y":0.833},"o":{"x":0.3,"y":0},"t":95,"s":[{"i":[[0,0],[2.366,-0.625]],"o":[[0,0],[-1.469,0.388]],"v":[[-2.056,96.737],[-7.322,98.543]],"c":false}]},{"i":{"x":0.5,"y":1},"o":{"x":0.167,"y":0.167},"t":105,"s":[{"i":[[0,0],[8.932,-8.879]],"o":[[0,0],[-1.367,2.935]],"v":[[0.228,103.31],[-13.33,126.623]],"c":false}]},{"i":{"x":0.7,"y":1},"o":{"x":0.28,"y":0},"t":112,"s":[{"i":[[0,0],[-7.493,-20.579]],"o":[[0,0],[2.129,5.847]],"v":[[-1.473,98.501],[9.668,157.738]],"c":false}]},{"i":{"x":0.69,"y":1},"o":{"x":0.3,"y":0},"t":137,"s":[{"i":[[0,0],[4.607,-11.766]],"o":[[0,0],[-1.675,4.277]],"v":[[-3.469,90.832],[-8.16,118.443]],"c":false}]},{"i":{"x":0.5,"y":1},"o":{"x":0.31,"y":0},"t":160,"s":[{"i":[[0,0],[-2.432,-17.648]],"o":[[0,0],[0.583,4.229]],"v":[[0.16,92.848],[1.582,137.829]],"c":false}]},{"t":179,"s":[{"i":[[0,0],[0,0]],"o":[[0,0],[0,0]],"v":[[-0.162,92.485],[-0.162,136.188]],"c":false}]}]},"nm":"Path 1","hd":false},{"ty":"st","c":{"a":0,"k":[0.670588254929,0,0.23137255013,1]},"o":{"a":0,"k":100},"w":{"a":0,"k":8},"lc":2,"lj":2,"bm":0,"nm":"Stroke 1","hd":false},{"ty":"tr","p":{"a":0,"k":[0,0]},"a":{"a":0,"k":[0,0]},"s":{"a":0,"k":[100,100]},"r":{"a":0,"k":0},"o":{"a":0,"k":70},"sk":{"a":0,"k":0},"sa":{"a":0,"k":0},"nm":"Transform"}],"nm":"Group 3","bm":0,"hd":false},{"ty":"gr","it":[{"ind":0,"ty":"sh","ks":{"a":1,"k":[{"i":{"x":0.833,"y":0.833},"o":{"x":0.595,"y":0},"t":0,"s":[{"i":[[0,0],[0,-8.298],[0,0],[-39.526,0],[0,11.015],[0,0],[7.432,3.051]],"o":[[-7.484,3.028],[0,0],[0,11.015],[38.244,0],[0,0],[0,-8.261],[0,0]],"v":[[-36.577,86.739],[-49.353,105.226],[-49.353,153.582],[-0.319,196.319],[48.714,153.582],[48.714,105.226],[36.037,86.779]],"c":false}]},{"i":{"x":0.833,"y":0.833},"o":{"x":0.167,"y":0.167},"t":28,"s":[{"i":[[0,0],[3.335,-0.523],[-2.88,-3.19],[-32.618,0.56],[-6.669,3.47],[2.719,0.721],[7.096,-0.668]],"o":[[-7.083,-1.161],[-2.413,0.378],[1.775,1.966],[26.459,-0.455],[3.413,-1.776],[-3.01,-0.798],[0,0]],"v":[[-34.999,96.586],[-44.16,96.313],[-46.392,102.314],[-1.101,113.756],[43.028,102.612],[42.958,94.841],[32.083,94.372]],"c":false}]},{"i":{"x":0.506,"y":1},"o":{"x":0.167,"y":0.167},"t":33,"s":[{"i":[[0,0],[0.77,-0.483],[-1.801,-0.897],[-30.535,-0.356],[-0.796,0.649],[0.835,0.373],[6.324,0.164]],"o":[[-6.369,0.163],[-0.557,0.187],[2.464,1.001],[30.023,0.35],[1.977,-0.863],[-0.674,-0.524],[0,0]],"v":[[-31.441,87.553],[-42.221,88.469],[-39.344,91.639],[-0.911,99.037],[38.987,91.245],[41.139,88.545],[30.351,87.555]],"c":false}]},{"i":{"x":0.506,"y":1},"o":{"x":0.3,"y":0},"t":38,"s":[{"i":[[0,0],[0.06,-0.16],[0,0],[-30.546,0],[0.082,0.307],[0,0],[5.558,-1.497]],"o":[[-5.413,-2.105],[0,0],[-0.08,0.213],[29.556,0],[0,0],[-0.062,-0.23],[0,0]],"v":[[-27.69,84.503],[-34.975,82.088],[-34.995,83.443],[-0.48,92.075],[34.919,84.52],[34.657,82.365],[27.204,83.921]],"c":false}]},{"i":{"x":0.7,"y":1},"o":{"x":0.186,"y":0},"t":86,"s":[{"i":[[0,0],[0.013,-0.067],[0,0],[-33.845,9.976],[0.194,0.065],[0,0],[5.656,-2.262]],"o":[[-6.703,1.14],[0,0],[-0.017,0.089],[32.748,-9.652],[0,0],[-0.145,-0.048],[0,0]],"v":[[-32.131,93.033],[-43.595,95.088],[-43.671,95.481],[0.556,86.405],[39.23,71.436],[38.379,71.152],[28.496,74.932]],"c":false}]},{"i":{"x":0.833,"y":0.822},"o":{"x":0.3,"y":0},"t":95,"s":[{"i":[[0,0],[3.859,-1.713],[0.551,-2.02],[-29.653,5.99],[-15.92,4.664],[1.266,5.033],[5.413,-0.604]],"o":[[-5.826,1.771],[-2.631,1.168],[-0.806,2.956],[15.83,-3.198],[5.2,-1.523],[-0.541,-2.15],[0,0]],"v":[[-30.049,101.355],[-43.003,106.836],[-46.37,112.083],[-5.887,110.453],[19.993,102.612],[34.821,91.777],[24.749,89.481]],"c":false}]},{"i":{"x":0.5,"y":1},"o":{"x":0.167,"y":0.178},"t":105,"s":[{"i":[[0,0],[2.053,-5.513],[7.861,-10.088],[-17.822,-6.487],[-18.58,7.93],[-0.336,9.96],[6.406,2.013]],"o":[[-7.065,1.327],[-1.879,6.594],[-7.818,10.997],[16.673,4.521],[24.863,-11.37],[-1.261,-4.212],[0,0]],"v":[[-32.562,98.93],[-44.04,107.592],[-56.721,133.368],[-39.918,161.687],[8.663,158.15],[44.634,113.291],[33.064,102.173]],"c":false}]},{"i":{"x":0.7,"y":1},"o":{"x":0.28,"y":0},"t":112,"s":[{"i":[[0,0],[0.047,-11.516],[-4.86,-15.22],[-33.095,10.22],[6.554,36.957],[1.879,6.332],[6.85,3.881]],"o":[[-6.84,2.931],[-0.057,14.079],[11.919,37.329],[14.138,-4.366],[-2.878,-16.227],[-2.384,-8.032],[0,0]],"v":[[-34.952,89.804],[-46.501,109.736],[-38.432,164.835],[33.953,209.569],[50.432,156.169],[45.587,116.075],[31.698,94.349]],"c":false}]},{"i":{"x":0.69,"y":1},"o":{"x":0.3,"y":0},"t":137,"s":[{"i":[[0,0],[1.408,-5.226],[1.978,-10.471],[-33.469,-5.899],[-7.233,10.994],[-0.137,8.753],[6.219,1.873]],"o":[[-7.434,2.912],[0,0],[-2.082,11.019],[32.98,5.813],[7.072,-10.749],[0.15,-9.609],[0,0]],"v":[[-41.17,88.667],[-54.826,101.366],[-61.981,129.859],[-27.464,167.824],[32.296,144.898],[45.28,105.777],[33.066,86.417]],"c":false}]},{"i":{"x":0.5,"y":1},"o":{"x":0.31,"y":0},"t":160,"s":[{"i":[[0,0],[1.569,-9.757],[-3.039,-16.747],[-39.492,1.674],[1.53,10.429],[0,0],[7.257,3.536]],"o":[[-7.636,2.69],[-1.422,8.843],[2.288,12.611],[38.212,-1.62],[-2.217,-15.108],[0.444,-8.465],[0,0]],"v":[[-35.893,84.952],[-49.645,103.191],[-46.393,157.18],[9.762,197.332],[51.59,153.027],[48.281,108.598],[36.613,88.997]],"c":false}]},{"t":179,"s":[{"i":[[0,0],[0,-8.298],[0,0],[-39.526,0],[0,11.015],[0,0],[7.432,3.051]],"o":[[-7.484,3.028],[0,0],[0,11.015],[38.244,0],[0,0],[0,-8.261],[0,0]],"v":[[-36.577,86.739],[-49.353,105.226],[-49.353,153.582],[-0.319,196.319],[48.714,153.582],[48.714,105.226],[36.037,86.779]],"c":false}]}]},"nm":"Path 1","hd":false},{"ty":"st","c":{"a":0,"k":[0.835294127464,0,0.341176480055,1]},"o":{"a":0,"k":100},"w":{"a":0,"k":8},"lc":2,"lj":2,"bm":0,"nm":"Stroke 1","hd":false},{"ty":"gf","o":{"a":0,"k":100},"r":1,"bm":0,"g":{"p":5,"k":{"a":0,"k":[0,0.984,0.224,0.51,0.25,0.992,0.4,0.665,0.52,1,0.576,0.82,0.8,0.98,0.288,0.637,1,0.961,0,0.455]}},"s":{"a":0,"k":[-1,100]},"e":{"a":0,"k":[-1,199.748]},"t":1,"nm":"Gradient Fill 1","hd":false},{"ty":"tr","p":{"a":0,"k":[0,0]},"a":{"a":0,"k":[0,0]},"s":{"a":0,"k":[100,100]},"r":{"a":0,"k":0},"o":{"a":0,"k":100},"sk":{"a":0,"k":0},"sa":{"a":0,"k":0},"nm":"Transform"}],"nm":"Group 4","bm":0,"hd":false}],"ip":0,"op":180,"st":0,"bm":0},{"ddd":0,"ind":4,"ty":4,"nm":"Mouth","parent":1,"sr":1,"ks":{"p":{"a":0,"k":[52,149.04,0]},"a":{"a":0,"k":[0,95.04,0]}},"ao":0,"shapes":[{"ty":"gr","it":[{"ind":0,"ty":"sh","ks":{"a":1,"k":[{"i":{"x":0.5,"y":0.726},"o":{"x":0.3,"y":0},"t":0,"s":[{"i":[[15.35,-17.467],[0.164,2.453],[83.359,-1.305],[0.931,-10.781],[-7.339,-11.427],[-3.703,2.364],[-81.772,-1.283],[-1.035,-11.853]],"o":[[7.059,-10.744],[-0.721,-10.797],[-83.37,-1.305],[-0.133,1.766],[-13.937,-14.912],[5.416,-4.721],[91.627,-1.437],[0.012,0.133]],"v":[[98.393,91.346],[106.351,69.962],[0.005,80.112],[-106.353,69.962],[-97.084,94.155],[-113.264,54.426],[0.005,68.303],[114.377,57.146]],"c":true}]},{"i":{"x":0.5,"y":1},"o":{"x":0.3,"y":0.164},"t":22,"s":[{"i":[[13.906,-16.34],[0.148,2.295],[75.515,-1.221],[0.844,-10.085],[-6.648,-10.69],[-3.355,2.212],[-74.077,-1.2],[-0.937,-11.089]],"o":[[6.395,-10.051],[-0.653,-10.101],[-75.525,-1.221],[-0.12,1.652],[-12.625,-13.951],[4.907,-4.417],[83.004,-1.345],[0.01,0.124]],"v":[[89.11,85.376],[96.318,65.371],[-0.41,84.483],[-95.666,64.116],[-87.27,86.749],[-101.926,49.582],[-0.41,73.435],[103.589,53.382]],"c":true}]},{"i":{"x":0.833,"y":0.822},"o":{"x":0.286,"y":0},"t":44,"s":[{"i":[[6.682,-6.538],[0.06,0.697],[49.543,-0.961],[0.565,-2.928],[-3.685,-3.443],[-2.248,0.642],[-49.651,-0.407],[-1.43,-3.167]],"o":[[3.231,-3.645],[-0.148,-1.71],[-48.894,0.652],[-0.081,0.48],[-6.247,-4.443],[3.289,-1.282],[55.634,-0.456],[0.706,1.563]],"v":[[60.587,65.191],[63.975,58.019],[-0.251,64.438],[-63.313,56.912],[-59.46,66.533],[-68.924,51.629],[-0.251,59.674],[69.296,52.049]],"c":true}]},{"i":{"x":0.69,"y":1},"o":{"x":0.167,"y":0.178},"t":73.813,"s":[{"i":[[10.403,-5.553],[0.156,0.734],[62.937,-0.519],[0.709,-3.287],[-5.586,-3.484],[-2.819,0.721],[-62.249,-0.406],[-1.177,-3.601]],"o":[[4.861,-3.332],[-0.367,-1.733],[-63.589,-0.992],[-0.101,0.538],[-9.345,-4.725],[4.123,-1.44],[69.751,-0.455],[0.349,0.432]],"v":[[74.886,65.751],[78.617,60.33],[-1.693,65.316],[-78.055,59.842],[-73.721,66.439],[-85.559,53.895],[-0.728,59.205],[86.57,54.622]],"c":true}]},{"i":{"x":0.833,"y":0.833},"o":{"x":0.2,"y":0},"t":86,"s":[{"i":[[10.659,-4.389],[0.16,0.581],[64.487,-0.41],[0.726,-2.598],[-5.724,-2.754],[-2.888,0.57],[-63.783,-0.321],[-1.206,-2.846]],"o":[[4.981,-2.634],[-0.376,-1.37],[-65.155,-0.785],[-0.103,0.426],[-9.575,-3.735],[4.225,-1.138],[71.47,-0.36],[0.357,0.342]],"v":[[76.846,57.65],[80.56,55.05],[-0.765,65.337],[-79.973,54.665],[-75.416,58.806],[-87.661,49.964],[-0.249,60.59],[88.708,50.538]],"c":true}]},{"i":{"x":0.298,"y":1},"o":{"x":0.167,"y":0.167},"t":96,"s":[{"i":[[12.729,-10.347],[0.149,1.56],[71.014,-0.852],[0.795,-6.867],[-6.265,-6.746],[-3.161,1.506],[-69.812,-0.82],[-0.998,-7.548]],"o":[[5.876,-6.351],[-0.562,-6.609],[-71.213,-0.933],[-0.113,1.125],[-11.528,-8.832],[4.624,-3.007],[78.226,-0.919],[0.109,0.152]],"v":[[84.816,74.276],[90.896,62.083],[-0.149,73.814],[-90.095,61.804],[-82.947,75.85],[-96.653,51.7],[0.149,67.018],[98.289,53.61]],"c":true}]},{"i":{"x":0.3,"y":1},"o":{"x":0.3,"y":0},"t":110,"s":[{"i":[[15.773,-20.352],[0.168,2.859],[85.653,-1.52],[0.957,-12.561],[-7.54,-13.314],[-3.805,2.754],[-84.022,-1.495],[-1.063,-13.811]],"o":[[7.253,-12.518],[-0.741,-12.58],[-85.664,-1.52],[-0.136,2.058],[-14.32,-17.375],[5.565,-5.501],[94.148,-1.675],[0.012,0.155]],"v":[[102.355,103.657],[110.531,78.741],[0.088,97.662],[-109.55,78.353],[-100.027,106.542],[-116.652,60.252],[0.333,86.174],[118.779,63.809]],"c":true}]},{"i":{"x":0.4,"y":1},"o":{"x":0.3,"y":0},"t":143,"s":[{"i":[[15.35,-15.609],[0.164,2.192],[83.359,-1.166],[0.931,-9.634],[-7.339,-10.211],[-3.703,2.113],[-81.772,-1.146],[-1.035,-10.592]],"o":[[7.059,-9.601],[-0.721,-9.648],[-83.37,-1.166],[-0.133,1.578],[-13.937,-13.326],[5.416,-4.219],[91.627,-1.284],[0.012,0.119]],"v":[[99.547,89.328],[107.504,70.219],[0.005,85.262],[-105.263,72.718],[-95.995,94.337],[-112.175,58.836],[-0.07,76.463],[115.531,58.767]],"c":true}]},{"t":179,"s":[{"i":[[15.35,-17.467],[0.164,2.453],[83.359,-1.305],[0.931,-10.781],[-7.339,-11.427],[-3.703,2.364],[-81.772,-1.283],[-1.035,-11.853]],"o":[[7.059,-10.744],[-0.721,-10.797],[-83.37,-1.305],[-0.133,1.766],[-13.937,-14.912],[5.416,-4.721],[91.627,-1.437],[0.012,0.133]],"v":[[98.393,91.346],[106.351,69.962],[0.005,80.112],[-106.353,69.962],[-97.084,94.155],[-113.264,54.426],[0.005,68.303],[114.377,57.146]],"c":true}]}]},"nm":"Path 1","hd":false},{"ty":"fl","c":{"a":0,"k":[0.419607847929,0.1254902035,0,1]},"o":{"a":0,"k":100},"r":1,"bm":0,"nm":"Fill 1","hd":false},{"ty":"tr","p":{"a":0,"k":[0,0]},"a":{"a":0,"k":[0,0]},"s":{"a":0,"k":[100,100]},"r":{"a":0,"k":0},"o":{"a":0,"k":100},"sk":{"a":0,"k":0},"sa":{"a":0,"k":0},"nm":"Transform"}],"nm":"Group 1","bm":0,"hd":false},{"ty":"gr","it":[{"ty":"gr","it":[{"ind":0,"ty":"sh","ks":{"a":1,"k":[{"i":{"x":0.5,"y":0.718},"o":{"x":0.3,"y":0},"t":0,"s":[{"i":[[14.246,-16.181],[43.111,0],[19.825,24.094],[0.012,0.022],[-0.081,0.077],[-81.772,-1.283],[-1.035,-11.853]],"o":[[-20.602,23.4],[-42.766,0],[-0.012,-0.011],[-18.7,-21.281],[5.416,-4.721],[91.627,-1.437],[0.262,1.29]],"v":[[98.393,91.346],[0.005,135.785],[-97.05,94.199],[-97.084,94.155],[-113.264,54.426],[0.005,68.303],[114.45,57.167]],"c":true}]},{"i":{"x":0.5,"y":1},"o":{"x":0.3,"y":0.169},"t":22,"s":[{"i":[[12.906,-15.138],[39.054,0],[17.959,22.54],[0.011,0.021],[-0.073,0.072],[-74.077,-1.2],[-0.937,-11.089]],"o":[[-18.663,21.891],[-38.741,0],[-0.011,-0.01],[-16.94,-19.909],[4.907,-4.417],[83.005,-1.345],[0.238,1.206]],"v":[[89.11,85.376],[-0.001,129.95],[-87.238,86.79],[-87.27,86.749],[-101.926,49.582],[-0.41,73.435],[103.655,53.401]],"c":true}]},{"i":{"x":0.833,"y":0.822},"o":{"x":0.286,"y":0},"t":44,"s":[{"i":[[5.41,-5.829],[33.877,0.46],[7.708,7.368],[0.007,0.007],[-0.049,0.019],[-49.651,-0.407],[-0.628,-3.328]],"o":[[-6.339,6.83],[-35.745,-0.486],[-0.007,-0.003],[-8.54,-7.96],[3.289,-1.282],[55.634,-0.456],[0.159,0.362]],"v":[[59.994,66],[-0.15,90.825],[-59.547,66.544],[-60.824,65.721],[-68.924,51.629],[-0.251,59.674],[69.34,52.054]],"c":true}]},{"i":{"x":0.69,"y":1},"o":{"x":0.167,"y":0.178},"t":73.813,"s":[{"i":[[9.259,-5.12],[34.205,0.095],[12.987,7.295],[0.009,0.007],[-0.062,0.022],[-62.249,-0.406],[-0.788,-3.642]],"o":[[-12.684,7.013],[-35.782,-0.1],[-0.009,-0.003],[-12.868,-6.764],[4.123,-1.44],[69.752,-0.455],[0.2,0.396]],"v":[[74.598,65.93],[-0.092,82.658],[-73.261,66.632],[-73.776,66.412],[-85.559,53.895],[-0.728,59.205],[86.625,54.628]],"c":true}]},{"i":{"x":0.833,"y":0.833},"o":{"x":0.2,"y":0},"t":86,"s":[{"i":[[9.492,-4.049],[35.047,0.075],[13.307,5.767],[0.009,0.005],[-0.064,0.017],[-63.783,-0.321],[-0.807,-2.879]],"o":[[-12.996,5.544],[-36.664,-0.079],[-0.009,-0.003],[-13.185,-5.347],[4.225,-1.138],[71.47,-0.36],[0.205,0.313]],"v":[[76.424,57.947],[-0.669,72.378],[-74.944,58.959],[-75.472,58.785],[-87.661,49.964],[-0.249,60.59],[88.764,50.543]],"c":true}]},{"i":{"x":0.298,"y":1},"o":{"x":0.167,"y":0.167},"t":96,"s":[{"i":[[11.699,-9.582],[37.212,0.016],[16.308,14.215],[0.01,0.013],[-0.069,0.049],[-69.812,-0.82],[-0.883,-7.555]],"o":[[-16.709,13.794],[-37.457,-0.016],[-0.01,-0.007],[-15.564,-12.607],[4.624,-3.007],[78.226,-0.919],[0.224,0.822]],"v":[[84.696,74.336],[0.183,99.678],[-82.79,75.905],[-82.963,75.846],[-96.653,51.7],[0.149,67.018],[98.351,53.623]],"c":true}]},{"i":{"x":0.3,"y":1},"o":{"x":0.3,"y":0},"t":110,"s":[{"i":[[14.638,-18.853],[44.297,0],[20.37,28.073],[0.012,0.026],[-0.083,0.09],[-84.022,-1.495],[-1.063,-13.811]],"o":[[-21.169,27.264],[-43.943,0],[-0.012,-0.013],[-19.214,-24.796],[5.565,-5.501],[94.148,-1.675],[0.27,1.503]],"v":[[102.355,103.657],[0.585,151.904],[-99.991,106.593],[-100.027,106.542],[-116.652,60.252],[0.333,86.174],[118.853,63.833]],"c":true}]},{"i":{"x":0.4,"y":1},"o":{"x":0.3,"y":0},"t":143,"s":[{"i":[[14.246,-14.46],[43.111,0],[19.825,21.53],[0.012,0.02],[-0.081,0.069],[-81.772,-1.146],[-1.035,-10.592]],"o":[[-20.602,20.91],[-42.766,0],[-0.012,-0.01],[-18.7,-19.017],[5.416,-4.219],[91.627,-1.284],[0.262,1.152]],"v":[[99.547,89.328],[0.005,135.012],[-95.96,94.377],[-95.995,94.337],[-112.175,58.836],[-0.07,76.463],[115.603,58.785]],"c":true}]},{"t":179,"s":[{"i":[[14.246,-16.181],[43.111,0],[19.825,24.094],[0.012,0.022],[-0.081,0.077],[-81.772,-1.283],[-1.035,-11.853]],"o":[[-20.602,23.4],[-42.766,0],[-0.012,-0.011],[-18.7,-21.281],[5.416,-4.721],[91.627,-1.437],[0.262,1.29]],"v":[[98.393,91.346],[0.005,135.785],[-97.05,94.199],[-97.084,94.155],[-113.264,54.426],[0.005,68.303],[114.45,57.167]],"c":true}]}]},"nm":"Path 1","hd":false},{"ty":"fl","c":{"a":0,"k":[0.560784339905,0.227450981736,0,1]},"o":{"a":0,"k":100},"r":1,"bm":0,"nm":"Fill 1","hd":false},{"ty":"tr","p":{"a":0,"k":[0,0]},"a":{"a":0,"k":[0,0]},"s":{"a":0,"k":[100,100]},"r":{"a":0,"k":0},"o":{"a":0,"k":100},"sk":{"a":0,"k":0},"sa":{"a":0,"k":0},"nm":"Transform"}],"nm":"Group 1","bm":0,"hd":false},{"ty":"tr","p":{"a":0,"k":[0,0]},"a":{"a":0,"k":[0,0]},"s":{"a":0,"k":[100,100]},"r":{"a":0,"k":0},"o":{"a":0,"k":100},"sk":{"a":0,"k":0},"sa":{"a":0,"k":0},"nm":"Transform"}],"nm":"Group 2","bm":0,"hd":false},{"ty":"gr","it":[{"ty":"gr","it":[{"ind":0,"ty":"sh","ks":{"a":1,"k":[{"i":{"x":0.5,"y":0.718},"o":{"x":0.3,"y":0},"t":0,"s":[{"i":[[0.061,-0.392],[63.632,0],[7.677,41.398],[-7.898,-0.651],[-67.173,-1.051],[-11.039,0.941]],"o":[[-5.666,36.15],[-63.632,0],[-0.072,-0.391],[12.217,1.007],[70.257,-1.1],[7.059,-0.602]],"v":[[115.64,62.998],[0,143.322],[-115.672,63.73],[-110.525,53.608],[0,69.388],[111.185,53.642]],"c":true}]},{"i":{"x":0.5,"y":1},"o":{"x":0.3,"y":0.169},"t":22,"s":[{"i":[[0.056,-0.367],[57.644,0],[6.954,38.728],[-6.572,-3.042],[-60.851,-0.984],[-9.007,2.976]],"o":[[-5.133,33.819],[-57.644,0],[-0.066,-0.365],[10.391,4.81],[63.646,-1.029],[6.123,-2.023]],"v":[[104.733,58.857],[-0.005,137],[-104.108,58.286],[-99.446,48.816],[-1.35,76.457],[99.761,52.11]],"c":true}]},{"i":{"x":0.833,"y":0.822},"o":{"x":0.286,"y":0},"t":44,"s":[{"i":[[-0.034,-0.115],[43.58,0.145],[0.367,14.809],[-4.562,-2.116],[-40.786,-0.334],[-6.456,6.196]],"o":[[2.418,8.273],[-37.721,-0.125],[-0.003,-0.115],[6.673,3.095],[42.659,-0.349],[2.334,-2.24]],"v":[[70.062,53.692],[-0.6,96.195],[-70.387,54.155],[-67.334,52.527],[-0.254,61.506],[67.963,52.929]],"c":true}]},{"i":{"x":0.69,"y":1},"o":{"x":0.167,"y":0.178},"t":73.813,"s":[{"i":[[0.043,-0.12],[49.903,-0.292],[4.143,14.838],[-5.899,-0.68],[-51.136,-0.333],[-8.284,1.811]],"o":[[-5.281,14.956],[-47.985,0.28],[-0.038,-0.135],[8.938,1.031],[53.484,-0.348],[4.425,-0.716]],"v":[[87.531,56.42],[-0.438,89.683],[-87.393,56.732],[-83.755,54.097],[-1.94,60.469],[84.77,54.198]],"c":true}]},{"i":{"x":0.833,"y":0.833},"o":{"x":0.2,"y":0},"t":86,"s":[{"i":[[0.062,-0.079],[51.133,-0.231],[8.866,11.067],[-6.045,-0.538],[-52.395,-0.263],[-8.488,1.432]],"o":[[-8.931,11.38],[-49.167,0.222],[-0.068,-0.085],[9.158,0.815],[54.801,-0.275],[4.534,-0.566]],"v":[[89.693,51.96],[-0.764,78.748],[-89.54,52.206],[-85.813,50.123],[-1.49,61.589],[86.864,50.203]],"c":true}]},{"i":{"x":0.298,"y":1},"o":{"x":0.167,"y":0.167},"t":96,"s":[{"i":[[0.056,-0.246],[54.754,-0.045],[7.378,26.607],[-6.709,-0.498],[-57.348,-0.672],[-9.39,0.862]],"o":[[-6.129,23.608],[-54.192,0.045],[-0.065,-0.247],[10.324,0.766],[59.982,-0.703],[5.748,-0.475]],"v":[[99.367,57.34],[0.153,105.046],[-98.709,57.626],[-94.973,51.75],[-0.209,67.869],[96.253,52.05]],"c":true}]},{"i":{"x":0.3,"y":1},"o":{"x":0.3,"y":0},"t":110,"s":[{"i":[[0.063,-0.457],[65.383,0],[7.888,48.235],[-8.115,-0.758],[-69.021,-1.225],[-11.343,1.097]],"o":[[-5.822,42.121],[-65.383,0],[-0.074,-0.455],[12.553,1.173],[72.191,-1.281],[7.253,-0.701]],"v":[[120.076,70.628],[0.58,160.686],[-119.126,71.092],[-114.777,60.282],[0.329,87.438],[116.321,60.846]],"c":true}]},{"i":{"x":0.4,"y":1},"o":{"x":0.3,"y":0},"t":143,"s":[{"i":[[0.061,-0.35],[63.632,0],[7.677,36.994],[-7.898,-0.582],[-67.173,-0.94],[-11.039,0.841]],"o":[[-5.666,32.304],[-63.632,0],[-0.072,-0.349],[12.217,0.9],[70.257,-0.983],[7.059,-0.538]],"v":[[116.793,63.996],[0,141.746],[-114.583,67.149],[-109.436,58.104],[-0.074,77.433],[112.819,56.398]],"c":true}]},{"t":179,"s":[{"i":[[0.061,-0.392],[63.632,0],[7.677,41.398],[-7.898,-0.651],[-67.173,-1.051],[-11.039,0.941]],"o":[[-5.666,36.15],[-63.632,0],[-0.072,-0.391],[12.217,1.007],[70.257,-1.1],[7.059,-0.602]],"v":[[115.64,62.998],[0,143.322],[-115.672,63.73],[-110.525,53.608],[0,69.388],[111.185,53.642]],"c":true}]}]},"nm":"Path 1","hd":false},{"ty":"fl","c":{"a":0,"k":[1,0.878431379795,0.643137276173,1]},"o":{"a":0,"k":100},"r":1,"bm":0,"nm":"Fill 1","hd":false},{"ty":"tr","p":{"a":0,"k":[0,0]},"a":{"a":0,"k":[0,0]},"s":{"a":0,"k":[100,100]},"r":{"a":0,"k":0},"o":{"a":0,"k":100},"sk":{"a":0,"k":0},"sa":{"a":0,"k":0},"nm":"Transform"}],"nm":"Group 1","bm":0,"hd":false},{"ty":"tr","p":{"a":0,"k":[0,0]},"a":{"a":0,"k":[0,0]},"s":{"a":0,"k":[100,100]},"r":{"a":0,"k":0},"o":{"a":0,"k":100},"sk":{"a":0,"k":0},"sa":{"a":0,"k":0},"nm":"Transform"}],"nm":"Group 3","bm":0,"hd":false},{"ty":"gr","it":[{"ty":"gr","it":[{"ind":0,"ty":"sh","ks":{"a":1,"k":[{"i":{"x":0.5,"y":0.71},"o":{"x":0.3,"y":0},"t":0,"s":[{"i":[[0.761,28.313],[-4.824,-0.359],[-67.173,-1.051],[-11.079,0.075],[0.067,-5.251]],"o":[[-0.072,-4.967],[12.225,0.911],[70.257,-1.1],[3.693,-0.025],[0.006,18.859]],"v":[[-116.928,55.021],[-110.525,46.784],[0,61.459],[111.185,46.818],[116.929,55.021]],"c":true}]},{"i":{"x":0.5,"y":1},"o":{"x":0.3,"y":0.174},"t":22,"s":[{"i":[[16.206,39.162],[-4.37,-0.336],[-60.851,-0.984],[-10.037,0.069],[0.061,-4.912]],"o":[[-0.065,-4.646],[11.074,0.852],[63.646,-1.029],[3.346,-0.023],[-34.565,41.823]],"v":[[-105.246,50.138],[-99.446,42.433],[-0.414,67.032],[100.697,43.72],[105.901,51.394]],"c":true}]},{"i":{"x":0.833,"y":0.822},"o":{"x":0.286,"y":0},"t":44,"s":[{"i":[[37.371,29.127],[-2.929,-0.098],[-44.867,-2.141],[-7.479,1.567],[2.713,-4.089]],"o":[[-1.804,-3.375],[7.423,0.247],[45.736,-0.891],[2.219,-0.465],[-54.31,35.038]],"v":[[-70.716,53.339],[-69.011,47.803],[-0.254,55.891],[68.607,47.648],[69.892,54.178]],"c":true}]},{"i":{"x":0.69,"y":1},"o":{"x":0.167,"y":0.178},"t":73.813,"s":[{"i":[[20.184,15.282],[-5.276,-0.131],[-53.12,-0.796],[-8.759,1.386],[0.56,-2.085]],"o":[[-0.407,-1.993],[9.307,0.232],[54.979,-0.487],[4.986,-0.789],[-34.247,18.018]],"v":[[-88.138,54.474],[-83.474,49.629],[-0.732,53.333],[83.264,49.512],[88.049,54.668]],"c":true}]},{"i":{"x":0.833,"y":0.833},"o":{"x":0.2,"y":0},"t":86,"s":[{"i":[[20.681,12.081],[-5.406,-0.104],[-54.428,-0.63],[-8.975,1.096],[0.574,-1.648]],"o":[[-0.417,-1.576],[9.536,0.183],[56.334,-0.385],[5.109,-0.624],[-35.091,14.243]],"v":[[-90.304,50.421],[-85.525,46.591],[-0.514,54.879],[85.321,46.499],[90.224,50.575]],"c":true}]},{"i":{"x":0.298,"y":1},"o":{"x":0.167,"y":0.167},"t":96,"s":[{"i":[[7.492,26.272],[-4.588,-0.233],[-57.93,-0.752],[-9.554,0.282],[0.206,-3.428]],"o":[[-0.165,-3.246],[10.437,0.572],[60.42,-0.727],[3.791,-0.15],[-18.253,26.366]],"v":[[-99.719,52.147],[-94.315,46.499],[0.071,61.774],[95.307,46.693],[100.332,52.375]],"c":true}]},{"i":{"x":0.3,"y":1},"o":{"x":0.3,"y":0},"t":110,"s":[{"i":[[2.564,47.126],[-4.956,-0.419],[-69.021,-1.225],[-11.384,0.086],[0.069,-6.118]],"o":[[-0.074,-5.787],[12.561,1.061],[72.191,-1.281],[3.795,-0.029],[-13.379,46.376]],"v":[[-120.417,60.945],[-113.838,51.347],[0.329,78.199],[115.498,51.775],[121.4,61.333]],"c":true}]},{"i":{"x":0.4,"y":1},"o":{"x":0.3,"y":0},"t":143,"s":[{"i":[[1.67,34.079],[-4.824,-0.321],[-67.173,-0.94],[-11.079,0.066],[0.067,-4.692]],"o":[[-0.072,-4.438],[12.225,0.814],[70.257,-0.983],[3.693,-0.022],[-1.281,31.564]],"v":[[-115.839,59.367],[-109.436,52.006],[-0.074,70.347],[112.338,49.537],[118.082,56.868]],"c":true}]},{"t":179,"s":[{"i":[[0.761,28.313],[-4.824,-0.359],[-67.173,-1.051],[-11.079,0.075],[0.067,-5.251]],"o":[[-0.072,-4.967],[12.225,0.911],[70.257,-1.1],[3.693,-0.025],[0.006,18.859]],"v":[[-116.928,55.021],[-110.525,46.784],[0,61.459],[111.185,46.818],[116.929,55.021]],"c":true}]}]},"nm":"Path 1","hd":false},{"ty":"fl","c":{"a":0,"k":[1,0.678431391716,0,1]},"o":{"a":0,"k":100},"r":1,"bm":0,"nm":"Fill 1","hd":false},{"ty":"tr","p":{"a":0,"k":[0,0]},"a":{"a":0,"k":[0,0]},"s":{"a":0,"k":[100,100]},"r":{"a":0,"k":0},"o":{"a":0,"k":100},"sk":{"a":0,"k":0},"sa":{"a":0,"k":0},"nm":"Transform"}],"nm":"Group 1","bm":0,"hd":false},{"ty":"tr","p":{"a":0,"k":[0,0]},"a":{"a":0,"k":[0,0]},"s":{"a":0,"k":[100,100]},"r":{"a":0,"k":0},"o":{"a":0,"k":100},"sk":{"a":0,"k":0},"sa":{"a":0,"k":0},"nm":"Transform"}],"nm":"Group 4","bm":0,"hd":false}],"ip":0,"op":180,"st":0,"bm":0},{"ddd":0,"ind":5,"ty":4,"nm":"Shadow Tongue","parent":3,"sr":1,"ks":{"o":{"a":1,"k":[{"t":0,"s":[70],"h":1},{"t":27,"s":[0],"h":1},{"t":91,"s":[70],"h":1}]},"p":{"a":0,"k":[0.746,92.026,0]},"a":{"a":0,"k":[0.746,92.026,0]}},"ao":0,"shapes":[{"ty":"gr","it":[{"ind":0,"ty":"sh","ks":{"a":1,"k":[{"i":{"x":0.833,"y":0.833},"o":{"x":0.28,"y":0},"t":0,"s":[{"i":[[0,-12.4],[4.38,-2.751],[29.687,11.708],[0,0]],"o":[[0,0],[-36.053,13.431],[-4.29,-3.768],[0,-12.4]],"v":[[60.357,99.82],[60.25,166.25],[-60.833,165.917],[-60.803,99.82]],"c":true}]},{"i":{"x":0.72,"y":1},"o":{"x":0.167,"y":0.167},"t":22,"s":[{"i":[[0,-5.143],[4.38,-1.141],[15.487,6.916],[0,0]],"o":[[0,0],[-38.217,16.974],[-4.94,-3.657],[0,-5.143]],"v":[[60.357,92.563],[58.316,118.711],[-56.861,123.137],[-60.803,92.563]],"c":true}]},{"i":{"x":0.72,"y":1},"o":{"x":0.28,"y":0},"t":28,"s":[{"i":[[0,-6.045],[4.38,-1.341],[8.529,10.563],[0,0]],"o":[[0,0],[-39.278,33.421],[-5.259,-6.772],[0,-6.045]],"v":[[60.357,93.465],[58.729,100.12],[-51.6,107.502],[-60.803,93.465]],"c":true}]},{"i":{"x":0.72,"y":1},"o":{"x":0.28,"y":0},"t":91,"s":[{"i":[[-0.882,-4.831],[4.113,-1.859],[11.851,0.455],[0,0]],"o":[[0,0],[-33.352,22.099],[-6.162,-4.467],[-0.882,-4.831]],"v":[[48.713,72.232],[50.641,78.037],[-58.63,110.441],[-69.732,100.877]],"c":true}]},{"i":{"x":0.833,"y":0.833},"o":{"x":0.28,"y":0},"t":96,"s":[{"i":[[0,-6.045],[4.38,-1.341],[7.901,10.67],[0,0]],"o":[[0,0],[-41.277,33.762],[-4.29,-1.837],[0,-6.045]],"v":[[55.38,80.761],[40.995,100.853],[-59.989,117.795],[-60.803,93.465]],"c":true}]},{"i":{"x":0.833,"y":0.833},"o":{"x":0.167,"y":0.167},"t":101,"s":[{"i":[[0,-6.541],[7.05,-8.484],[2.945,17.219],[0,0]],"o":[[0,0],[-33.954,39.887],[-3.437,-6.693],[0,-6.541]],"v":[[61.563,95.913],[46.865,119.199],[-61.061,132.562],[-60.803,93.961]],"c":true}]},{"i":{"x":0.833,"y":0.833},"o":{"x":0.167,"y":0.167},"t":103,"s":[{"i":[[0,-7.097],[10.039,-16.478],[5.692,24.428],[0,0]],"o":[[0,0],[-28.552,52.625],[-7.461,-19.018],[0,-7.097]],"v":[[62.912,98.652],[47.204,125.58],[-64.784,141.711],[-51.053,95.325]],"c":true}]},{"i":{"x":0.833,"y":0.833},"o":{"x":0.167,"y":0.167},"t":105,"s":[{"i":[[-0.292,-8.179],[11.905,-15.254],[12.745,16.71],[-0.417,19.26]],"o":[[0,0],[-21.474,22.634],[-5.597,-14.178],[0.282,-13.038]],"v":[[60.917,97.162],[43.364,148.333],[-70.662,147.28],[-55.216,97.949]],"c":true}]},{"i":{"x":0.833,"y":1},"o":{"x":0.167,"y":0.167},"t":107,"s":[{"i":[[-0.583,-9.261],[13.613,-16.139],[34.429,17.356],[0,0]],"o":[[0,0],[-11.588,2.665],[1.63,-13.087],[-0.583,-9.261]],"v":[[58.922,95.672],[48.686,149.276],[-58.557,141.018],[-60.496,100.394]],"c":true}]},{"i":{"x":0.833,"y":0.833},"o":{"x":0.167,"y":0},"t":112,"s":[{"i":[[0,-9.562],[4.38,-2.121],[39.901,14.732],[0,0]],"o":[[0,0],[-36.053,10.357],[-4.29,-2.906],[0,-9.562]],"v":[[60.357,96.982],[60.952,135.211],[-56.606,133.6],[-60.803,96.982]],"c":true}]},{"i":{"x":0.45,"y":1},"o":{"x":0.167,"y":0.167},"t":121,"s":[{"i":[[0,-9.562],[4.38,-2.121],[44.573,20.413],[0,0]],"o":[[0,0],[-26.056,12.239],[-0.886,-13.484],[0,-9.562]],"v":[[60.357,96.982],[58.486,143],[-59.756,136.426],[-60.803,96.982]],"c":true}]},{"i":{"x":0.833,"y":0.833},"o":{"x":0.167,"y":0},"t":129,"s":[{"i":[[0,-9.562],[4.38,-2.121],[13.578,33.205],[0,0]],"o":[[0,0],[-20.515,34.095],[-8.932,-21.046],[0,-9.562]],"v":[[60.357,96.982],[47.953,157.641],[-64.412,157.709],[-60.803,96.982]],"c":true}]},{"i":{"x":0.833,"y":0.833},"o":{"x":0.167,"y":0.167},"t":133,"s":[{"i":[[0,-9.562],[11.864,-10.469],[20.436,27.654],[0,0]],"o":[[0,0],[-29.877,33.4],[-14.662,-25.519],[0,-9.562]],"v":[[60.357,96.982],[41.348,162.937],[-65.454,161.769],[-60.803,96.982]],"c":true}]},{"i":{"x":0.833,"y":1},"o":{"x":0.167,"y":0.167},"t":137,"s":[{"i":[[0,-9.562],[26.662,-20.917],[21.438,27.009],[0,0]],"o":[[0,0],[-19.605,17.63],[-20.146,-35.839],[0,-9.562]],"v":[[60.357,96.982],[31.368,168.933],[-68.71,161.925],[-60.803,96.982]],"c":true}]},{"i":{"x":0.833,"y":0.833},"o":{"x":0.167,"y":0},"t":144,"s":[{"i":[[0,-9.562],[19.185,-24.949],[18.87,24.328],[0,0]],"o":[[0,0],[-27.174,26.425],[-17.935,-23.781],[0,-9.562]],"v":[[60.357,96.982],[40.999,170.19],[-61.098,168.214],[-60.803,96.982]],"c":true}]},{"i":{"x":0.72,"y":1},"o":{"x":0.167,"y":0.167},"t":155,"s":[{"i":[[0,-10.693],[5.735,-17.457],[19.297,43.569],[0,0]],"o":[[0,0],[-13.988,34.076],[-15.557,-25.542],[0,-10.693]],"v":[[60.357,98.113],[60.221,174.854],[-55.459,171.462],[-60.803,98.113]],"c":true}]},{"t":179,"s":[{"i":[[0,-12.4],[4.38,-2.751],[29.687,11.708],[0,0]],"o":[[0,0],[-36.053,13.431],[-4.29,-3.768],[0,-12.4]],"v":[[60.357,99.82],[60.25,166.25],[-60.833,165.917],[-60.803,99.82]],"c":true}]}]},"nm":"Path 1","hd":false},{"ty":"fl","c":{"a":0,"k":[1,0.678431391716,0,1]},"o":{"a":0,"k":100},"r":1,"bm":0,"nm":"Fill 1","hd":false},{"ty":"tr","p":{"a":0,"k":[0,0]},"a":{"a":0,"k":[0,0]},"s":{"a":0,"k":[100,100]},"r":{"a":0,"k":0},"o":{"a":0,"k":100},"sk":{"a":0,"k":0},"sa":{"a":0,"k":0},"nm":"Transform"}],"nm":"Group 1","bm":0,"hd":false}],"ip":0,"op":180,"st":0,"bm":0},{"ddd":0,"ind":6,"ty":4,"nm":"BODY","sr":1,"ks":{"p":{"a":1,"k":[{"i":{"x":0.599,"y":1},"o":{"x":0.6,"y":0},"t":0,"s":[256,258,0],"to":[0,0,0],"ti":[0,0,0]},{"i":{"x":0.2,"y":1},"o":{"x":0.4,"y":0},"t":24,"s":[256,288,0],"to":[0,0,0],"ti":[0,0,0]},{"i":{"x":0.4,"y":1},"o":{"x":0.8,"y":0},"t":88,"s":[256,206,0],"to":[0,0,0],"ti":[0,0,0]},{"i":{"x":0.3,"y":1},"o":{"x":0.4,"y":0},"t":116,"s":[256,279.5,0],"to":[0,0,0],"ti":[0,0,0]},{"i":{"x":0.541,"y":1},"o":{"x":0.4,"y":0},"t":148,"s":[256,235.044,0],"to":[0,0,0],"ti":[0,0,0]},{"t":179,"s":[256,258,0]}]},"a":{"a":0,"k":[0,2,0]},"s":{"a":1,"k":[{"i":{"x":[0.6,0.6,0.6],"y":[1,1,1]},"o":{"x":[0.59,0.59,0.59],"y":[0,0,0]},"t":0,"s":[100,100,100]},{"i":{"x":[0.7,0.7,0.7],"y":[1,1,1]},"o":{"x":[0.5,0.5,0.5],"y":[0,0,0]},"t":19,"s":[103,97,100]},{"i":{"x":[0.7,0.7,0.7],"y":[1,1,1]},"o":{"x":[0.3,0.3,0.3],"y":[0,0,0]},"t":59,"s":[96,103,100]},{"i":{"x":[0.7,0.7,0.7],"y":[1,1,1]},"o":{"x":[0.4,0.4,0.4],"y":[0,0,0]},"t":88,"s":[101,99,100]},{"i":{"x":[0.4,0.4,0.4],"y":[1,1,1]},"o":{"x":[0.3,0.3,0.3],"y":[0,0,0]},"t":102,"s":[96,103,100]},{"i":{"x":[0.41,0.41,0.41],"y":[1,1,1]},"o":{"x":[0.3,0.3,0.3],"y":[0,0,0]},"t":113,"s":[103,96,100]},{"i":{"x":[0.4,0.4,0.4],"y":[1,1,1]},"o":{"x":[0.3,0.3,0.3],"y":[0,0,0]},"t":132,"s":[99,102,100]},{"t":174,"s":[100,100,100]}]}},"ao":0,"shapes":[{"ty":"gr","it":[{"ty":"gr","it":[{"ind":0,"ty":"sh","ks":{"a":1,"k":[{"i":{"x":0.6,"y":1},"o":{"x":0.59,"y":0},"t":0,"s":[{"i":[[0,0],[-7.723,-1.278]],"o":[[0,0],[0,0]],"v":[[15.018,-182.916],[27.608,-181.378]],"c":false}]},{"i":{"x":0.7,"y":1},"o":{"x":0.5,"y":0},"t":19,"s":[{"i":[[0,0],[-7.723,-1.231]],"o":[[0,0],[0,0]],"v":[[15.018,-174.675],[27.608,-173.193]],"c":false}]},{"i":{"x":0.7,"y":1},"o":{"x":0.3,"y":0},"t":59,"s":[{"i":[[0,0],[-7.723,-1.278]],"o":[[0,0],[0,0]],"v":[[15.018,-182.916],[27.608,-181.378]],"c":false}]},{"i":{"x":0.7,"y":1},"o":{"x":0.4,"y":0},"t":88,"s":[{"i":[[0,0],[-7.723,-1.265]],"o":[[0,0],[0,0]],"v":[[15.018,-180.966],[27.608,-179.444]],"c":false}]},{"i":{"x":0.615,"y":1},"o":{"x":0.528,"y":0},"t":102,"s":[{"i":[[0,0],[-7.311,-1.278]],"o":[[0,0],[0,0]],"v":[[14.217,-182.916],[26.135,-181.378]],"c":false}]},{"i":{"x":0.41,"y":1},"o":{"x":0.5,"y":0},"t":113,"s":[{"i":[[0,0],[-7.612,-1.24]],"o":[[0,0],[0,0]],"v":[[14.802,-170.275],[27.211,-168.782]],"c":false}]},{"i":{"x":0.7,"y":1},"o":{"x":0.3,"y":0},"t":132,"s":[{"i":[[0,0],[-7.521,-1.3]],"o":[[0,0],[0,0]],"v":[[14.626,-186.163],[26.888,-184.597]],"c":false}]},{"t":151,"s":[{"i":[[0,0],[-7.723,-1.278]],"o":[[0,0],[0,0]],"v":[[15.018,-182.916],[27.608,-181.378]],"c":false}]}]},"nm":"Path 1","hd":false},{"ty":"st","c":{"a":0,"k":[1,1,1,1]},"o":{"a":0,"k":100},"w":{"a":0,"k":6},"lc":2,"lj":2,"bm":0,"nm":"Stroke 1","hd":false},{"ty":"tr","p":{"a":0,"k":[0,0]},"a":{"a":0,"k":[0,0]},"s":{"a":0,"k":[100,100]},"r":{"a":0,"k":0},"o":{"a":0,"k":100},"sk":{"a":0,"k":0},"sa":{"a":0,"k":0},"nm":"Transform"}],"nm":"Group 1","bm":0,"hd":false},{"ty":"gr","it":[{"ind":0,"ty":"sh","ks":{"a":1,"k":[{"i":{"x":0.6,"y":1},"o":{"x":0.59,"y":0},"t":0,"s":[{"i":[[0,0],[-1.644,-0.406]],"o":[[1.538,0.335],[0,0]],"v":[[36.373,-179.697],[41.15,-178.586]],"c":false}]},{"i":{"x":0.7,"y":1},"o":{"x":0.5,"y":0},"t":19,"s":[{"i":[[0,0],[-1.644,-0.391]],"o":[[1.538,0.323],[0,0]],"v":[[36.373,-171.574],[41.15,-170.504]],"c":false}]},{"i":{"x":0.7,"y":1},"o":{"x":0.3,"y":0},"t":59,"s":[{"i":[[0,0],[-1.644,-0.406]],"o":[[1.538,0.335],[0,0]],"v":[[36.373,-179.697],[41.15,-178.586]],"c":false}]},{"i":{"x":0.7,"y":1},"o":{"x":0.4,"y":0},"t":88,"s":[{"i":[[0,0],[-1.644,-0.402]],"o":[[1.538,0.332],[0,0]],"v":[[36.373,-177.78],[41.15,-176.681]],"c":false}]},{"i":{"x":0.615,"y":1},"o":{"x":0.528,"y":0},"t":102,"s":[{"i":[[0,0],[-1.557,-0.406]],"o":[[1.456,0.335],[0,0]],"v":[[34.432,-179.697],[38.955,-178.586]],"c":false}]},{"i":{"x":0.41,"y":1},"o":{"x":0.5,"y":0},"t":113,"s":[{"i":[[0,0],[-1.621,-0.394]],"o":[[1.515,0.325],[0,0]],"v":[[35.849,-167.151],[40.558,-166.073]],"c":false}]},{"i":{"x":0.7,"y":1},"o":{"x":0.3,"y":0},"t":132,"s":[{"i":[[0,0],[-1.602,-0.413]],"o":[[1.497,0.341],[0,0]],"v":[[35.424,-182.887],[40.076,-181.757]],"c":false}]},{"t":151,"s":[{"i":[[0,0],[-1.644,-0.406]],"o":[[1.538,0.335],[0,0]],"v":[[36.373,-179.697],[41.15,-178.586]],"c":false}]}]},"nm":"Path 1","hd":false},{"ty":"st","c":{"a":0,"k":[1,1,1,1]},"o":{"a":0,"k":100},"w":{"a":0,"k":6},"lc":2,"lj":2,"bm":0,"nm":"Stroke 1","hd":false},{"ty":"tr","p":{"a":0,"k":[0,0]},"a":{"a":0,"k":[0,0]},"s":{"a":0,"k":[100,100]},"r":{"a":0,"k":0},"o":{"a":0,"k":100},"sk":{"a":0,"k":0},"sa":{"a":0,"k":0},"nm":"Transform"}],"nm":"Group 2","bm":0,"hd":false},{"ty":"tr","p":{"a":0,"k":[0,0]},"a":{"a":0,"k":[0,0]},"s":{"a":0,"k":[100,100]},"r":{"a":0,"k":0},"o":{"a":0,"k":100},"sk":{"a":0,"k":0},"sa":{"a":0,"k":0},"nm":"Transform"}],"nm":"Group 1","bm":0,"hd":false},{"ty":"gr","it":[{"ind":0,"ty":"sh","ks":{"a":1,"k":[{"i":{"x":0.6,"y":1},"o":{"x":0.59,"y":0},"t":0,"s":[{"i":[[0,-72.643],[82.438,0],[0,72.643],[-82.438,0]],"o":[[0,72.643],[-82.438,0],[0,-72.643],[82.438,0]],"v":[[149.268,-52.384],[0,-37.205],[-149.267,-52.384],[0,-183.916]],"c":true}]},{"i":{"x":0.7,"y":1},"o":{"x":0.5,"y":0},"t":19,"s":[{"i":[[0,-69.973],[82.438,0],[0,69.973],[-82.438,0]],"o":[[0,69.973],[-82.438,0],[0,-69.973],[82.438,0]],"v":[[149.268,-48.94],[0,-34.319],[-149.267,-48.94],[0,-175.638]],"c":true}]},{"i":{"x":0.7,"y":1},"o":{"x":0.3,"y":0},"t":59,"s":[{"i":[[0,-72.643],[82.438,0],[0,72.643],[-82.438,0]],"o":[[0,72.643],[-82.438,0],[0,-72.643],[82.438,0]],"v":[[149.268,-52.384],[0,-37.205],[-149.267,-52.384],[0,-183.916]],"c":true}]},{"i":{"x":0.7,"y":1},"o":{"x":0.4,"y":0},"t":88,"s":[{"i":[[0,-71.877],[82.438,0],[0,71.877],[-82.438,0]],"o":[[0,71.877],[-82.438,0],[0,-71.877],[82.438,0]],"v":[[149.268,-51.81],[0,-36.792],[-149.267,-51.81],[0,-181.955]],"c":true}]},{"i":{"x":0.615,"y":1},"o":{"x":0.528,"y":0},"t":102,"s":[{"i":[[0,-72.643],[78.04,0],[0,72.643],[-78.04,0]],"o":[[0,72.643],[-78.04,0],[0,-72.643],[78.04,0]],"v":[[141.304,-52.384],[0,-37.205],[-141.304,-52.384],[0,-183.916]],"c":true}]},{"i":{"x":0.41,"y":1},"o":{"x":0.5,"y":0},"t":113,"s":[{"i":[[0,-70.485],[81.252,0],[0,70.485],[-81.252,0]],"o":[[0,70.485],[-81.252,0],[0,-70.485],[81.252,0]],"v":[[147.12,-43.621],[0,-28.893],[-147.119,-43.621],[0,-171.245]],"c":true}]},{"i":{"x":0.7,"y":1},"o":{"x":0.3,"y":0},"t":132,"s":[{"i":[[0,-73.914],[80.287,0],[0,73.914],[-80.287,0]],"o":[[0,73.914],[-80.287,0],[0,-73.914],[80.287,0]],"v":[[145.372,-53.346],[0,-37.902],[-145.372,-53.346],[0,-187.18]],"c":true}]},{"t":151,"s":[{"i":[[0,-72.643],[82.438,0],[0,72.643],[-82.438,0]],"o":[[0,72.643],[-82.438,0],[0,-72.643],[82.438,0]],"v":[[149.268,-52.384],[0,-37.205],[-149.267,-52.384],[0,-183.916]],"c":true}]}]},"nm":"Path 1","hd":false},{"ty":"fl","c":{"a":0,"k":[1,0.870588243008,0.40000000596,1]},"o":{"a":0,"k":100},"r":1,"bm":0,"nm":"Fill 1","hd":false},{"ty":"tr","p":{"a":0,"k":[0,0]},"a":{"a":0,"k":[0,0]},"s":{"a":0,"k":[100,100]},"r":{"a":0,"k":0},"o":{"a":0,"k":90},"sk":{"a":0,"k":0},"sa":{"a":0,"k":0},"nm":"Transform"}],"nm":"Group 2","bm":0,"hd":false},{"ty":"gr","it":[{"ind":0,"ty":"sh","ks":{"a":1,"k":[{"i":{"x":0.6,"y":1},"o":{"x":0.59,"y":0},"t":0,"s":[{"i":[[1.457,-95.029],[92.978,1.425],[-1.457,95.029],[-92.978,-1.425]],"o":[[-1.456,95.028],[-92.978,-1.425],[1.456,-95.029],[92.978,1.425]],"v":[[168.407,-9.242],[-2.582,160.241],[-168.296,-14.403],[2.693,-183.887]],"c":true}]},{"i":{"x":0.7,"y":1},"o":{"x":0.5,"y":0},"t":19,"s":[{"i":[[1.456,-91.536],[92.978,1.373],[-1.456,91.536],[-92.978,-1.373]],"o":[[-1.456,91.536],[-92.978,-1.373],[1.456,-91.536],[92.978,1.373]],"v":[[168.407,-7.384],[-2.582,155.87],[-168.296,-12.356],[2.693,-175.61]],"c":true}]},{"i":{"x":0.7,"y":1},"o":{"x":0.3,"y":0},"t":59,"s":[{"i":[[1.457,-95.029],[92.978,1.425],[-1.457,95.029],[-92.978,-1.425]],"o":[[-1.456,95.028],[-92.978,-1.425],[1.456,-95.029],[92.978,1.425]],"v":[[168.407,-9.242],[-2.582,160.241],[-168.296,-14.403],[2.693,-183.887]],"c":true}]},{"i":{"x":0.7,"y":1},"o":{"x":0.4,"y":0},"t":88,"s":[{"i":[[1.456,-94.026],[92.978,1.41],[-1.456,94.026],[-92.978,-1.41]],"o":[[-1.456,94.026],[-92.978,-1.41],[1.456,-94.026],[92.978,1.41]],"v":[[168.407,-9.124],[-2.582,158.572],[-168.296,-14.23],[2.693,-181.927]],"c":true}]},{"i":{"x":0.615,"y":1},"o":{"x":0.528,"y":0},"t":102,"s":[{"i":[[1.379,-95.028],[88.018,1.425],[-1.379,95.029],[-88.018,-1.425]],"o":[[-1.379,95.028],[-88.018,-1.425],[1.379,-95.029],[88.018,1.425]],"v":[[159.423,-9.242],[-2.444,160.241],[-159.317,-14.403],[2.549,-183.887]],"c":true}]},{"i":{"x":0.41,"y":1},"o":{"x":0.5,"y":0},"t":113,"s":[{"i":[[1.435,-92.205],[91.64,1.383],[-1.436,92.205],[-91.64,-1.383]],"o":[[-1.435,92.205],[-91.64,-1.383],[1.436,-92.205],[91.64,1.383]],"v":[[165.984,-1.762],[-2.545,162.686],[-165.874,-6.769],[2.654,-171.217]],"c":true}]},{"i":{"x":0.7,"y":1},"o":{"x":0.3,"y":0},"t":132,"s":[{"i":[[1.418,-96.691],[90.552,1.45],[-1.418,96.691],[-90.552,-1.45]],"o":[[-1.418,96.691],[-90.552,-1.45],[1.418,-96.691],[90.552,1.45]],"v":[[164.012,-9.45],[-2.514,162.999],[-163.904,-14.702],[2.623,-187.151]],"c":true}]},{"t":151,"s":[{"i":[[1.457,-95.029],[92.978,1.425],[-1.457,95.029],[-92.978,-1.425]],"o":[[-1.456,95.028],[-92.978,-1.425],[1.456,-95.029],[92.978,1.425]],"v":[[168.407,-9.242],[-2.582,160.241],[-168.296,-14.403],[2.693,-183.887]],"c":true}]}]},"nm":"Path 1","hd":false},{"ty":"fl","c":{"a":0,"k":[1,0.811764717102,0,1]},"o":{"a":0,"k":100},"r":1,"bm":0,"nm":"Fill 1","hd":false},{"ty":"tr","p":{"a":0,"k":[0,0]},"a":{"a":0,"k":[0,0]},"s":{"a":0,"k":[100,100]},"r":{"a":0,"k":0},"o":{"a":0,"k":100},"sk":{"a":0,"k":0},"sa":{"a":0,"k":0},"nm":"Transform"}],"nm":"Group 3","bm":0,"hd":false},{"ty":"gr","it":[{"ind":0,"ty":"sh","ks":{"a":1,"k":[{"i":{"x":0.6,"y":1},"o":{"x":0.59,"y":0},"t":0,"s":[{"i":[[0,-104.313],[104.313,0],[0,104.313],[-104.313,0]],"o":[[0,104.313],[-104.313,0],[0,-104.313],[104.313,0]],"v":[[188.875,-8.194],[0,180.681],[-188.875,-8.194],[0,-197.069]],"c":true}]},{"i":{"x":0.7,"y":1},"o":{"x":0.5,"y":0},"t":19,"s":[{"i":[[0,-100.479],[104.313,0],[0,100.479],[-104.313,0]],"o":[[0,100.479],[-104.313,0],[0,-100.479],[104.313,0]],"v":[[188.875,-6.375],[0,175.559],[-188.875,-6.375],[0,-188.308]],"c":true}]},{"i":{"x":0.7,"y":1},"o":{"x":0.3,"y":0},"t":59,"s":[{"i":[[0,-104.313],[104.313,0],[0,104.313],[-104.313,0]],"o":[[0,104.313],[-104.313,0],[0,-104.313],[104.313,0]],"v":[[188.875,-8.194],[0,180.681],[-188.875,-8.194],[0,-197.069]],"c":true}]},{"i":{"x":0.7,"y":1},"o":{"x":0.4,"y":0},"t":88,"s":[{"i":[[0,-103.213],[104.313,0],[0,103.213],[-104.313,0]],"o":[[0,103.213],[-104.313,0],[0,-103.213],[104.313,0]],"v":[[188.875,-8.087],[0,178.797],[-188.875,-8.087],[0,-194.97]],"c":true}]},{"i":{"x":0.615,"y":1},"o":{"x":0.528,"y":0},"t":102,"s":[{"i":[[0,-104.313],[98.748,0],[0,104.313],[-98.748,0]],"o":[[0,104.313],[-98.748,0],[0,-104.313],[98.748,0]],"v":[[178.799,-8.194],[0,180.681],[-178.799,-8.194],[0,-197.069]],"c":true}]},{"i":{"x":0.41,"y":1},"o":{"x":0.5,"y":0},"t":113,"s":[{"i":[[0,-101.213],[102.812,0],[0,101.213],[-102.812,0]],"o":[[0,101.213],[-102.812,0],[0,-101.213],[102.812,0]],"v":[[186.158,-0.744],[0,182.518],[-186.158,-0.744],[0,-184.007]],"c":true}]},{"i":{"x":0.7,"y":1},"o":{"x":0.3,"y":0},"t":132,"s":[{"i":[[0,-106.138],[101.591,0],[0,106.138],[-101.591,0]],"o":[[0,106.138],[-101.591,0],[0,-106.138],[101.591,0]],"v":[[183.946,-8.384],[0,183.796],[-183.946,-8.384],[0,-200.564]],"c":true}]},{"t":151,"s":[{"i":[[0,-104.313],[104.313,0],[0,104.313],[-104.313,0]],"o":[[0,104.313],[-104.313,0],[0,-104.313],[104.313,0]],"v":[[188.875,-8.194],[0,180.681],[-188.875,-8.194],[0,-197.069]],"c":true}]}]},"nm":"Path 1","hd":false},{"ty":"st","c":{"a":0,"k":[1,0.46274510026,0.164705887437,1]},"o":{"a":0,"k":100},"w":{"a":0,"k":8},"lc":1,"lj":1,"ml":10,"bm":0,"nm":"Stroke 1","hd":false},{"ty":"fl","c":{"a":0,"k":[1,0.678431391716,0,1]},"o":{"a":0,"k":100},"r":1,"bm":0,"nm":"Fill 1","hd":false},{"ty":"tr","p":{"a":0,"k":[0,0]},"a":{"a":0,"k":[0,0]},"s":{"a":0,"k":[100,100]},"r":{"a":0,"k":0},"o":{"a":0,"k":100},"sk":{"a":0,"k":0},"sa":{"a":0,"k":0},"nm":"Transform"}],"nm":"Group 4","bm":0,"hd":false},{"ty":"gr","it":[{"ind":0,"ty":"sh","ks":{"a":1,"k":[{"i":{"x":0.6,"y":1},"o":{"x":0.59,"y":0},"t":0,"s":[{"i":[[0,-108.261],[88.443,-18.953],[14.158,0],[20.222,7.053],[0,85.634],[-108.261,0]],"o":[[0,94.103],[-13.307,2.852],[-22.627,0],[-76.533,-26.694],[0,-108.261],[108.261,0]],"v":[[196.025,5.045],[41.273,196.717],[0,201.069],[-64.581,190.182],[-196.025,5.045],[0,-190.98]],"c":true}]},{"i":{"x":0.7,"y":1},"o":{"x":0.5,"y":0},"t":19,"s":[{"i":[[0,-104.282],[88.443,-18.257],[14.158,0],[20.222,6.794],[0,82.487],[-108.261,0]],"o":[[0,90.644],[-13.307,2.747],[-22.627,0],[-76.533,-25.713],[0,-104.282],[108.261,0]],"v":[[196.025,6.378],[41.273,191.005],[0,195.197],[-64.581,184.71],[-196.025,6.378],[0,-182.442]],"c":true}]},{"i":{"x":0.7,"y":1},"o":{"x":0.3,"y":0},"t":59,"s":[{"i":[[0,-108.261],[88.443,-18.953],[14.158,0],[20.222,7.053],[0,85.634],[-108.261,0]],"o":[[0,94.103],[-13.307,2.852],[-22.627,0],[-76.533,-26.694],[0,-108.261],[108.261,0]],"v":[[196.025,5.045],[41.273,196.717],[0,201.069],[-64.581,190.182],[-196.025,5.045],[0,-190.98]],"c":true}]},{"i":{"x":0.833,"y":1},"o":{"x":0.4,"y":0},"t":88,"s":[{"i":[[0,-107.119],[88.443,-18.753],[14.158,0],[20.222,6.979],[0,84.731],[-108.261,0]],"o":[[0,93.111],[-13.307,2.822],[-22.627,0],[-76.533,-26.412],[0,-107.119],[108.261,0]],"v":[[196.025,5.013],[41.273,194.663],[0,198.97],[-64.581,188.198],[-196.025,5.013],[0,-188.944]],"c":true}]},{"i":{"x":0.7,"y":1},"o":{"x":0.715,"y":0},"t":102,"s":[{"i":[[0,-108.261],[83.725,-18.953],[13.403,0],[19.143,7.053],[0,85.634],[-102.486,0]],"o":[[0,94.103],[-12.597,2.852],[-21.42,0],[-72.45,-26.694],[0,-108.261],[102.486,0]],"v":[[185.567,5.045],[39.071,196.717],[0,201.069],[-61.135,190.182],[-185.567,5.045],[0,-190.98]],"c":true}]},{"i":{"x":0.4,"y":0.699},"o":{"x":0.3,"y":0},"t":109,"s":[{"i":[[0,-108.261],[87.608,-21.58],[29.386,-0.174],[2.117,13.737],[0,85.828],[-108.261,0]],"o":[[0,94.276],[-6.159,18.409],[-42.211,0.855],[-75.357,-23.075],[0,-108.261],[108.261,0]],"v":[[196.025,5.045],[46.687,196.553],[-7.859,234.06],[-65.381,189.471],[-196.025,5.045],[0,-190.98]],"c":true}]},{"i":{"x":0.833,"y":1},"o":{"x":0.28,"y":0.141},"t":113,"s":[{"i":[[0,-105.044],[49.778,-24.108],[39.318,-4.283],[12.252,27.496],[0,83.456],[-106.704,0]],"o":[[0,91.634],[0.551,16.415],[-50.486,5.5],[-104.692,-30.52],[0,-105.044],[106.704,0]],"v":[[193.204,12.101],[80.517,191.101],[35.925,241.102],[-43.805,198.013],[-193.204,12.101],[0,-178.098]],"c":true}]},{"i":{"x":0.634,"y":1},"o":{"x":0.28,"y":0},"t":129,"s":[{"i":[[0,-110.156],[68.803,-21.667],[13.775,-0.645],[16.897,3.45],[0,87.133],[-105.436,0]],"o":[[0,95.749],[-12.69,3.996],[-22.23,1.04],[-91.281,-18.636],[0,-110.156],[105.436,0]],"v":[[190.909,5.087],[60.275,196.753],[18.167,204.8],[-44.012,199.925],[-190.909,5.087],[0,-194.367]],"c":true}]},{"t":151,"s":[{"i":[[0,-108.261],[88.443,-18.953],[14.158,0],[20.222,7.053],[0,85.634],[-108.261,0]],"o":[[0,94.103],[-13.307,2.852],[-22.627,0],[-76.533,-26.694],[0,-108.261],[108.261,0]],"v":[[196.025,5.045],[41.273,196.717],[0,201.069],[-64.581,190.182],[-196.025,5.045],[0,-190.98]],"c":true}]}]},"nm":"Path 1","hd":false},{"ty":"fl","c":{"a":0,"k":[0,0,0,1]},"o":{"a":0,"k":100},"r":1,"bm":0,"nm":"Fill 1","hd":false},{"ty":"tr","p":{"a":0,"k":[0,0]},"a":{"a":0,"k":[0,0]},"s":{"a":0,"k":[100,100]},"r":{"a":0,"k":0},"o":{"a":0,"k":10},"sk":{"a":0,"k":0},"sa":{"a":0,"k":0},"nm":"Transform"}],"nm":"Group 5","bm":0,"hd":false}],"ip":0,"op":180,"st":0,"bm":0}]}